"sim","n_m1","n_0","n_p1","cov.sim.index","beta_cov_sim","beta_cov_proxy_sim","beta_cov_est","beta_cov_SE","beta_cov_95LCI","beta_cov_95UCI","beta_cov_in_95CI","beta_cov_est_new","beta_cov_SE_new","beta_cov_95LCI_new","beta_cov_95UCI_new","beta_cov_in_95CI_new","beta_cov_proxy_est_new","beta_cov_proxy_SE_new","beta_cov_proxy_95LCI_new","beta_cov_proxy_95UCI_new","beta_cov_proxy_in_95CI_new","converg_mess_baseline","converg_mess_new","AICc_baseline","AICc_new","beta_sim_factor","proxy_factor","deltaAICc"
1,15,10,5,1,0.5,1,0.182310853624955,0.143011915576411,-0.0979873502648938,0.462609057514804,NA,0.527693378996522,0.0343383881149814,0.460391375004001,0.594995382989044,NA,1.03261614093663,0.041704265445133,0.950877282662466,1.11435499921078,NA,0,0,37650.7914558166,37545.8902477322,"0.5 1","-1: 15, 0: 10, +1: 5",104.901208084426
2,15,10,5,2,0.5,1,0.0914640881785589,0.132056836119022,-0.167362554527033,0.350290730884151,NA,0.408553902003946,0.0308891630649432,0.348012254884072,0.469095549123819,NA,0.947137428791001,0.037591589492916,0.873459267263271,1.02081559031873,NA,0,0,37640.6070963233,37545.2022971022,"0.5 1","-1: 15, 0: 10, +1: 5",95.4047992210835
3,15,10,5,3,0.5,1,0.144197773505324,0.144254187674556,-0.138535238955888,0.426930785966536,NA,0.489273820736371,0.0371341451066532,0.416492233730647,0.562055407742096,NA,1.02140079883632,0.0467203668199954,0.929830562524627,1.11297103514801,NA,0,0,37525.4754456571,37440.900743593,"0.5 1","-1: 15, 0: 10, +1: 5",84.5747020640847
4,15,10,5,4,0.5,1,0.133568708548663,0.137390534628608,-0.135711791140111,0.402849208237438,NA,0.461511460817103,0.0379854150161421,0.387061415447657,0.535961506186548,NA,0.978577445123701,0.0466192458881293,0.88720540219655,1.06994948805085,NA,0,0,37700.3863404417,37618.6010765164,"0.5 1","-1: 15, 0: 10, +1: 5",81.7852639252524
5,15,10,5,5,0.5,1,0.154534782242858,0.131063338650016,-0.10234464120475,0.411414205690466,NA,0.465223023883738,0.0349485315217188,0.396725160788606,0.53372088697887,NA,0.936371894845969,0.0429129109242528,0.852264134962658,1.02047965472928,NA,0,0,37804.3452186908,37718.6465069078,"0.5 1","-1: 15, 0: 10, +1: 5",85.6987117829995
6,15,10,5,6,0.5,1,0.115252802766112,0.128807883882237,-0.137206010567891,0.367711616100114,NA,0.426356272208366,0.0347081612217158,0.358329526244193,0.494383018172538,NA,0.933672580261947,0.0418365336705539,0.851674481029664,1.01567067949423,NA,0,0,37798.4738299811,37699.672074676,"0.5 1","-1: 15, 0: 10, +1: 5",98.8017553050449
7,15,10,5,7,0.5,1,0.216908423017966,0.152753579967804,-0.0824830922284896,0.516299938264422,NA,0.583062290434759,0.0390132086012763,0.506597806654909,0.659526774214608,NA,1.09527332785965,0.0479276198103472,1.00133691916664,1.18920973655266,NA,0,0,37523.9399520384,37437.5937735739,"0.5 1","-1: 15, 0: 10, +1: 5",86.3461784645115
8,15,10,5,8,0.5,1,0.166953108730897,0.139702863044048,-0.106859471372569,0.440765688834363,NA,0.501189129901869,0.0403732992859487,0.422058917364353,0.580319342439385,NA,0.999806241310676,0.0486295673167154,0.904494040786148,1.0951184418352,NA,0,0,37677.7113441055,37594.1749306996,"0.5 1","-1: 15, 0: 10, +1: 5",83.5364134059419
9,15,10,5,9,0.5,1,0.170851630785715,0.137362185540536,-0.0983733057114441,0.440076567282874,NA,0.498962369830838,0.0311402614342178,0.437928578950609,0.559996160711066,NA,0.986994397884337,0.0364430258238911,0.915567379781848,1.05842141598683,NA,0,0,37585.8436791015,37487.0445423916,"0.5 1","-1: 15, 0: 10, +1: 5",98.7991367098875
10,15,10,5,10,0.5,1,0.162525369548012,0.140611332862385,-0.113067778680436,0.43811851777646,NA,0.502550108278787,0.0283699216979933,0.446946083506499,0.558154133051075,NA,1.01422245481286,0.0347934991137782,0.946028449653729,1.08241645997199,NA,0,0,37113.2498897333,37011.8360092383,"0.5 1","-1: 15, 0: 10, +1: 5",101.413880495056
11,15,10,5,11,0.5,1,0.153610353462527,0.142277286635092,-0.125248004160335,0.432468711085389,NA,0.492437566382624,0.0348454114116657,0.424141814989278,0.560733317775969,NA,1.01280503040608,0.0433540145664397,0.927832723270629,1.09777733754152,NA,0,0,37707.228659124,37619.4712251953,"0.5 1","-1: 15, 0: 10, +1: 5",87.7574339286875
12,15,10,5,12,0.5,1,0.209512616445247,0.139221255177225,-0.0633560295845742,0.482381262475069,NA,0.543363406910614,0.0307247583639574,0.483143987083562,0.603582826737666,NA,1.00064696987813,0.038260816394786,0.925657147725253,1.07563679203101,NA,0,0,37491.0625880555,37395.240910923,"0.5 1","-1: 15, 0: 10, +1: 5",95.8216771325606
13,15,10,5,13,0.5,1,0.119024088828192,0.137316215117033,-0.150110747294548,0.388158924950932,NA,0.451162771634209,0.0342010681635925,0.384129909800768,0.51819563346765,NA,0.992940782775489,0.0417790929325885,0.911055265320864,1.07482630023011,NA,0,0,37713.1598286332,37610.9729877904,"0.5 1","-1: 15, 0: 10, +1: 5",102.186840842754
14,15,10,5,14,0.5,1,0.175954549243202,0.140622740125654,-0.0996609568104142,0.451570055296819,NA,0.515740200914022,0.0366114634181087,0.443983051193223,0.58749735063482,NA,1.01468801941908,0.0446781943218939,0.927120367653881,1.10225567118427,NA,0,0,37745.0179523566,37648.7363893552,"0.5 1","-1: 15, 0: 10, +1: 5",96.2815630013574
15,15,10,5,15,0.5,1,0.14998824589138,0.131858056514104,-0.108448795947711,0.40842528773047,NA,0.468037600805077,0.0311482561796947,0.406988140511648,0.529087061098506,NA,0.955040651488598,0.0386348422552415,0.879317752119938,1.03076355085726,NA,0,0,37672.3820242873,37570.8757432885,"0.5 1","-1: 15, 0: 10, +1: 5",101.506280998809
16,15,10,5,16,0.5,1,0.146973971970157,0.136732764449726,-0.121017321857904,0.414965265798218,NA,0.472853075668177,0.029623119178381,0.414792828968812,0.530913322367541,NA,0.987076559994766,0.0381151319692113,0.912372274069121,1.06178084592041,NA,0,0,37527.6308746674,37423.9353026111,"0.5 1","-1: 15, 0: 10, +1: 5",103.695572056349
17,15,10,5,17,0.5,1,0.135612373831207,0.133858827214469,-0.126746106521923,0.397970854184337,NA,0.45009954950317,0.030413180274396,0.39049081151003,0.50970828749631,NA,0.945227553813685,0.0394250884812789,0.867955800303073,1.0224993073243,NA,0,0,37615.3864980648,37527.6107570023,"0.5 1","-1: 15, 0: 10, +1: 5",87.7757410625636
18,15,10,5,18,0.5,1,0.180685512186854,0.139470634891999,-0.0926719091023993,0.454042933476108,NA,0.52343341330154,0.0367095742435816,0.451483969896321,0.595382856706759,NA,1.01491926795454,0.04555118523051,0.925640585449624,1.10419795045945,NA,0,0,37746.8560860392,37646.51432048,"0.5 1","-1: 15, 0: 10, +1: 5",100.34176555914
19,15,10,5,19,0.5,1,0.119831974150121,0.136848971698113,-0.148387081699522,0.388051029999764,NA,0.452455281632344,0.0323276749559473,0.389094203014769,0.515816360249918,NA,0.987488005670353,0.0398943943818634,0.909296429496864,1.06567958184384,NA,0,0,37613.5234119687,37519.6655841528,"0.5 1","-1: 15, 0: 10, +1: 5",93.8578278158602
20,15,10,5,20,0.5,1,0.123365823414354,0.13373898772331,-0.138757775852179,0.385489422680887,NA,0.448584734027646,0.0307230727657462,0.38836861791238,0.508800850142911,NA,0.967486610586149,0.0387357807485667,0.891565875405919,1.04340734576638,NA,0,0,37609.2888648701,37505.7122691266,"0.5 1","-1: 15, 0: 10, +1: 5",103.576595743492
21,15,10,5,21,0.5,1,0.116654718929058,0.144976597189496,-0.167494190163526,0.400803628021641,NA,0.464297417263021,0.0403556067425255,0.385201881473409,0.543392953052632,NA,1.03668547408994,0.0494535621780929,0.939758273313667,1.13361267486622,NA,0,0,37575.8991354144,37493.5891374639,"0.5 1","-1: 15, 0: 10, +1: 5",82.3099979505059
22,15,10,5,22,0.5,1,0.173655692719286,0.147477164854792,-0.115394238938182,0.462705624376754,NA,0.519683819052923,0.0422104748757231,0.436952808526173,0.602414829579673,NA,1.03835339319436,0.0525980564251513,0.935263096944263,1.14144368944447,NA,0,0,37606.4079866782,37529.2309470223,"0.5 1","-1: 15, 0: 10, +1: 5",77.1770396559077
23,15,10,5,23,0.5,1,0.172799413925015,0.136604921435998,-0.0949413122004641,0.440540140050493,NA,0.505367010883258,0.0335310415236305,0.439647377132825,0.571086644633691,NA,0.991752405282878,0.0412769797343084,0.910851011613044,1.07265379895271,NA,0,0,37660.5934463294,37552.7287560387,"0.5 1","-1: 15, 0: 10, +1: 5",107.864690290764
24,15,10,5,24,0.5,1,0.151515311783757,0.141274466646871,-0.125377554779215,0.42840817834673,NA,0.490001148461133,0.0338928568337375,0.423572369733835,0.556429927188431,NA,1.01834675334089,0.0419174973056485,0.936189968299766,1.10050353838202,NA,0,0,37678.9660059164,37582.3003983412,"0.5 1","-1: 15, 0: 10, +1: 5",96.6656075752253
25,15,10,5,25,0.5,1,0.191730224811424,0.141627947116909,-0.0858554507420604,0.469315900364908,NA,0.534048783012655,0.034408197646748,0.466609954852093,0.601487611173217,NA,1.01945093668843,0.042678610275988,0.935802397637275,1.10309947573959,NA,0,0,37548.9367967809,37456.2556950183,"0.5 1","-1: 15, 0: 10, +1: 5",92.681101762566
26,15,10,5,26,0.5,1,0.193592501807409,0.138019950883581,-0.0769216310723963,0.464106634687215,NA,0.524097837879929,0.0317518206298274,0.461865413001892,0.586330262757967,NA,0.987905380801825,0.0397019479084185,0.91009099278524,1.06571976881841,NA,0,0,37617.1302043521,37523.5765998849,"0.5 1","-1: 15, 0: 10, +1: 5",93.5536044672044
27,15,10,5,27,0.5,1,0.202719150152765,0.140629552571941,-0.0729097080502221,0.478348008355752,NA,0.538707414217881,0.0355368789359901,0.469056411380381,0.608358417055382,NA,1.0067401107012,0.0435062749765578,0.92146937864565,1.09201084275675,NA,0,0,37700.1283710455,37608.1905660244,"0.5 1","-1: 15, 0: 10, +1: 5",91.9378050210726
28,15,10,5,28,0.5,1,0.128654619330318,0.135248618689811,-0.136427802260501,0.393737040921137,NA,0.447540475306494,0.0407706182676313,0.367631531874506,0.527449418738482,NA,0.96172228821931,0.0494530980685977,0.864795997080931,1.05864857935769,NA,0,0,37812.3689529192,37734.5528677957,"0.5 1","-1: 15, 0: 10, +1: 5",77.8160851235152
29,15,10,5,29,0.5,1,0.134182890389764,0.141123464184704,-0.142414016785784,0.410779797565311,NA,0.474039884402013,0.0364911255111022,0.402518592644922,0.545561176159105,NA,1.00116048925146,0.0460238175016205,0.910955464517235,1.09136551398568,NA,0,0,37701.7698668467,37617.7250690046,"0.5 1","-1: 15, 0: 10, +1: 5",84.0447978420852
30,15,10,5,30,0.5,1,0.256632482346434,0.142531464554408,-0.0227240548439533,0.535989019536822,NA,0.600012899152045,0.0388145401756696,0.52393779833125,0.676087999972841,NA,1.02370902287403,0.0465823629657809,0.932409269146323,1.11500877660173,NA,0,0,37747.2488729292,37660.5269449234,"0.5 1","-1: 15, 0: 10, +1: 5",86.7219280057252
31,15,10,5,31,0.5,1,0.186788996425768,0.137898345545083,-0.0834867943702541,0.457064787221791,NA,0.515620849497488,0.0314028619329673,0.454072371097388,0.577169327897588,NA,0.987149014479725,0.039660645089515,0.90941557850065,1.0648824504588,NA,0,0,37584.8194378438,37490.8862733726,"0.5 1","-1: 15, 0: 10, +1: 5",93.9331644712511
32,15,10,5,32,0.5,1,0.177622441072702,0.1390120283288,-0.0948361278696081,0.450081010015013,NA,0.509296341511258,0.0412864244698008,0.428376436500016,0.590216246522501,NA,0.992329059309997,0.0495163287792156,0.89527883825609,1.0893792803639,NA,0,0,37770.0691939942,37690.6561386585,"0.5 1","-1: 15, 0: 10, +1: 5",79.4130553357318
33,15,10,5,33,0.5,1,0.176635750789225,0.140286077628983,-0.0983199088959714,0.451591410474421,NA,0.511022977040406,0.0303419359483839,0.451553875360352,0.570492078720459,NA,1.00581998112002,0.0378714342977214,0.931593333853611,1.08004662838643,NA,0,0,37444.6918381224,37351.0001151117,"0.5 1","-1: 15, 0: 10, +1: 5",93.6917230107138
34,15,10,5,34,0.5,1,0.157144315607195,0.13835269848201,-0.114021990581474,0.428310621795864,NA,0.490283857413192,0.0326350757200133,0.426320284369228,0.554247430457155,NA,0.996586816978946,0.0403170362101971,0.917566878043563,1.07560675591433,NA,0,0,37639.0789322502,37542.385255719,"0.5 1","-1: 15, 0: 10, +1: 5",96.6936765311839
35,15,10,5,35,0.5,1,0.141675024447927,0.130619369298004,-0.114334235059498,0.397684283955352,NA,0.458322827083441,0.0326914225524791,0.394248816277202,0.522396837889681,NA,0.937922136299187,0.0405109191030727,0.858522193876549,1.01732207872183,NA,0,0,37684.8605514916,37596.1147868033,"0.5 1","-1: 15, 0: 10, +1: 5",88.7457646883049
36,15,10,5,36,0.5,1,0.106498337942835,0.135072143800138,-0.158238199220051,0.37123487510572,NA,0.429741953909282,0.0339280165049647,0.363244263492671,0.496239644325893,NA,0.964724205169786,0.0419966555349965,0.882412272850058,1.04703613748951,NA,0,0,37597.0500469975,37509.5642522494,"0.5 1","-1: 15, 0: 10, +1: 5",87.4857947480778
37,15,10,5,37,0.5,1,0.211148122117999,0.152655784886538,-0.0880517182913096,0.510347962527308,NA,0.566046062045399,0.037444487471185,0.492656215182316,0.639435908908483,NA,1.08178570787168,0.0473008457024835,0.989077753856531,1.17449366188684,NA,0,0,37134.3102117198,37048.4229750028,"0.5 1","-1: 15, 0: 10, +1: 5",85.8872367170188
38,15,10,5,38,0.5,1,0.142725123622114,0.138798932919232,-0.129315785992171,0.414766033236399,NA,0.472821921729369,0.0339880583311131,0.40620655149594,0.539437291962797,NA,0.992421665851318,0.0421763516568423,0.909757535604611,1.07508579609803,NA,0,0,37703.1645874981,37611.5816410506,"0.5 1","-1: 15, 0: 10, +1: 5",91.5829464474737
39,15,10,5,39,0.5,1,0.112472129469364,0.138631747662704,-0.15924110306338,0.384185362002108,NA,0.442887839195159,0.0327157947622015,0.37876605973564,0.507009618654678,NA,0.987758405121395,0.0408088940538475,0.907774442526943,1.06774236771585,NA,0,0,37585.3077740708,37495.6399062192,"0.5 1","-1: 15, 0: 10, +1: 5",89.6678678516691
40,15,10,5,40,0.5,1,0.164761187689635,0.142624891176704,-0.114778462315649,0.44430083769492,NA,0.502437695546754,0.0324980652884204,0.438742658014219,0.566132733079289,NA,1.01580765982422,0.0406255249548025,0.936183094059773,1.09543222558866,NA,0,0,37576.5115132187,37481.9199095652,"0.5 1","-1: 15, 0: 10, +1: 5",94.59160365344
41,15,10,5,41,0.5,1,0.164433844933503,0.1395896242871,-0.10915679128469,0.438024481151696,NA,0.500308340053274,0.0338598426228826,0.43394426799023,0.566672412116318,NA,1.0065080500102,0.0401407597858026,0.927833606517949,1.08518249350244,NA,0,0,37653.9192184565,37556.4597550272,"0.5 1","-1: 15, 0: 10, +1: 5",97.4594634292807
42,15,10,5,42,0.5,1,0.215035789433448,0.138220056744224,-0.0558705437263132,0.485942122593209,NA,0.547749358476161,0.0308510009133358,0.487282507799011,0.608216209153312,NA,0.996828996294933,0.036430858270882,0.925425826158121,1.06823216643174,NA,0,0,37527.6482448252,37425.07150248,"0.5 1","-1: 15, 0: 10, +1: 5",102.576742345198
43,15,10,5,43,0.5,1,0.179046169075357,0.134133418891246,-0.0838505010747097,0.441942839225424,NA,0.495677749730111,0.0387175412029306,0.419792763402421,0.571562736057801,NA,0.94823937352444,0.0477600089475038,0.854631476086022,1.04184727096286,NA,0,0,37700.1825752762,37621.3312981675,"0.5 1","-1: 15, 0: 10, +1: 5",78.8512771086534
44,15,10,5,44,0.5,1,0.143290998844513,0.147099975902993,-0.145019656052062,0.431601653741088,NA,0.493994919872802,0.0321380853514594,0.431005430051868,0.556984409693737,NA,1.05275009068257,0.0400215998517908,0.974309196369383,1.13119098499575,NA,0,0,37556.1503762051,37461.7968428711,"0.5 1","-1: 15, 0: 10, +1: 5",94.3535333339823
45,15,10,5,45,0.5,1,0.202516074995793,0.126299469199652,-0.0450263359020501,0.450058485893637,NA,0.500918732867565,0.0363668614301918,0.429640994233631,0.5721964715015,NA,0.893605763155625,0.0446230550560616,0.806146182365597,0.981065343945654,NA,0,0,37837.7873716864,37754.8506273357,"0.5 1","-1: 15, 0: 10, +1: 5",82.9367443506926
46,15,10,5,46,0.5,1,0.1516681937122,0.1310360279556,-0.10515770175796,0.40849408918236,NA,0.465623695873411,0.0345336678008214,0.397938950729731,0.533308441017091,NA,0.941464621485652,0.0423874491131153,0.858386747827421,1.02454249514388,NA,0,0,37772.5829966581,37679.1918466095,"0.5 1","-1: 15, 0: 10, +1: 5",93.3911500486211
47,15,10,5,47,0.5,1,0.202707647542992,0.139371207030551,-0.0704548987187635,0.475870193804748,NA,0.534641506281074,0.0282277150146562,0.479316201486487,0.58996681107566,NA,1.00220369390548,0.0359735396027414,0.931696851887684,1.07271053592328,NA,0,0,37385.7034663209,37283.8540723275,"0.5 1","-1: 15, 0: 10, +1: 5",101.849393993325
48,15,10,5,48,0.5,1,0.140057469171343,0.138449426536142,-0.13129842051972,0.411413358862406,NA,0.468127534899366,0.0320804340613823,0.405251039530644,0.531004030268087,NA,0.991811965997039,0.0403288208474978,0.912768929596976,1.0708550023971,NA,0,0,37627.2258886021,37530.2540685655,"0.5 1","-1: 15, 0: 10, +1: 5",96.971820036626
49,15,10,5,49,0.5,1,0.15087344070429,0.143018798074904,-0.129438252634727,0.431185134043308,NA,0.499797560272838,0.0305153296872114,0.439988613109538,0.559606507436138,NA,1.03861759668046,0.0373005340470244,0.965509893344181,1.11172530001674,NA,0,0,37447.8977761571,37342.5678940441,"0.5 1","-1: 15, 0: 10, +1: 5",105.329882113052
50,15,10,5,50,0.5,1,0.181343061645358,0.129691598450088,-0.0728478004142448,0.43553392370496,NA,0.496067116034262,0.0363899897647543,0.424744046697562,0.567390185370961,NA,0.937539271594792,0.044014860882929,0.85127172947971,1.02380681370987,NA,0,0,37805.551377152,37718.3648742754,"0.5 1","-1: 15, 0: 10, +1: 5",87.1865028765969
51,15,10,5,51,0.5,1,0.171665142684942,0.145293811555073,-0.113105495139551,0.456435780509436,NA,0.524422851269817,0.0277089853666421,0.470114237903051,0.578731464636583,NA,1.05779794193183,0.0346556300155633,0.989874155239781,1.12572172862388,NA,0,0,37285.9179407783,37167.5944998028,"0.5 1","-1: 15, 0: 10, +1: 5",118.323440975444
52,15,10,5,52,0.5,1,0.157619854417581,0.140013018230794,-0.116800618681524,0.432040327516687,NA,0.495875859380758,0.0330003416090058,0.431196378349588,0.560555340411928,NA,1.01113013276474,0.0415491652450986,0.929695265296648,1.09256500023284,NA,0,0,37646.0928102882,37543.0049975581,"0.5 1","-1: 15, 0: 10, +1: 5",103.087812730118
53,15,10,5,53,0.5,1,0.127602394455355,0.131210513478132,-0.129565486354792,0.384770275265502,NA,0.448113256071413,0.0346070951398988,0.38028459598766,0.515941916155165,NA,0.957512477565549,0.0408228594517269,0.877501143294224,1.03752381183687,NA,0,0,37758.5707054781,37657.6452125604,"0.5 1","-1: 15, 0: 10, +1: 5",100.925492917653
54,15,10,5,54,0.5,1,0.151624793745691,0.143354298530942,-0.129344468403959,0.43259405589534,NA,0.487443045356847,0.0408858692239303,0.40730821420133,0.567577876512365,NA,1.01204220702717,0.0500142045604989,0.914016167373175,1.11006824668117,NA,0,0,37698.0454463496,37618.1108342155,"0.5 1","-1: 15, 0: 10, +1: 5",79.9346121340641
55,15,10,5,55,0.5,1,0.146784849619321,0.151704006250141,-0.150549538941395,0.444119238180036,NA,0.505104893499694,0.0300831383996642,0.446143025694418,0.56406676130497,NA,1.09066973333825,0.036391730094028,1.01934325301885,1.16199621365765,NA,0,0,37459.4997463384,37355.0201560585,"0.5 1","-1: 15, 0: 10, +1: 5",104.479590279981
56,15,10,5,56,0.5,1,0.136170435712301,0.148381006651445,-0.154650993314329,0.42699186473893,NA,0.497658955809475,0.0382816758981583,0.422628249781249,0.5726896618377,NA,1.07523405361,0.0462566764867536,0.984572633651446,1.16589547356856,NA,0,0,37671.4980233636,37580.1629634004,"0.5 1","-1: 15, 0: 10, +1: 5",91.3350599631594
57,15,10,5,57,0.5,1,0.16073841749384,0.140457927461135,-0.114554061673123,0.436030896660803,NA,0.502652213404627,0.0250394439009554,0.453575805165843,0.55172862164341,NA,1.02106807325016,0.0304190196730925,0.961447890245884,1.08068825625444,NA,0,0,37094.1737530454,36979.4050797016,"0.5 1","-1: 15, 0: 10, +1: 5",114.76867334378
58,15,10,5,58,0.5,1,0.215683272478187,0.144647670569952,-0.0678209522865322,0.499187497242907,NA,0.552635642311108,0.0258441916781936,0.501981957412298,0.603289327209917,NA,1.03363164472492,0.0348537873313136,0.965319476830728,1.10194381261911,NA,0,0,36953.4936863139,36851.4494072837,"0.5 1","-1: 15, 0: 10, +1: 5",102.044279030219
59,15,10,5,59,0.5,1,0.168203795919952,0.137981639712915,-0.102235248445144,0.438642840285047,NA,0.500281372877429,0.0246698525584491,0.451929350358956,0.548633395395903,NA,0.999783809299763,0.0311979825498527,0.938636887111743,1.06093073148778,NA,0,0,37132.0049375997,37018.5795028354,"0.5 1","-1: 15, 0: 10, +1: 5",113.425434764315
60,15,10,5,60,0.5,1,0.143348328756293,0.136365186520677,-0.123922525569321,0.410619183081908,NA,0.469727538450211,0.0271348337339961,0.416544241605096,0.522910835295326,NA,0.978741406598636,0.0346440422362986,0.910840331536607,1.04664248166067,NA,0,0,37395.7804171725,37292.2720020378,"0.5 1","-1: 15, 0: 10, +1: 5",103.508415134755
61,15,10,5,61,0.5,1,0.182972800131137,0.152595672894665,-0.116109222939061,0.482054823201336,NA,0.550506927932313,0.0374050937416039,0.477194291360425,0.623819564504202,NA,1.09958318840201,0.0450800699824435,1.01122787481587,1.18793850198814,NA,0,0,37658.7545433968,37558.2749105347,"0.5 1","-1: 15, 0: 10, +1: 5",100.479632862123
62,15,10,5,62,0.5,1,0.204394719948461,0.137198483407436,-0.0645093662636304,0.473298806160553,NA,0.532404242699555,0.0332846815948932,0.467167465536681,0.597641019862429,NA,0.981964528546994,0.0401886863712237,0.90319615067342,1.06073290642057,NA,0,0,37608.281676533,37513.9624697189,"0.5 1","-1: 15, 0: 10, +1: 5",94.3192068141216
63,15,10,5,63,0.5,1,0.137894144008589,0.137927896311855,-0.132439565226023,0.4082278532432,NA,0.470209786041139,0.0341770516314044,0.403223995745821,0.537195576336458,NA,0.992262679532322,0.0418497108076738,0.910238753585864,1.07428660547878,NA,0,0,37709.6385190598,37615.1212448987,"0.5 1","-1: 15, 0: 10, +1: 5",94.5172741610731
64,15,10,5,64,0.5,1,0.177674190091556,0.137356051181361,-0.0915387232825522,0.446887103465664,NA,0.50932857202447,0.0363403655653959,0.438102764331274,0.580554379717665,NA,0.988797804979795,0.0443286537543242,0.901915240138173,1.07568036982142,NA,0,0,37781.949679006,37690.1252247731,"0.5 1","-1: 15, 0: 10, +1: 5",91.8244542328466
65,15,10,5,65,0.5,1,0.188809721099672,0.139558279090987,-0.0847194796630513,0.462338921862395,NA,0.519266942602131,0.0243402855028098,0.471560859643202,0.566973025561061,NA,0.999582151811059,0.0315644863092631,0.937716895454396,1.06144740816772,NA,0,0,37042.597819116,36942.1274177282,"0.5 1","-1: 15, 0: 10, +1: 5",100.470401387844
66,15,10,5,66,0.5,1,0.17837940380677,0.126406526483903,-0.0693728355124887,0.426131643126029,NA,0.490241963425331,0.0277133004390871,0.435924892671982,0.54455903417868,NA,0.921747169788037,0.0344691999412068,0.854188779327361,0.989305560248712,NA,0,0,37431.3450841526,37320.8769381147,"0.5 1","-1: 15, 0: 10, +1: 5",110.4681460379
67,15,10,5,67,0.5,1,0.218857357304899,0.149522182724975,-0.0742007357258685,0.511915450335666,NA,0.578316274034637,0.0406382753234231,0.498666718006905,0.657965830062369,NA,1.0651008394208,0.0512300855936873,0.964691716732264,1.16550996210933,NA,0,0,37456.3092915588,37373.5960320312,"0.5 1","-1: 15, 0: 10, +1: 5",82.713259527598
68,15,10,5,68,0.5,1,0.156629606149437,0.142407106926604,-0.122483194569251,0.435742406868126,NA,0.497090510508164,0.0279397334206609,0.442329639266019,0.55185138175031,NA,1.02428393444614,0.0353903310369588,0.954920160212753,1.09364770867953,NA,0,0,37356.0891923496,37255.9224215432,"0.5 1","-1: 15, 0: 10, +1: 5",100.166770806427
69,15,10,5,69,0.5,1,0.150247815662859,0.134994313139073,-0.114336176207446,0.414831807533165,NA,0.480301061560363,0.0351614721275466,0.411385842546963,0.549216280573763,NA,0.986898747836455,0.0416801630009086,0.905207129484915,1.06859036618799,NA,0,0,37760.83374937,37654.1110573315,"0.5 1","-1: 15, 0: 10, +1: 5",106.722692038507
70,15,10,5,70,0.5,1,0.197210237115379,0.141840047466358,-0.0807911474841329,0.475211621714892,NA,0.531691534800727,0.0338315228159757,0.465382968539269,0.598000101062184,NA,1.00914112675723,0.041796355871431,0.92722177456421,1.09106047895026,NA,0,0,37573.4190865307,37485.9892406031,"0.5 1","-1: 15, 0: 10, +1: 5",87.4298459275888
71,15,10,5,71,0.5,1,0.199616382485943,0.139702245190114,-0.0741949866460644,0.473427751617951,NA,0.533334192122622,0.028502696755309,0.477469933019949,0.589198451225294,NA,0.998066084983922,0.036613847913412,0.926304261738208,1.06982790822964,NA,0,0,37205.143967495,37107.6035661952,"0.5 1","-1: 15, 0: 10, +1: 5",97.5404012998115
72,15,10,5,72,0.5,1,0.159452192690312,0.132668910580198,-0.100574093915041,0.419478479295666,NA,0.473921981804526,0.031444481016263,0.412291931500098,0.535552032108955,NA,0.944414502849931,0.0398265548463292,0.866355889722817,1.02247311597705,NA,0,0,37659.0283556726,37567.1072198965,"0.5 1","-1: 15, 0: 10, +1: 5",91.9211357760505
73,15,10,5,73,0.5,1,0.188158226023977,0.143010500308567,-0.0921372039918681,0.468453656039822,NA,0.528240202185146,0.0335713034455974,0.462441656517709,0.594038747852582,NA,1.01910578114485,0.0421063755086475,0.936578801628383,1.10163276066132,NA,0,0,37448.261947133,37358.2382839188,"0.5 1","-1: 15, 0: 10, +1: 5",90.0236632141168
74,15,10,5,74,0.5,1,0.127945218682646,0.126208682043143,-0.119419252658181,0.375309690023472,NA,0.429967079180542,0.0330713153873144,0.365148492100041,0.494785666261044,NA,0.905032822640701,0.0403225150941873,0.826002145290022,0.984063499991381,NA,0,0,37769.246594499,37678.2133268651,"0.5 1","-1: 15, 0: 10, +1: 5",91.0332676339167
75,15,10,5,75,0.5,1,0.155235310925024,0.131199300004142,-0.101910591879961,0.412381213730009,NA,0.465716983951442,0.0379027352599471,0.39142898792639,0.540004979976495,NA,0.931690889635487,0.0460974790743765,0.84134149087162,1.02204028839935,NA,0,0,37807.1359340364,37729.3141353569,"0.5 1","-1: 15, 0: 10, +1: 5",77.8217986794625
76,15,10,5,76,0.5,1,0.183327733495305,0.136256384022959,-0.0837298718533527,0.450385338843963,NA,0.514726056061381,0.0317239713559765,0.452548214757086,0.576903897365675,NA,0.985379147901436,0.0385655839824822,0.909791992253016,1.06096630354986,NA,0,0,37565.4025815194,37468.6819593788,"0.5 1","-1: 15, 0: 10, +1: 5",96.7206221406013
77,15,10,5,77,0.5,1,0.185841661875749,0.13430780929462,-0.0773968071841806,0.449080130935679,NA,0.508246961615432,0.0325013688468748,0.444545449227305,0.571948474003559,NA,0.96697968511021,0.0397030676846036,0.889163102372631,1.04479626784779,NA,0,0,37664.2033220702,37570.3194532686,"0.5 1","-1: 15, 0: 10, +1: 5",93.8838688015239
78,15,10,5,78,0.5,1,0.203623128112944,0.137759462161489,-0.0663804562531825,0.47362671247907,NA,0.531735251178974,0.0361929461785254,0.460798380174668,0.602672122183281,NA,0.983044692211855,0.0445016661085148,0.895823029387139,1.07026635503657,NA,0,0,37758.672723392,37674.4320582017,"0.5 1","-1: 15, 0: 10, +1: 5",84.2406651902274
79,15,10,5,79,0.5,1,0.185093880806586,0.129612780787415,-0.0689425014728326,0.439130263086004,NA,0.493110191526117,0.0273253188336537,0.439553550746082,0.546666832306153,NA,0.931762384788735,0.0351648742304051,0.862840497776261,1.00068427180121,NA,0,0,37462.1862775175,37358.6920683805,"0.5 1","-1: 15, 0: 10, +1: 5",103.494209137061
80,15,10,5,80,0.5,1,0.166806062291769,0.143409734401689,-0.114271852167996,0.447883976751534,NA,0.506846987415448,0.0358736511576497,0.436535923152501,0.577158051678395,NA,1.01912243052236,0.0444887825457727,0.931926019016614,1.10631884202811,NA,0,0,37704.3559191694,37614.7218244529,"0.5 1","-1: 15, 0: 10, +1: 5",89.634094716479
81,15,10,5,81,0.5,1,0.158783104536229,0.145991989908012,-0.12735593771481,0.444922146787268,NA,0.508958998700272,0.0334058442238836,0.443484747148304,0.574433250252239,NA,1.04973300147926,0.0414848612519178,0.968424167521857,1.13104183543666,NA,0,0,37616.4178383151,37522.1835005918,"0.5 1","-1: 15, 0: 10, +1: 5",94.2343377232755
82,15,10,5,82,0.5,1,0.175470971311282,0.150164670040572,-0.118846373718581,0.469788316341145,NA,0.527153206858534,0.0452530072850416,0.438458942387724,0.615847471329344,NA,1.0607416729703,0.0553239780457833,0.95230866851908,1.16917467742152,NA,0,0,37786.9337351017,37709.6418561344,"0.5 1","-1: 15, 0: 10, +1: 5",77.2918789673713
83,15,10,5,83,0.5,1,0.186363594480178,0.130196694645129,-0.0688172379304344,0.44154442689079,NA,0.4992258680172,0.03164779413105,0.437197331330204,0.561254404704197,NA,0.938692474711177,0.038935374528972,0.862380542909814,1.01500440651254,NA,0,0,37670.0247481481,37573.2877439381,"0.5 1","-1: 15, 0: 10, +1: 5",96.7370042100374
84,15,10,5,84,0.5,1,0.113063358493493,0.137917163195517,-0.157249314219654,0.38337603120664,NA,0.442369969044217,0.0311041768480086,0.381406902653356,0.503333035435079,NA,0.989401925339579,0.0385991650599513,0.913748951988757,1.0650548986904,NA,0,0,37614.5378290127,37521.620386913,"0.5 1","-1: 15, 0: 10, +1: 5",92.9174420996642
85,15,10,5,85,0.5,1,0.115301825731297,0.141196783481877,-0.161438784626082,0.392042436088675,NA,0.44935888858581,0.0312301966584354,0.388148827905173,0.510568949266446,NA,1.01115845722065,0.0394164163058509,0.933903700861545,1.08841321357976,NA,0,0,37389.424942856,37297.3499357061,"0.5 1","-1: 15, 0: 10, +1: 5",92.0750071499133
86,15,10,5,86,0.5,1,0.212929514659122,0.143091850100271,-0.0675253580186133,0.493384387336858,NA,0.560326999607264,0.0351992383364734,0.491337760184534,0.629316239029993,NA,1.03397129457692,0.0421903116268081,0.951279803291855,1.11666278586199,NA,0,0,37497.1290817771,37401.1379753256,"0.5 1","-1: 15, 0: 10, +1: 5",95.9911064514672
87,15,10,5,87,0.5,1,0.136646487658578,0.137983931616738,-0.133797048755465,0.407090024072621,NA,0.466403992803944,0.0316302768077215,0.404409789439777,0.52839819616811,NA,0.993785888400093,0.0400174146107041,0.915353197008706,1.07221857979148,NA,0,0,37603.9842985339,37499.9424760022,"0.5 1","-1: 15, 0: 10, +1: 5",104.041822531646
88,15,10,5,88,0.5,1,0.226414680936548,0.139591618328392,-0.0471798635307609,0.500009225403858,NA,0.557949336123579,0.0376279268773225,0.48419995463112,0.631698717616038,NA,0.996473075509692,0.0455176757391548,0.907260070400976,1.08568608061841,NA,0,0,37758.2950757153,37673.2397219765,"0.5 1","-1: 15, 0: 10, +1: 5",85.0553537388696
89,15,10,5,89,0.5,1,0.122855461509815,0.131604200502628,-0.135084031689524,0.380794954709155,NA,0.439866933916146,0.0365040537845196,0.368320303208775,0.511413564623518,NA,0.943748282534191,0.0438724761216265,0.85775980942321,1.02973675564517,NA,0,0,37710.9647648118,37624.5508058737,"0.5 1","-1: 15, 0: 10, +1: 5",86.4139589380939
90,15,10,5,90,0.5,1,0.128817461110006,0.134131298563638,-0.134075053274314,0.391709975494325,NA,0.442269877419875,0.0400248550918218,0.36382260295347,0.520717151886281,NA,0.939887365092844,0.0483553883807366,0.845112545408154,1.03466218477753,NA,0,0,37826.6956980694,37746.174139067,"0.5 1","-1: 15, 0: 10, +1: 5",80.5215590024018
91,15,10,5,91,0.5,1,0.177018389385593,0.134349651489256,-0.0863020888688554,0.440338867640042,NA,0.495602919189808,0.0283318286716368,0.440073555377241,0.551132283002376,NA,0.960400464353701,0.0354300556933011,0.890958831224582,1.02984209748282,NA,0,0,37497.4139600847,37397.5636470723,"0.5 1","-1: 15, 0: 10, +1: 5",99.8503130124154
92,15,10,5,92,0.5,1,0.187816052443264,0.139085171402815,-0.0847858742898336,0.460417979176362,NA,0.511767613570997,0.0314652890379802,0.450096780293412,0.573438446848581,NA,0.986667182221173,0.0385534966437541,0.911103717321329,1.06223064712102,NA,0,0,37547.4162366079,37455.7530712571,"0.5 1","-1: 15, 0: 10, +1: 5",91.6631653507939
93,15,10,5,93,0.5,1,0.163171036753851,0.145617688906159,-0.122234389014178,0.448576462521879,NA,0.504589708253662,0.0302615692312442,0.445278122444758,0.563901294062566,NA,1.03757821091659,0.0379170450451958,0.963262168227819,1.11189425360535,NA,0,0,37453.2622133288,37352.2805437348,"0.5 1","-1: 15, 0: 10, +1: 5",100.981669594024
94,15,10,5,94,0.5,1,0.127096126115874,0.142822123130575,-0.152830091415598,0.407022343647345,NA,0.475661559021375,0.033825160035007,0.409365463581458,0.541957654461293,NA,1.03417038720338,0.0412301524777061,0.953360773269985,1.11498000113678,NA,0,0,37570.0411145878,37475.3442133142,"0.5 1","-1: 15, 0: 10, +1: 5",94.6969012736081
95,15,10,5,95,0.5,1,0.133062743446551,0.132514222779007,-0.12666036063962,0.392785847532723,NA,0.457845702026149,0.0377521157676876,0.383852914781295,0.531838489271003,NA,0.964247872068549,0.0453076280613984,0.875446552843272,1.05304919129383,NA,0,0,37839.3670874866,37740.6525263277,"0.5 1","-1: 15, 0: 10, +1: 5",98.7145611589367
96,15,10,5,96,0.5,1,0.184783415121782,0.137710174788084,-0.0851235677675778,0.454690398011142,NA,0.5174045162469,0.0312759201881028,0.45610483909487,0.578704193398931,NA,0.986362208178881,0.039267028402523,0.909400246730025,1.06332416962774,NA,0,0,37540.0777119665,37447.6352038674,"0.5 1","-1: 15, 0: 10, +1: 5",92.4425080991277
97,15,10,5,97,0.5,1,0.159013446765646,0.145264904417079,-0.125700534109482,0.443727427640774,NA,0.512073646236222,0.0375317027240078,0.438512860618703,0.585634431853741,NA,1.04749962633869,0.0458634680137517,0.957608880825629,1.13739037185175,NA,0,0,37643.8851052226,37555.5818124589,"0.5 1","-1: 15, 0: 10, +1: 5",88.303292763645
98,15,10,5,98,0.5,1,0.187480599671195,0.136527072251134,-0.0801075448557264,0.455068744198116,NA,0.518034035063377,0.0311926693796543,0.456897526497589,0.579170543629165,NA,0.985275877767224,0.0387412693980049,0.909344385031771,1.06120737050268,NA,0,0,37583.8062520187,37484.0844138626,"0.5 1","-1: 15, 0: 10, +1: 5",99.7218381560888
99,15,10,5,99,0.5,1,0.12705196407753,0.135554847140366,-0.138630654247419,0.392734582402479,NA,0.448446792447865,0.0350017202842645,0.379844681293761,0.517048903601968,NA,0.964275834423495,0.0422483052832614,0.881470677660449,1.04708099118654,NA,0,0,37634.3637066377,37546.839168477,"0.5 1","-1: 15, 0: 10, +1: 5",87.5245381607456
100,15,10,5,100,0.5,1,0.193285694099011,0.136519066405467,-0.0742867592587356,0.460858147456758,NA,0.516539505284876,0.0372799376991535,0.443472170048638,0.589606840521113,NA,0.966513039574488,0.046170844503537,0.876019847211757,1.05700623193722,NA,0,0,37674.720987432,37594.0789241379,"0.5 1","-1: 15, 0: 10, +1: 5",80.6420632940572
101,15,10,5,1,0,-1,0.364907236960648,0.128946917132223,0.11217592346402,0.617638550457277,NA,0.0549756739547572,0.0316981853963187,-0.00715162779730087,0.117102975706815,NA,-0.925194215882193,0.039963554178803,-1.00352134276686,-0.846867088997524,NA,0,0,37618.2281481723,37522.0913870061,"0 -1","-1: 15, 0: 10, +1: 5",96.1367611661699
102,15,10,5,2,0,-1,0.292610776949091,0.134801697636352,0.0284043045269817,0.5568172493712,NA,-0.0270752029664332,0.0334479772368935,-0.09263203370646,0.0384816277735935,NA,-0.955939859942957,0.0417979658154708,-1.03786236756832,-0.874017352317598,NA,0,0,37510.2762977612,37425.3168671596,"0 -1","-1: 15, 0: 10, +1: 5",84.9594306016443
103,15,10,5,3,0,-1,0.308091277873765,0.140468042798615,0.0327789730096479,0.583403582737882,NA,-0.0316134462480735,0.0326010117583429,-0.0955102551539924,0.0322833626578455,NA,-1.01485336328069,0.0407839645979406,-1.09478846503941,-0.934918261521971,NA,0,0,37466.4362550318,37358.1227549982,"0 -1","-1: 15, 0: 10, +1: 5",108.313500033582
104,15,10,5,4,0,-1,0.320459105337113,0.145078546329758,0.0361103796013612,0.604807831072864,NA,-0.0300129712093638,0.0327493878032062,-0.0942005918193832,0.0341746494006557,NA,-1.04330121879451,0.0406939647849685,-1.12305992416119,-0.963542513427834,NA,0,0,37531.1524454642,37435.2269313412,"0 -1","-1: 15, 0: 10, +1: 5",95.9255141229223
105,15,10,5,5,0,-1,0.3351052863163,0.137181396984323,0.0662346888781358,0.603975883754464,NA,0.00495495417186816,0.036575379507889,-0.0667314723844786,0.0766413807282149,NA,-0.988773081802419,0.0443851390202964,-1.075766355731,-0.901779807873834,NA,0,0,37693.3482280159,37601.1061897426,"0 -1","-1: 15, 0: 10, +1: 5",92.242038273369
106,15,10,5,6,0,-1,0.336146304714755,0.146637755462691,0.0487415852340893,0.623551024195421,NA,-0.0105063659944098,0.0350986106512743,-0.0792983787783013,0.0582856467894817,NA,-1.04464686592791,0.0434502388664011,-1.12980776922572,-0.959485962630102,NA,0,0,37530.8397424399,37443.5736924854,"0 -1","-1: 15, 0: 10, +1: 5",87.26604995448
107,15,10,5,7,0,-1,0.364893044065885,0.141610429288809,0.0873417028245623,0.642444385307207,NA,0.0275462309444508,0.032821676355682,-0.0367830726249158,0.0918755345138173,NA,-1.01193691679621,0.0402594370023654,-1.09084396335871,-0.933029870233715,NA,0,0,37520.3774746159,37429.9413999282,"0 -1","-1: 15, 0: 10, +1: 5",90.4360746877501
108,15,10,5,8,0,-1,0.349468148660142,0.142977013210123,0.0692383521511939,0.62969794516909,NA,0.0126766920673775,0.035452674067667,-0.056809272260887,0.082162656395642,NA,-1.00710162292166,0.0445710920681713,-1.0944593581269,-0.919743887716428,NA,0,0,37506.5907259411,37423.6935340927,"0 -1","-1: 15, 0: 10, +1: 5",82.8971918483367
109,15,10,5,9,0,-1,0.31965979861346,0.137390687041314,0.050379000201272,0.588940597025649,NA,-0.00431268636609233,0.0282602442161879,-0.059701747224127,0.0510763744919424,NA,-0.98393641799957,0.0351808338026408,-1.05288958519884,-0.914983250800305,NA,0,0,37447.64279318,37355.0387012209,"0 -1","-1: 15, 0: 10, +1: 5",92.6040919591105
110,15,10,5,10,0,-1,0.338702675253935,0.138682745663234,0.0668894884768679,0.610515862031002,NA,-0.000728394982635042,0.0248869857365131,-0.0495059907099628,0.0480492007446927,NA,-1.00718146695153,0.0312556518268878,-1.06844141884556,-0.945921515057511,NA,0,0,36977.6632424054,36866.6228546005,"0 -1","-1: 15, 0: 10, +1: 5",111.040387804947
111,15,10,5,11,0,-1,0.345334915403672,0.136215640829562,0.0783571652466863,0.612312665560658,NA,0.0205969733048181,0.0359079629628265,-0.04978134086052,0.0909752874701562,NA,-0.973391401800298,0.0438079939274564,-1.05925349213306,-0.887529311467534,NA,0,0,37658.4890107489,37570.4737199452,"0 -1","-1: 15, 0: 10, +1: 5",88.0152908036471
112,15,10,5,12,0,-1,0.355358347579374,0.145686523133235,0.0698180092053712,0.640898685953376,NA,0.00820413285960244,0.0339245480059003,-0.0582867594237622,0.0746950251429671,NA,-1.03779929818387,0.0419850752897286,-1.12008853363994,-0.955510062727796,NA,0,0,37262.9603466429,37173.4702460958,"0 -1","-1: 15, 0: 10, +1: 5",89.4901005470747
113,15,10,5,13,0,-1,0.336842896622787,0.138951510234755,0.0645029409652194,0.609182852280356,NA,0.00160376814344557,0.0321967688601112,-0.0615007392409331,0.0647082755278243,NA,-0.999352018612555,0.0402498506699904,-1.07824027630885,-0.920463760916259,NA,0,0,37577.6283988293,37478.8387578456,"0 -1","-1: 15, 0: 10, +1: 5",98.7896409836758
114,15,10,5,14,0,-1,0.281142977811373,0.139988383485551,0.00677078792571223,0.555515167697034,NA,-0.0502547666068891,0.0357395099775638,-0.120302918988024,0.0197933857742458,NA,-0.990794051893832,0.0446900497148538,-1.07838493980225,-0.903203163985414,NA,0,0,37683.1475479304,37599.5788771234,"0 -1","-1: 15, 0: 10, +1: 5",83.5686708069406
115,15,10,5,15,0,-1,0.273282445754297,0.147433891868101,-0.0156826724077528,0.562247563916347,NA,-0.0774241789048799,0.034284594671304,-0.14462074968519,-0.0102276081245702,NA,-1.05514633960459,0.0417326002913052,-1.13694073315675,-0.973351946052427,NA,0,0,37494.4671425392,37400.743348146,"0 -1","-1: 15, 0: 10, +1: 5",93.7237943931905
116,15,10,5,16,0,-1,0.322386018686946,0.137256851623169,0.0533675328741768,0.591404504499716,NA,-0.0128338105318637,0.0366938454855769,-0.0847524261378721,0.0590848050741447,NA,-0.991351858762292,0.0446059445567102,-1.07877790358983,-0.90392581393475,NA,0,0,37392.8991157256,37306.3791909324,"0 -1","-1: 15, 0: 10, +1: 5",86.5199247931596
117,15,10,5,17,0,-1,0.380120134974402,0.132426261420426,0.120569431983081,0.639670837965723,NA,0.0704979738133179,0.0370517054566926,-0.00212203444758574,0.143117982074222,NA,-0.93082932286144,0.0450368917406084,-1.01910000864866,-0.842558637074218,NA,0,0,37454.2257586924,37372.1567508037,"0 -1","-1: 15, 0: 10, +1: 5",82.0690078886691
118,15,10,5,18,0,-1,0.339522941366942,0.13811767523671,0.0688172722745901,0.610228610459294,NA,0.00983171979597404,0.0357633319595809,-0.0602631228119548,0.0799265624039029,NA,-0.985732400856856,0.0448486689765059,-1.07363417680537,-0.897830624908346,NA,0,0,37673.2616343699,37583.8181768506,"0 -1","-1: 15, 0: 10, +1: 5",89.4434575192863
119,15,10,5,19,0,-1,0.316036722123262,0.134050286485492,0.0533029884944209,0.578770455752104,NA,-0.00504780849972221,0.0299759848863444,-0.0637996592780743,0.0537040422786299,NA,-0.955143316182734,0.0378862940829283,-1.02939908809297,-0.880887544272501,NA,0,0,37514.0887967223,37422.5297103613,"0 -1","-1: 15, 0: 10, +1: 5",91.5590863609905
120,15,10,5,20,0,-1,0.33665752596153,0.1401221595068,0.0620231398922244,0.611291912030835,NA,-0.00278495119781238,0.0311673749042941,-0.0638718835028862,0.0583019811072615,NA,-1.01099874229797,0.0389258806160597,-1.08729206637196,-0.934705418223992,NA,0,0,37402.7478496483,37302.8065310547,"0 -1","-1: 15, 0: 10, +1: 5",99.9413185936573
121,15,10,5,21,0,-1,0.370032751118639,0.142104130827581,0.0915137726422128,0.648551729595065,NA,0.0276685724050708,0.0303012272069957,-0.031720741608006,0.0870578864181477,NA,-1.02018619086941,0.0387087272392861,-1.09605390214579,-0.94431847959302,NA,0,0,37450.6556985642,37349.277614417,"0 -1","-1: 15, 0: 10, +1: 5",101.378084147203
122,15,10,5,22,0,-1,0.305019785362608,0.131827380534613,0.0466428673385105,0.563396703386706,NA,-0.00984390247134678,0.0353239787822838,-0.0790776286752801,0.0593898237325865,NA,-0.942311918981049,0.0426541262639898,-1.02591247025049,-0.858711367711605,NA,0,0,37675.5677184142,37586.7609927474,"0 -1","-1: 15, 0: 10, +1: 5",88.8067256667491
123,15,10,5,23,0,-1,0.330121571535751,0.128626680990002,0.0780179093444247,0.582225233727078,NA,0.0238799678397278,0.0331883240644491,-0.0411679520338365,0.0889278877132921,NA,-0.904679154428122,0.0418026071445804,-0.986610758891376,-0.822747549964867,NA,0,0,37617.7872356524,37536.6969790521,"0 -1","-1: 15, 0: 10, +1: 5",81.0902566002551
124,15,10,5,24,0,-1,0.346139133024926,0.141560754961205,0.0686851516766646,0.623593114373188,NA,0.00761332462692084,0.0342998548881345,-0.0596131556287728,0.0748398048826145,NA,-1.01398433560433,0.04186367687164,-1.09603563453317,-0.931933036675498,NA,0,0,37571.2569318583,37480.5997106212,"0 -1","-1: 15, 0: 10, +1: 5",90.6572212370374
125,15,10,5,25,0,-1,0.294284172363711,0.142528483753868,0.0149334774350281,0.573634867292395,NA,-0.0487761492702516,0.0301221450895247,-0.10781446878281,0.0102621702423069,NA,-1.02562015158033,0.0379548640490587,-1.1000103181546,-0.951229985006061,NA,0,0,37436.6718616788,37334.1786144903,"0 -1","-1: 15, 0: 10, +1: 5",102.493247188526
126,15,10,5,26,0,-1,0.330527315953212,0.152715975248989,0.0312095046012842,0.629845127305141,NA,-0.0399536499927312,0.035885906953461,-0.11028873517407,0.0303814351886078,NA,-1.1030414228321,0.0433742891990844,-1.18805346751733,-1.01802937814687,NA,0,0,37406.9881065854,37311.8924059145,"0 -1","-1: 15, 0: 10, +1: 5",95.0957006708995
127,15,10,5,27,0,-1,0.301209869329399,0.130892816029279,0.0446646640769856,0.557755074581813,NA,-0.00756942442342337,0.0382136618100011,-0.0824668252884192,0.0673279764415725,NA,-0.918465703681868,0.0475952292395613,-1.01175063882734,-0.8251807685364,NA,0,0,37698.7393357762,37622.5077571356,"0 -1","-1: 15, 0: 10, +1: 5",76.2315786406543
128,15,10,5,28,0,-1,0.375548196590588,0.137774604690498,0.105514933412968,0.645581459768207,NA,0.0465588594924966,0.0348941287068223,-0.0218323760447802,0.114950095029773,NA,-0.986254622588607,0.0430497668029722,-1.07063061506528,-0.901878630111933,NA,0,0,37676.8783593082,37587.4371294067,"0 -1","-1: 15, 0: 10, +1: 5",89.4412299014148
129,15,10,5,29,0,-1,0.316775890356807,0.142289965823636,0.0378926819810456,0.595659098732568,NA,-0.0235784035930485,0.035338084781356,-0.0928397770471292,0.0456829698610322,NA,-1.01982397923688,0.0441034009236653,-1.10626505664299,-0.933382901830766,NA,0,0,37599.9396302366,37506.4253867487,"0 -1","-1: 15, 0: 10, +1: 5",93.5142434878944
130,15,10,5,30,0,-1,0.284427168956543,0.141361168632348,0.00736436962464793,0.561489968288438,NA,-0.050010354493403,0.0347634171550628,-0.118145400096868,0.0181246911100618,NA,-0.999198876356698,0.043706400478268,-1.08486184718799,-0.913535905525408,NA,0,0,37709.5943476222,37624.9011768371,"0 -1","-1: 15, 0: 10, +1: 5",84.6931707850526
131,15,10,5,31,0,-1,0.328833753107281,0.147816463662307,0.0391188080070862,0.618548698207476,NA,-0.0228728898583022,0.040441718610872,-0.102137201808514,0.05639142209191,NA,-1.04655510312184,0.05021819555102,-1.14498095777043,-0.948129248473252,NA,0,0,37398.7912736632,37315.9245923043,"0 -1","-1: 15, 0: 10, +1: 5",82.8666813588934
132,15,10,5,32,0,-1,0.345716611689579,0.139823738952572,0.0716671191588077,0.61976610422035,NA,0.0140927427942909,0.0340318772699575,-0.0526085109811131,0.0807939965696948,NA,-0.998576791036367,0.0426198836650783,-1.08211022804521,-0.915043354027527,NA,0,0,37682.4042416313,37591.9153258492,"0 -1","-1: 15, 0: 10, +1: 5",90.488915782109
133,15,10,5,33,0,-1,0.377663991899368,0.136820728644454,0.109500291417711,0.645827692381025,NA,0.0470041193861097,0.0322652005832689,-0.016234511711058,0.110242750483277,NA,-0.992676834720211,0.03848172367823,-1.06809962719256,-0.917254042247858,NA,0,0,37366.7905488932,37263.7661526815,"0 -1","-1: 15, 0: 10, +1: 5",103.024396211724
134,15,10,5,34,0,-1,0.370088649914831,0.14587434669496,0.0841801841243993,0.655997115705262,NA,0.0232329198411935,0.0395007613183457,-0.0541871497046769,0.100652989387064,NA,-1.03474140415821,0.0489005639914144,-1.13058474840507,-0.938898059911337,NA,0,0,37429.390344861,37347.4743294951,"0 -1","-1: 15, 0: 10, +1: 5",81.9160153659614
135,15,10,5,35,0,-1,0.41086854893332,0.151813221192412,0.11332010301918,0.70841699484746,NA,0.0467495493221041,0.0317181668642298,-0.0154169153874181,0.108916014031626,NA,-1.09551520201987,0.0405272964004803,-1.17494724335559,-1.01608316068414,NA,0,0,37316.0952255919,37208.1518059324,"0 -1","-1: 15, 0: 10, +1: 5",107.943419659488
136,15,10,5,36,0,-1,0.368881199919173,0.131161728885095,0.11180893515438,0.625953464683966,NA,0.0528418073616998,0.032914162801519,-0.0116687663105654,0.117352381033965,NA,-0.935858358917267,0.0409538402674615,-1.0161264108701,-0.855590306964436,NA,0,0,37456.1725455767,37369.821568626,"0 -1","-1: 15, 0: 10, +1: 5",86.3509769507364
137,15,10,5,37,0,-1,0.326585166849471,0.133668490746183,0.0645997391191275,0.588570594579815,NA,0.00341431022517128,0.0299777757810524,-0.0553410506423085,0.0621696710926511,NA,-0.967260437095814,0.0359284433485096,-1.03767889207948,-0.896841982112147,NA,0,0,37256.6599924142,37158.2416445526,"0 -1","-1: 15, 0: 10, +1: 5",98.4183478616033
138,15,10,5,38,0,-1,0.271578393952968,0.140204057150308,-0.00321650854803013,0.546373296453967,NA,-0.0645303095080508,0.0340415488972138,-0.131250519324549,0.00218990030844744,NA,-1.00403864757002,0.0420574398403002,-1.08646971493897,-0.921607580201071,NA,0,0,37621.2576922158,37531.3481835843,"0 -1","-1: 15, 0: 10, +1: 5",89.9095086315574
139,15,10,5,39,0,-1,0.30684265815811,0.138906202400552,0.0345915042237967,0.579093812092422,NA,-0.0271822933198191,0.0336630588347099,-0.0931606762453033,0.0387960896056652,NA,-0.996331975363492,0.0410684795749208,-1.07682471623016,-0.915839234496828,NA,0,0,37466.5314893999,37375.485910261,"0 -1","-1: 15, 0: 10, +1: 5",91.0455791388667
140,15,10,5,40,0,-1,0.36553040537472,0.141875568309855,0.0874594012012516,0.643601409548188,NA,0.0240507777225418,0.0315953790840092,-0.0378750273600062,0.0859765828050899,NA,-1.01218331923227,0.0400178525147309,-1.09061686889978,-0.93374976956476,NA,0,0,37430.8487147569,37337.818476934,"0 -1","-1: 15, 0: 10, +1: 5",93.0302378228516
141,15,10,5,41,0,-1,0.348929812283161,0.135558433206451,0.0832401653978374,0.614619459168484,NA,0.0283120236159978,0.0323254641164502,-0.0350447218357865,0.091668769067782,NA,-0.960846707007199,0.040496767941709,-1.04021891366322,-0.881474500351173,NA,0,0,37562.0032818942,37475.6443795949,"0 -1","-1: 15, 0: 10, +1: 5",86.3589022993401
142,15,10,5,42,0,-1,0.335580414671082,0.131189443405272,0.0784538304448925,0.592706998897271,NA,0.0213224638180662,0.0269144252627601,-0.0314288403615385,0.0740737679976709,NA,-0.949528087225968,0.0331305620068621,-1.01446279554699,-0.884593378904947,NA,0,0,37435.7430909141,37324.8660337355,"0 -1","-1: 15, 0: 10, +1: 5",110.87705717863
143,15,10,5,43,0,-1,0.338955246888204,0.145940524219489,0.0529170755331098,0.624993418243299,NA,-0.0139449264816802,0.0328785591153205,-0.0783857182112795,0.0504958652479191,NA,-1.0537371497505,0.0410785217425723,-1.13424957290409,-0.973224726596916,NA,0,0,37490.5108563886,37386.5112132144,"0 -1","-1: 15, 0: 10, +1: 5",103.999643174247
144,15,10,5,44,0,-1,0.348748246239266,0.143451664598349,0.0675881501041818,0.62990834237435,NA,0.00387995007850074,0.0373961828943576,-0.0694152215537129,0.0771751217107144,NA,-1.02083177803017,0.0457638849120603,-1.11052734425045,-0.931136211809898,NA,0,0,37481.3992151713,37396.717269329,"0 -1","-1: 15, 0: 10, +1: 5",84.6819458422688
145,15,10,5,45,0,-1,0.35726990623141,0.140500950502267,0.0818931034533223,0.632646709009497,NA,0.0263561103924218,0.0348409279570507,-0.0419308535913523,0.094643074376196,NA,-1.00111014183908,0.0439470973518121,-1.08724486987371,-0.914975413804451,NA,0,0,37632.9468184606,37543.4462221889,"0 -1","-1: 15, 0: 10, +1: 5",89.5005962716459
146,15,10,5,46,0,-1,0.347959619818224,0.142646175763392,0.0683782527896056,0.627540986846842,NA,0.00709524296751377,0.0365187967094972,-0.0644802833418407,0.0786707692768682,NA,-1.01208458956943,0.0453576917996427,-1.1009840319186,-0.923185147220263,NA,0,0,37572.7221951248,37488.667319111,"0 -1","-1: 15, 0: 10, +1: 5",84.0548760137972
147,15,10,5,47,0,-1,0.321633046612213,0.141318529665165,0.0446538181203338,0.598612275104093,NA,-0.0194061159692765,0.0337422938152249,-0.085539796602886,0.046727564664333,NA,-1.01784952253113,0.0415882075021881,-1.09936091141699,-0.936338133645258,NA,0,0,37281.6978208659,37188.0092507956,"0 -1","-1: 15, 0: 10, +1: 5",93.6885700702696
148,15,10,5,48,0,-1,0.408160287455746,0.143793149603334,0.126330893009632,0.689989681901859,NA,0.0625103582804307,0.0387855301715125,-0.0135078839770254,0.138528600537887,NA,-1.02592469509041,0.0481044807358577,-1.12020774482769,-0.931641645353125,NA,0,0,37374.4041249619,37290.6285441404,"0 -1","-1: 15, 0: 10, +1: 5",83.7755808215734
149,15,10,5,49,0,-1,0.313630167543366,0.13890054632145,0.0413900993203864,0.585870235766347,NA,-0.0189220985188188,0.0303880933194035,-0.0784816669836919,0.0406374699460542,NA,-0.995374266225142,0.038555138323146,-1.07094094875747,-0.919807583692816,NA,0,0,37359.3045426178,37265.2194871608,"0 -1","-1: 15, 0: 10, +1: 5",94.0850554570352
150,15,10,5,50,0,-1,0.338515927681496,0.136871769884796,0.070252188207041,0.60677966715595,NA,0.0154362517168338,0.034124547730912,-0.0514466328244717,0.0823191362581394,NA,-0.969685196619851,0.0424450851129168,-1.05287603476191,-0.886494358477797,NA,0,0,37654.6060883519,37570.8052296481,"0 -1","-1: 15, 0: 10, +1: 5",83.8008587037912
151,15,10,5,51,0,-1,0.335915132833058,0.130689758832228,0.0797679123736661,0.592062353292449,NA,0.0166539334157898,0.0289764772700414,-0.0401389184323347,0.0734467852639144,NA,-0.953766554852429,0.0352721905815187,-1.02289877804804,-0.88463433165682,NA,0,0,37361.6566958248,37247.9636266007,"0 -1","-1: 15, 0: 10, +1: 5",113.693069224129
152,15,10,5,52,0,-1,0.294470770598804,0.153221988936499,-0.00583880935632819,0.594780350553936,NA,-0.0710788929178223,0.0355769788624577,-0.140808490166982,-0.00134929566866249,NA,-1.09685147076643,0.044040804085215,-1.18316986062363,-1.01053308090922,NA,0,0,37480.7650109667,37385.1526923208,"0 -1","-1: 15, 0: 10, +1: 5",95.6123186459008
153,15,10,5,53,0,-1,0.322546579483146,0.141405126834506,0.0453976236581952,0.599695535308097,NA,-0.0124866882361696,0.0329167799895194,-0.0770023915026564,0.0520290150303173,NA,-1.01239505993144,0.041211538535386,-1.09316819120828,-0.931621928654598,NA,0,0,37572.6810842101,37486.4906318336,"0 -1","-1: 15, 0: 10, +1: 5",86.1904523764606
154,15,10,5,54,0,-1,0.324263928317405,0.130692281405802,0.0681117637046584,0.580416092930151,NA,0.0111864200641771,0.0335816791846945,-0.0546324616782026,0.0770053018065568,NA,-0.934947070893293,0.0414891871204511,-1.01626438339722,-0.853629758389366,NA,0,0,37689.0692081886,37600.440238395,"0 -1","-1: 15, 0: 10, +1: 5",88.628969793579
155,15,10,5,55,0,-1,0.382553029672202,0.131767330738281,0.124293807086194,0.64081225225821,NA,0.0660620295653895,0.0321458621066933,0.00305729758427974,0.129066761546499,NA,-0.951103421909317,0.0385099983491802,-1.02658163171841,-0.875625212100227,NA,0,0,37533.5753946608,37439.8513918372,"0 -1","-1: 15, 0: 10, +1: 5",93.7240028235756
156,15,10,5,56,0,-1,0.341751002611012,0.132400450284313,0.0822508885168717,0.601251116705152,NA,0.0257298704864803,0.0326461936964866,-0.0382554933909519,0.0897152343639124,NA,-0.94601783665106,0.0412328295369948,-1.02683269752425,-0.865202975777871,NA,0,0,37678.36594351,37585.5989046663,"0 -1","-1: 15, 0: 10, +1: 5",92.7670388436964
157,15,10,5,57,0,-1,0.340633850853204,0.129110061703111,0.0875827798733627,0.593684921833045,NA,0.0303064804288268,0.0237279915115649,-0.0161995283593125,0.076812489216966,NA,-0.930070479872931,0.0298527219441854,-0.988580739724023,-0.871560220021839,NA,0,0,37082.5560185473,36975.6624966333,"0 -1","-1: 15, 0: 10, +1: 5",106.893521913946
158,15,10,5,58,0,-1,0.350403201616381,0.13409125897141,0.0875891633907841,0.613217239841978,NA,0.0245229888389857,0.0302499691215277,-0.0347658611726574,0.0838118388506287,NA,-0.963786845454126,0.0360044449919231,-1.03435426092165,-0.893219429986604,NA,0,0,36933.085464166,36829.3904163281,"0 -1","-1: 15, 0: 10, +1: 5",103.695047837842
159,15,10,5,59,0,-1,0.31650993298773,0.138322101286061,0.0454035962011494,0.587616269774311,NA,-0.0175308748032203,0.0334190065978205,-0.0830309241340549,0.0479691745276144,NA,-0.996570833816537,0.0398791510646599,-1.0747325336373,-0.918409133995772,NA,0,0,37014.8541821662,36923.2230846805,"0 -1","-1: 15, 0: 10, +1: 5",91.6310974857188
160,15,10,5,60,0,-1,0.332089308447516,0.142366612695338,0.0530558749636912,0.611122741931341,NA,-0.0138476469424177,0.0311843586373692,-0.0749678667526418,0.0472725728678064,NA,-1.02949588021292,0.0375992049781279,-1.10318896781739,-0.955802792608446,NA,0,0,37164.7428614576,37063.2230628654,"0 -1","-1: 15, 0: 10, +1: 5",101.519798592228
161,15,10,5,61,0,-1,0.333504815369266,0.139141449971838,0.060792584667781,0.606217046070751,NA,0.00158746348191231,0.0332600458393968,-0.0636010284874566,0.0667759554512812,NA,-0.994791984965056,0.0421353054789123,-1.07737566618132,-0.912208303748795,NA,0,0,37653.6527475378,37558.6713150815,"0 -1","-1: 15, 0: 10, +1: 5",94.981432456254
162,15,10,5,62,0,-1,0.331994580542578,0.133560022017124,0.0702217476146376,0.593767413470518,NA,0.0102567695116531,0.0292662029272727,-0.0471039341900422,0.0676174732133483,NA,-0.955136498777573,0.0373068235840846,-1.02825652937997,-0.882016468175178,NA,0,0,37519.5395582077,37419.8165890167,"0 -1","-1: 15, 0: 10, +1: 5",99.7229691910397
163,15,10,5,63,0,-1,0.301506759091256,0.142802782531572,0.0216184484372701,0.581395069745242,NA,-0.0420692454291332,0.0330384994288079,-0.106823514412844,0.0226850235545773,NA,-1.02746374052926,0.0410892049580128,-1.10799710240035,-0.94693037865817,NA,0,0,37577.4203453099,37479.6543369162,"0 -1","-1: 15, 0: 10, +1: 5",97.766008393628
164,15,10,5,64,0,-1,0.325983194035944,0.132478314928959,0.0663304680426291,0.585635920029259,NA,0.00996554610383599,0.0359001751512095,-0.0603975042312145,0.0803285964388865,NA,-0.942408625604778,0.0443372052498885,-1.02930795106972,-0.855509300139837,NA,0,0,37746.1477519297,37662.9703912169,"0 -1","-1: 15, 0: 10, +1: 5",83.1773607128343
165,15,10,5,65,0,-1,0.338476686611195,0.137790680974954,0.0684119144950366,0.608541458727354,NA,0.00521175353066132,0.0304468846310846,-0.0544630437877105,0.0648865508490331,NA,-0.994872657312856,0.0355342171074903,-1.06451844306236,-0.925226871563348,NA,0,0,37034.2219599016,36924.0882094636,"0 -1","-1: 15, 0: 10, +1: 5",110.133750437926
166,15,10,5,66,0,-1,0.341758090317649,0.131696075164907,0.0836385260891523,0.599877654546145,NA,0.024793497630465,0.0252851725468903,-0.0247645299043209,0.074351525165251,NA,-0.945891927888783,0.0335962479177239,-1.0117393638232,-0.880044491954365,NA,0,0,37183.3095732383,37075.616108366,"0 -1","-1: 15, 0: 10, +1: 5",107.693464872333
167,15,10,5,67,0,-1,0.35682483035108,0.140424950568348,0.0815969847063005,0.632052675995859,NA,0.00897544203212472,0.0337111957349618,-0.0570972874841806,0.0750481715484301,NA,-1.02364779491142,0.0413663655483507,-1.10472438155751,-0.942571208265337,NA,0,0,37429.8915024458,37332.3028261597,"0 -1","-1: 15, 0: 10, +1: 5",97.58867628609
168,15,10,5,68,0,-1,0.301663319641162,0.138556765889812,0.0300970486827819,0.573229590599541,NA,-0.0346726313995434,0.0306109499442388,-0.0946689908228098,0.0253237280237231,NA,-1.00353243233273,0.0362406358837426,-1.07456277344169,-0.932502091223762,NA,0,0,37308.8179069391,37207.0363833511,"0 -1","-1: 15, 0: 10, +1: 5",101.78152358807
169,15,10,5,69,0,-1,0.291516085296487,0.129617989863349,0.0374694934158463,0.545562677177128,NA,-0.00775202338616669,0.0345509779600274,-0.0754706958184575,0.0599666490461241,NA,-0.908296205606737,0.0425762585828721,-0.991744139025631,-0.824848272187843,NA,0,0,37729.7949126171,37651.7001450283,"0 -1","-1: 15, 0: 10, +1: 5",78.0947675887946
170,15,10,5,70,0,-1,0.315135314196681,0.147483973651404,0.0260720375430744,0.604198590850288,NA,-0.0407530604497621,0.0340411499577032,-0.107472488359188,0.0259663674596633,NA,-1.07023522462142,0.0408589077350097,-1.15031721222968,-0.990153237013152,NA,0,0,37472.1573636721,37373.4114101757,"0 -1","-1: 15, 0: 10, +1: 5",98.7459534963782
171,15,10,5,71,0,-1,0.337766567398988,0.136377610646775,0.0704713622336825,0.605061772564294,NA,0.00232524321073561,0.0276613315647722,-0.051889970420639,0.0565404568421102,NA,-0.988585377893535,0.0342059559746524,-1.05562781966062,-0.921542936126454,NA,0,0,37085.4319221696,36981.2793371272,"0 -1","-1: 15, 0: 10, +1: 5",104.152585042371
172,15,10,5,72,0,-1,0.312115766238443,0.129904319549073,0.0575079784860771,0.566723553990809,NA,-0.00580724484217838,0.0346476522635972,-0.0737153954276965,0.0621009057433398,NA,-0.941669085500242,0.0417249385176877,-1.02344846225206,-0.859889708748426,NA,0,0,37602.6570403774,37503.705139664,"0 -1","-1: 15, 0: 10, +1: 5",98.9519007134295
173,15,10,5,73,0,-1,0.324775749023612,0.144633827359841,0.0412986564521388,0.608252841595085,NA,-0.0247826452025974,0.0387966341161925,-0.100822650791713,0.0512573603865179,NA,-1.03904411002629,0.0472211121264019,-1.13159578910396,-0.946492430948613,NA,0,0,37365.8821209903,37280.0410061292,"0 -1","-1: 15, 0: 10, +1: 5",85.8411148610321
174,15,10,5,74,0,-1,0.325471697195455,0.135026484636881,0.0608246503481164,0.590118744042794,NA,0.000453615134346305,0.0314237381144233,-0.061135779829542,0.0620430100982346,NA,-0.974436381513088,0.0390079566186184,-1.05089057159608,-0.897982191430095,NA,0,0,37577.2154160994,37477.4672994167,"0 -1","-1: 15, 0: 10, +1: 5",99.7481166827347
175,15,10,5,75,0,-1,0.28892085472222,0.141777394073612,0.0110422685159978,0.566799440928441,NA,-0.049914378901806,0.0355732653320871,-0.119636697765184,0.0198079399615719,NA,-1.01933887774304,0.0440688642731047,-1.10571226455791,-0.932965490928172,NA,0,0,37694.2150407722,37601.2935708358,"0 -1","-1: 15, 0: 10, +1: 5",92.9214699363292
176,15,10,5,76,0,-1,0.323078740760721,0.146340324309181,0.0362569756288147,0.609900505892628,NA,-0.0344770398913804,0.0290214946008818,-0.0913581240866323,0.0224040443038716,NA,-1.05713496660653,0.0374509073398293,-1.13053739618094,-0.983732537032118,NA,0,0,37333.4677284835,37224.6380743763,"0 -1","-1: 15, 0: 10, +1: 5",108.829654107183
177,15,10,5,77,0,-1,0.381960456397392,0.152766350331014,0.0825439116989766,0.681377001095808,NA,0.0160929233019367,0.0330313394094902,-0.0486473123017826,0.080833158905656,NA,-1.09427423880027,0.0409160276750546,-1.17446817943382,-1.01408029816672,NA,0,0,37358.1736369919,37263.8699372607,"0 -1","-1: 15, 0: 10, +1: 5",94.3036997312374
178,15,10,5,78,0,-1,0.349214722630351,0.143692112195688,0.0675833578643134,0.630846087396389,NA,0.00485899517264246,0.0359972832309107,-0.0656943835012301,0.075412373846515,NA,-1.03237727831188,0.0441574287815251,-1.11892424837357,-0.945830308250203,NA,0,0,37629.1029300912,37536.9288550372,"0 -1","-1: 15, 0: 10, +1: 5",92.1740750540266
179,15,10,5,79,0,-1,0.351209645907173,0.151814980517351,0.0536577517795148,0.648761540034832,NA,-0.0185665515140582,0.031917420223939,-0.0811235456324091,0.0439904426042927,NA,-1.09874673768057,0.0390735164379782,-1.17532942264835,-1.0221640527128,NA,0,0,37055.1978438952,36952.6709993773,"0 -1","-1: 15, 0: 10, +1: 5",102.526844517881
180,15,10,5,80,0,-1,0.339707821121905,0.142630360330125,0.06015745177289,0.61925819047092,NA,-0.00102304484001088,0.0375812677948381,-0.0746809762112486,0.0726348865312268,NA,-1.00987275204307,0.0470845651813964,-1.10215680402633,-0.917588700059802,NA,0,0,37585.1067392995,37502.5065882845,"0 -1","-1: 15, 0: 10, +1: 5",82.6001510149727
181,15,10,5,81,0,-1,0.375651970664225,0.143783037440335,0.0938423956933931,0.657461545635056,NA,0.0294948852151318,0.0341822507946785,-0.0375010952529536,0.0964908656832172,NA,-1.03429875355611,0.0417088212640591,-1.11604654107128,-0.952550966040932,NA,0,0,37505.5802427666,37414.5917773843,"0 -1","-1: 15, 0: 10, +1: 5",90.9884653822955
182,15,10,5,82,0,-1,0.383082737221974,0.139265208586997,0.110127944092002,0.656037530351946,NA,0.0528755801712589,0.0377661229186467,-0.0211446605850014,0.126895820927519,NA,-0.986839229657332,0.0467642910861265,-1.07849555594869,-0.895182903365976,NA,0,0,37752.6097488416,37668.6115863063,"0 -1","-1: 15, 0: 10, +1: 5",83.9981625352229
183,15,10,5,83,0,-1,0.347809972407347,0.141427630979206,0.0706169092692825,0.625003035545411,NA,0.00599401394555238,0.0314336652751802,-0.0556148378958881,0.0676028657869928,NA,-1.02087510625237,0.0388453314947669,-1.09701055694963,-0.94473965555511,NA,0,0,37458.9068840487,37356.8096602771,"0 -1","-1: 15, 0: 10, +1: 5",102.097223771598
184,15,10,5,84,0,-1,0.339924249066847,0.134196586570597,0.0769037725402646,0.60294472559343,NA,0.0196558743630073,0.0336054707384923,-0.0462096379679523,0.0855213866939668,NA,-0.959680718911015,0.0413783968277093,-1.04078088643133,-0.878580551390698,NA,0,0,37509.2259484035,37421.0109624939,"0 -1","-1: 15, 0: 10, +1: 5",88.2149859095734
185,15,10,5,85,0,-1,0.372525306933608,0.144881486271239,0.0885628118153453,0.656487802051871,NA,0.0173946460305438,0.0341791605269709,-0.0495952776241323,0.0843845696852199,NA,-1.05182670163316,0.0414649844715826,-1.13309657781698,-0.97055682544935,NA,0,0,37183.4719704903,37087.9601986287,"0 -1","-1: 15, 0: 10, +1: 5",95.5117718616093
186,15,10,5,86,0,-1,0.345385622004005,0.129789208835145,0.0910034471051735,0.599767796902836,NA,0.0368188005010039,0.0276262640112512,-0.0173276819884435,0.0909652829904512,NA,-0.920195930617236,0.0352555939809211,-0.989295625073408,-0.851096236161063,NA,0,0,37494.8006213734,37398.7025332749,"0 -1","-1: 15, 0: 10, +1: 5",96.0980880984716
187,15,10,5,87,0,-1,0.320107024854819,0.140946951299125,0.0438560765778119,0.596357973131825,NA,-0.0178720025581219,0.0310242617497409,-0.0786784382345577,0.042934433118314,NA,-1.00561670094311,0.0383665046201444,-1.08081366821128,-0.930419733674938,NA,0,0,37436.4968002051,37341.7138484824,"0 -1","-1: 15, 0: 10, +1: 5",94.7829517227437
188,15,10,5,88,0,-1,0.359797375947332,0.147664420035425,0.0703804308799041,0.64921432101476,NA,0.00649385141493469,0.033587427906774,-0.0593362976156779,0.0723240004455473,NA,-1.04905067353351,0.0422332027408799,-1.13182622985742,-0.966275117209609,NA,0,0,37588.2789685637,37495.360055183,"0 -1","-1: 15, 0: 10, +1: 5",92.9189133806576
189,15,10,5,89,0,-1,0.308241518534942,0.136662881367822,0.0403871930305401,0.576095844039344,NA,-0.0163479262994122,0.0304081912949661,-0.0759468860725502,0.0432510334737258,NA,-0.987307976812021,0.0385346531040983,-1.0628345090528,-0.911781444571244,NA,0,0,37534.9107037165,37444.241562579,"0 -1","-1: 15, 0: 10, +1: 5",90.6691411375359
190,15,10,5,90,0,-1,0.344709213328829,0.136002555860022,0.0781491020377891,0.611269324619868,NA,0.0236322029325815,0.0344077564992665,-0.0438057605948048,0.0910701664599677,NA,-0.959266716359701,0.0433546793536674,-1.04424032645417,-0.87429310626523,NA,0,0,37694.8788449789,37610.789984748,"0 -1","-1: 15, 0: 10, +1: 5",84.0888602308551
191,15,10,5,91,0,-1,0.34533716401051,0.135989301632951,0.0788030305271715,0.611871297493848,NA,0.0151801554554271,0.0306845735945884,-0.0449605036709349,0.0753208145817891,NA,-0.986356310792965,0.0375669321452494,-1.05998614480731,-0.912726476778617,NA,0,0,37367.1190796187,37269.3168734305,"0 -1","-1: 15, 0: 10, +1: 5",97.8022061881129
192,15,10,5,92,0,-1,0.317722929848464,0.13642427292106,0.0503362683061234,0.585109591390804,NA,-0.0105996990604217,0.0315872005584111,-0.0725094745273509,0.0513100764065075,NA,-0.982562596043482,0.0384051546148332,-1.05783531590925,-0.907289876177716,NA,0,0,37513.0299368832,37418.9330331851,"0 -1","-1: 15, 0: 10, +1: 5",94.0969036981405
193,15,10,5,93,0,-1,0.412790521349437,0.138675175779644,0.140992171271574,0.6845888714273,NA,0.0817481591336577,0.0294100127710288,0.0241055933175783,0.139390724949737,NA,-0.99307946154116,0.0370334380710621,-1.06566366638414,-0.920495256698184,NA,0,0,37274.8153381516,37176.3391457368,"0 -1","-1: 15, 0: 10, +1: 5",98.4761924148042
194,15,10,5,94,0,-1,0.341223595226057,0.140495832448022,0.0658568236499606,0.616590366802154,NA,0.00232825563674085,0.0299045267141496,-0.0562835396977084,0.0609400509711901,NA,-1.01532957742113,0.0378978925755854,-1.08960808195925,-0.941051072883019,NA,0,0,37450.1516328246,37344.6119409966,"0 -1","-1: 15, 0: 10, +1: 5",105.539691828053
195,15,10,5,95,0,-1,0.373482758809658,0.143103021691767,0.0930059902149404,0.653959527404376,NA,0.0353917188446749,0.0340254704493061,-0.031296977792997,0.102080415482347,NA,-1.02110457719995,0.0422788768012752,-1.10396965303725,-0.938239501362642,NA,0,0,37643.6515944661,37553.3186612975,"0 -1","-1: 15, 0: 10, +1: 5",90.3329331686109
196,15,10,5,96,0,-1,0.305446190816344,0.13255897819763,0.0456353677215588,0.56525701391113,NA,-0.0116848861298045,0.0312721927048315,-0.0729772575488705,0.0496074852892615,NA,-0.950734623703855,0.0388218718055307,-1.02682409425513,-0.874645153152584,NA,0,0,37504.4575365269,37407.4535740997,"0 -1","-1: 15, 0: 10, +1: 5",97.0039624272031
197,15,10,5,97,0,-1,0.390325883048557,0.142633745667863,0.1107688785595,0.669882887537613,NA,0.0526913905258685,0.0378294255621804,-0.021452921131844,0.126835702183581,NA,-1.00654539662397,0.0474880177718215,-1.09962020115394,-0.913470592094001,NA,0,0,37526.1751748802,37444.9664881226,"0 -1","-1: 15, 0: 10, +1: 5",81.2086867575781
198,15,10,5,98,0,-1,0.328626917257391,0.142700217259466,0.0489396308427956,0.608314203671986,NA,-0.0135921994098897,0.0313176631215799,-0.0749736912081446,0.0477892923883652,NA,-1.02177485606209,0.0390133939854094,-1.09823970318816,-0.945310008936014,NA,0,0,37432.1529187429,37336.6369894582,"0 -1","-1: 15, 0: 10, +1: 5",95.5159292846729
199,15,10,5,99,0,-1,0.363689409943005,0.14757995022255,0.0744380226665936,0.652940797219416,NA,0.0134874359061354,0.0354029351039585,-0.0559010418446321,0.082875913656903,NA,-1.04134263356709,0.0453392606685316,-1.13020595156309,-0.952479315571097,NA,0,0,37367.2095021939,37281.6305495931,"0 -1","-1: 15, 0: 10, +1: 5",85.5789526008448
200,15,10,5,100,0,-1,0.315688814561675,0.134787258423935,0.0515106424758687,0.579866986647481,NA,-0.00205074476360932,0.0447915943736151,-0.0898406565460218,0.0857391670188031,NA,-0.945988790278148,0.0547998272718637,-1.05339447809002,-0.83858310246628,NA,0,0,37630.8572711866,37560.2196073126,"0 -1","-1: 15, 0: 10, +1: 5",70.6376638739239
201,10,10,10,1,0.5,1,0.490803987327848,0.160044323104619,0.177122878112703,0.804485096542993,NA,0.489384718429219,0.0300230677663179,0.430540586901831,0.548228849956607,NA,1.04875231921552,0.0370517419723869,0.976132239385167,1.12137239904587,NA,0,0,37282.340435254,37179.6153892101,"0.5 1","-1: 10, 0: 10, +1: 10",102.725046043932
202,10,10,10,2,0.5,1,0.414875174095619,0.160805732647415,0.0997017295991091,0.730048618592129,NA,0.415195401791125,0.0290993124729079,0.358161797369348,0.472229006212901,NA,1.05766152721369,0.0359501883817343,0.987200452748064,1.12812260167932,NA,0,0,37150.1009947881,37049.7152515334,"0.5 1","-1: 10, 0: 10, +1: 10",100.385743254679
203,10,10,10,3,0.5,1,0.474189093050839,0.150200280036769,0.179801953710941,0.768576232390736,NA,0.472965045822909,0.0285613280261581,0.416985871541004,0.528944220104813,NA,0.990982715271135,0.0364826721441759,0.919477991808768,1.0624874387335,NA,0,0,37194.165131879,37086.5326685727,"0.5 1","-1: 10, 0: 10, +1: 10",107.632463306305
204,10,10,10,4,0.5,1,0.5227912122182,0.156188152570403,0.216668058368363,0.828914366068037,NA,0.522464504938938,0.0304883475511233,0.462708441790597,0.58222056808728,NA,1.03025351895349,0.0376091666880745,0.9565409067563,1.10396613115068,NA,0,0,37277.8945407148,37174.169375505,"0.5 1","-1: 10, 0: 10, +1: 10",103.725165209769
205,10,10,10,5,0.5,1,0.520310590974798,0.155555370605507,0.215427666986225,0.825193514963372,NA,0.518955032657332,0.0324964375974661,0.455263185340445,0.582646879974218,NA,1.02603696656486,0.0398507194682015,0.947930991649173,1.10414294148054,NA,0,0,37374.3225986948,37272.8784565571,"0.5 1","-1: 10, 0: 10, +1: 10",101.444142137669
206,10,10,10,6,0.5,1,0.477663139318283,0.159522646364632,0.165004497725086,0.790321780911481,NA,0.477545218140749,0.0336506079271422,0.411591238545672,0.543499197735826,NA,1.03920107876423,0.0411478099107022,0.958552853296555,1.11984930423191,NA,0,0,37374.0127916571,37282.7070987903,"0.5 1","-1: 10, 0: 10, +1: 10",91.3056928668593
207,10,10,10,7,0.5,1,0.525587527593503,0.150906093026414,0.229817020214082,0.821358034972925,NA,0.524777413418575,0.030233093367922,0.465521639276212,0.584033187560939,NA,0.992502366911971,0.037296202895138,0.919403152477402,1.06560158134654,NA,0,0,37297.7694726267,37200.7390437626,"0.5 1","-1: 10, 0: 10, +1: 10",97.0304288641128
208,10,10,10,8,0.5,1,0.509101592648318,0.155112201702571,0.205087263748566,0.81311592154807,NA,0.512514924833778,0.0312619611073512,0.451242606977278,0.573787242690278,NA,1.02740004184243,0.0382910583268738,0.952350946591831,1.10244913709302,NA,0,0,37367.2377040158,37266.1213988209,"0.5 1","-1: 10, 0: 10, +1: 10",101.116305194897
209,10,10,10,9,0.5,1,0.479330949949064,0.154013520244884,0.17746999713686,0.781191902761268,NA,0.481492478010278,0.0309344088373097,0.420862150806113,0.542122805214442,NA,1.00056293198048,0.0370595439102213,0.927927560632961,1.07319830332799,NA,0,0,37222.5475706746,37129.4167959367,"0.5 1","-1: 10, 0: 10, +1: 10",93.1307747378523
210,10,10,10,10,0.5,1,0.486065048979442,0.151132273850097,0.189851235331608,0.782278862627277,NA,0.484909440610916,0.0252205562443967,0.435478058701832,0.53434082252,NA,0.994908796393289,0.0311616516986618,0.933833081365131,1.05598451142145,NA,0,0,36560.3392208631,36454.4034748002,"0.5 1","-1: 10, 0: 10, +1: 10",105.935746062962
211,10,10,10,11,0.5,1,0.463248791305502,0.150957711442126,0.167377113690346,0.759120468920659,NA,0.463913321067088,0.0358536061155029,0.393641544364818,0.534185097769359,NA,0.979273269921897,0.0442972992753527,0.892452158729813,1.06609438111398,NA,0,0,37431.0959761224,37346.8957293866,"0.5 1","-1: 10, 0: 10, +1: 10",84.2002467357888
212,10,10,10,12,0.5,1,0.551385418043276,0.156214251276655,0.245211111669142,0.85755972441741,NA,0.55292787016983,0.0271853535294869,0.499645556345046,0.606210183994613,NA,1.03103039525626,0.0343379281084336,0.963729292860008,1.09833149765252,NA,0,0,36930.1440336442,36825.3863671153,"0.5 1","-1: 10, 0: 10, +1: 10",104.757666528938
213,10,10,10,13,0.5,1,0.517297208352505,0.144726857465033,0.233637780125378,0.800956636579631,NA,0.517237399183639,0.0318660546461602,0.45478107974778,0.579693718619499,NA,0.943295274022038,0.0392530058762894,0.866360796219572,1.0202297518245,NA,0,0,37402.9907583463,37314.7833033142,"0.5 1","-1: 10, 0: 10, +1: 10",88.2074550320394
214,10,10,10,14,0.5,1,0.572332801972735,0.156236279424442,0.266115321222292,0.878550282723178,NA,0.574825643076861,0.0330230554315918,0.510101643771472,0.639549642382251,NA,1.0315243251203,0.0408065517086751,0.951544953438026,1.11150369680258,NA,0,0,37392.5073857073,37294.1271773558,"0.5 1","-1: 10, 0: 10, +1: 10",98.3802083514965
215,10,10,10,15,0.5,1,0.468640501042439,0.159267749549643,0.156481448026394,0.780799554058485,NA,0.468780667272687,0.0290300803656874,0.411882755287637,0.525678579257738,NA,1.05132408617754,0.0357855295972825,0.981185736999171,1.1214624353559,NA,0,0,37131.4945643862,37030.2585558563,"0.5 1","-1: 10, 0: 10, +1: 10",101.236008529857
216,10,10,10,16,0.5,1,0.543472225413799,0.163507723061317,0.223002977019469,0.86394147380813,NA,0.538804571550209,0.0294015884203242,0.481178517158104,0.596430625942314,NA,1.0718570943809,0.0376531064552652,0.998058361822526,1.14565582693927,NA,0,0,36794.7190641661,36693.409799231,"0.5 1","-1: 10, 0: 10, +1: 10",101.309264935138
217,10,10,10,17,0.5,1,0.448607725504892,0.150089631903936,0.154437452520304,0.74277799848948,NA,0.43909682083205,0.0289613869187984,0.382333545528876,0.495860096135225,NA,0.989166192336912,0.0369599507953397,0.916726019907674,1.06160636476615,NA,0,0,37143.7227343643,37042.5261277036,"0.5 1","-1: 10, 0: 10, +1: 10",101.196606660706
218,10,10,10,18,0.5,1,0.49674911000662,0.160497013437437,0.182180744043002,0.811317475970238,NA,0.494762592648709,0.0332771875574772,0.429540503529269,0.559984681768148,NA,1.04706574413044,0.0418793483469345,0.964983729674438,1.12914775858643,NA,0,0,37422.3249782731,37329.0628002304,"0.5 1","-1: 10, 0: 10, +1: 10",93.2621780426707
219,10,10,10,19,0.5,1,0.487778365111013,0.147996318200007,0.19771091159447,0.777845818627556,NA,0.486518442176503,0.0319428915515409,0.423911525173414,0.549125359179592,NA,0.963263664367024,0.0399518138346171,0.884959548134125,1.04156778059992,NA,0,0,37286.8318112499,37196.8602239528,"0.5 1","-1: 10, 0: 10, +1: 10",89.9715872971574
220,10,10,10,20,0.5,1,0.519560421155954,0.153022707225369,0.219641426177413,0.819479416134495,NA,0.514454969498171,0.0287537109363825,0.458098731640986,0.570811207355356,NA,0.997167406606275,0.0365179303899137,0.925593578252104,1.06874123496045,NA,0,0,37101.5900598607,37003.7355414121,"0.5 1","-1: 10, 0: 10, +1: 10",97.8545184486065
221,10,10,10,21,0.5,1,0.494601705993713,0.147857732220657,0.204805876005458,0.784397535981967,NA,0.495653952206896,0.0296818809976836,0.437478534458032,0.55382936995576,NA,0.976372399391793,0.0369526123818549,0.903946609988689,1.0487981887949,NA,0,0,37348.5084335935,37239.4683163944,"0.5 1","-1: 10, 0: 10, +1: 10",109.040117199096
222,10,10,10,22,0.5,1,0.518923896954541,0.152068758472687,0.220874607174354,0.816973186734729,NA,0.516170057106483,0.0384715240079834,0.440767255620468,0.591572858592499,NA,0.985429847048271,0.0476096150442117,0.8921167162438,1.07874297785274,NA,0,0,37262.0014894316,37181.7314121342,"0.5 1","-1: 10, 0: 10, +1: 10",80.2700772974349
223,10,10,10,23,0.5,1,0.484347242543266,0.150098772574733,0.190159054173121,0.778535430913411,NA,0.481224379280759,0.0298848878545062,0.422651075403908,0.53979768315761,NA,0.979169306579206,0.0373523708483724,0.905960004979213,1.0523786081792,NA,0,0,37356.2484068032,37254.7802336298,"0.5 1","-1: 10, 0: 10, +1: 10",101.468173173394
224,10,10,10,24,0.5,1,0.521569944655499,0.156990470239821,0.213874277069443,0.829265612241555,NA,0.521141164682471,0.0379276214555846,0.446804392610257,0.595477936754686,NA,1.01824521244387,0.0467422445556728,0.926632096558189,1.10985832832955,NA,0,0,37264.8649631152,37181.6412118718,"0.5 1","-1: 10, 0: 10, +1: 10",83.2237512434003
225,10,10,10,25,0.5,1,0.529495015179819,0.158287420065938,0.219257372644818,0.83973265771482,NA,0.526418822767904,0.0289410241680712,0.469695457722781,0.583142187813027,NA,1.03818706042312,0.0366384054393186,0.96637710531108,1.10999701553516,NA,0,0,37133.1891573636,37026.6808695368,"0.5 1","-1: 10, 0: 10, +1: 10",106.508287826757
226,10,10,10,26,0.5,1,0.512413429086484,0.165620342676956,0.187803522332468,0.837023335840501,NA,0.51347335994879,0.0343965478140196,0.446057365040801,0.580889354856778,NA,1.07891688991722,0.0424777557797093,0.995662018444902,1.16217176138954,NA,0,0,37035.1611608908,36944.1906956818,"0.5 1","-1: 10, 0: 10, +1: 10",90.9704652089858
227,10,10,10,27,0.5,1,0.494095773897412,0.146133574304631,0.207679231328229,0.780512316466596,NA,0.492674778333066,0.0331097493156526,0.427780862137237,0.557568694528895,NA,0.949125829173412,0.0411220145812208,0.868528161622488,1.02972349672434,NA,0,0,37479.6988272993,37392.097436801,"0.5 1","-1: 10, 0: 10, +1: 10",87.6013904983411
228,10,10,10,28,0.5,1,0.459057817442406,0.149503820292104,0.166035714118733,0.752079920766079,NA,0.457305405922896,0.0335856113924698,0.391478817194897,0.523131994650895,NA,0.976831540788636,0.041204753528943,0.896071707880059,1.05759137369721,NA,0,0,37569.7816238138,37481.5490374156,"0.5 1","-1: 10, 0: 10, +1: 10",88.2325863982041
229,10,10,10,29,0.5,1,0.533612762226263,0.151538938968649,0.236601899592297,0.830623624860229,NA,0.530247737410235,0.0359182091230394,0.4598493411399,0.60064613368057,NA,0.979469493410327,0.0451964068134312,0.890886163825381,1.06805282299527,NA,0,0,37359.7931930852,37275.1362988865,"0.5 1","-1: 10, 0: 10, +1: 10",84.656894198728
230,10,10,10,30,0.5,1,0.484376428539566,0.152084876362538,0.186295548275765,0.782457308803367,NA,0.487258133189705,0.0336982792281791,0.421210719561499,0.55330554681791,NA,0.996841070863771,0.041156932273195,0.916174965894154,1.07750717583339,NA,0,0,37541.5467581846,37450.3262612446,"0.5 1","-1: 10, 0: 10, +1: 10",91.22049694007
231,10,10,10,31,0.5,1,0.520376708241957,0.152166060217501,0.222136710546302,0.818616705937612,NA,0.521593858903996,0.0302931971644069,0.462220283485187,0.580967434322804,NA,0.99582054719443,0.0380378148541869,0.921267800029621,1.07037329435924,NA,0,0,37106.6901709175,37011.6270843395,"0.5 1","-1: 10, 0: 10, +1: 10",95.0630865780113
232,10,10,10,32,0.5,1,0.507973875361795,0.154656672330896,0.204852367624426,0.811095383099163,NA,0.510279967888858,0.0333257149090745,0.444962766908023,0.575597168869694,NA,1.01553829153614,0.040542018582219,0.936077395254438,1.09499918781784,NA,0,0,37516.057436587,37419.3671308535,"0.5 1","-1: 10, 0: 10, +1: 10",96.6903057334493
233,10,10,10,33,0.5,1,0.556802348222738,0.155537226554515,0.251954985920641,0.861649710524834,NA,0.554302192814831,0.0293320971089262,0.496812338890304,0.611792046739358,NA,1.01971645034208,0.0360409955310106,0.949077397134327,1.09035550354983,NA,0,0,36753.2466082226,36653.6678596745,"0.5 1","-1: 10, 0: 10, +1: 10",99.5787485481342
234,10,10,10,34,0.5,1,0.50361222760692,0.144496291790358,0.220404699798228,0.786819755415613,NA,0.502715049521172,0.029425682749028,0.445041771112576,0.560388327929768,NA,0.946217522184158,0.03663502190454,0.874414198678424,1.01802084568989,NA,0,0,37335.2035096713,37239.0634934649,"0.5 1","-1: 10, 0: 10, +1: 10",96.1400162063292
235,10,10,10,35,0.5,1,0.498936119825984,0.154140040150393,0.196827192555656,0.801045047096312,NA,0.50113951815655,0.02943323401892,0.443451439530927,0.558827596782172,NA,1.01819629828155,0.0371033433960556,0.945475081519263,1.09091751504385,NA,0,0,37232.500204254,37124.1608142729,"0.5 1","-1: 10, 0: 10, +1: 10",108.339389981134
236,10,10,10,36,0.5,1,0.527357628066159,0.15064246148536,0.232103829012391,0.822611427119926,NA,0.524274930134692,0.0300120993276863,0.465452296351988,0.583097563917395,NA,0.983723421451552,0.037477953736863,0.910267981913042,1.05717886099006,NA,0,0,37142.0191681728,37046.6919966217,"0.5 1","-1: 10, 0: 10, +1: 10",95.3271715511146
237,10,10,10,37,0.5,1,0.535322470576272,0.156958321115079,0.227689814116844,0.8429551270357,NA,0.533307727638043,0.0273243452754659,0.479752994996993,0.586862460279094,NA,1.03325938885778,0.0343689134054402,0.965897556395344,1.10062122132022,NA,0,0,36530.8658187922,36427.1435033822,"0.5 1","-1: 10, 0: 10, +1: 10",103.722315409999
238,10,10,10,38,0.5,1,0.493498551971005,0.152528160731343,0.194548850309437,0.792448253632573,NA,0.494202580918582,0.0308095261547411,0.433817019274545,0.554588142562619,NA,1.00081801720192,0.0385303505054788,0.925299917899482,1.07633611650437,NA,0,0,37342.6368625322,37243.5757292476,"0.5 1","-1: 10, 0: 10, +1: 10",99.0611332845365
239,10,10,10,39,0.5,1,0.484235515624599,0.147860567560812,0.194434128471757,0.774036902777441,NA,0.479733722760677,0.0320391468941963,0.416938148752664,0.54252929676869,NA,0.962452188414227,0.0397767917913922,0.88449110908255,1.0404132677459,NA,0,0,37175.1096277654,37085.4448381572,"0.5 1","-1: 10, 0: 10, +1: 10",89.6647896082359
240,10,10,10,40,0.5,1,0.459414404209412,0.15605709832499,0.153548111960605,0.76528069645822,NA,0.462696882972698,0.031499550981345,0.400958897520079,0.524434868425318,NA,1.024297817025,0.0396670215089188,0.946551883493539,1.10204375055645,NA,0,0,37207.6270553273,37112.6268415122,"0.5 1","-1: 10, 0: 10, +1: 10",95.0002138150958
241,10,10,10,41,0.5,1,0.500593261488086,0.1499864743098,0.206625173672736,0.794561349303435,NA,0.502389271404285,0.0298957597226748,0.44379465905738,0.560983883751191,NA,0.987417043992153,0.0361817859116899,0.916502046708902,1.0583320412754,NA,0,0,37371.5966838613,37270.5717474068,"0.5 1","-1: 10, 0: 10, +1: 10",101.024936454451
242,10,10,10,42,0.5,1,0.466935275171826,0.151689821317321,0.169628688568561,0.764241861775092,NA,0.467931744695615,0.031610553279378,0.405976198736649,0.52988729065458,NA,0.991952942717872,0.0381974911464907,0.917087235770963,1.06681864966478,NA,0,0,37165.1979817413,37074.0995592417,"0.5 1","-1: 10, 0: 10, +1: 10",91.0984224995991
243,10,10,10,43,0.5,1,0.5088433580694,0.148437886247155,0.217910447083723,0.799776269055077,NA,0.506452889658221,0.0304022047832093,0.446865663232519,0.566040116083922,NA,0.967767908175057,0.0380694331013268,0.8931531903846,1.04238262596551,NA,0,0,37349.6255253733,37256.4094470942,"0.5 1","-1: 10, 0: 10, +1: 10",93.2160782791107
244,10,10,10,44,0.5,1,0.513739174218536,0.14857618773403,0.222535197299575,0.804943151137496,NA,0.513244663557827,0.0336142601813494,0.447361924235423,0.57912740288023,NA,0.967267250625672,0.0416736244283912,0.885588447640777,1.04894605361057,NA,0,0,37259.0828927186,37172.2177748805,"0.5 1","-1: 10, 0: 10, +1: 10",86.8651178380969
245,10,10,10,45,0.5,1,0.504866545723758,0.151819802098768,0.207305201470173,0.802427889977342,NA,0.506207099883582,0.0324470476548109,0.442612055075498,0.569802144691666,NA,1.00046959255702,0.0402137930946705,0.921652006409719,1.07928717870432,NA,0,0,37448.1496744123,37346.2808786102,"0.5 1","-1: 10, 0: 10, +1: 10",101.868795802053
246,10,10,10,46,0.5,1,0.419677503569957,0.157549842970585,0.11088548557767,0.728469521562244,NA,0.417108597195748,0.031331707340773,0.355699579233683,0.478517615157812,NA,1.03015941954999,0.0389994652112171,0.953721872319679,1.1065969667803,NA,0,0,37423.379335994,37324.6347473347,"0.5 1","-1: 10, 0: 10, +1: 10",98.7445886592977
247,10,10,10,47,0.5,1,0.503023932075692,0.150384326473867,0.208276068347599,0.797771795803784,NA,0.501762902131658,0.0261390142246464,0.450531375659971,0.552994428603345,NA,0.992654005028852,0.0331767360372083,0.927628797271332,1.05767921278637,NA,0,0,36903.9728663934,36793.5066184273,"0.5 1","-1: 10, 0: 10, +1: 10",110.466247966113
248,10,10,10,48,0.5,1,0.491416991489579,0.150481477809856,0.196478714641898,0.78635526833726,NA,0.492714378413685,0.0292937144722359,0.435299753074703,0.550129003752668,NA,0.993597781547605,0.0370547552550573,0.920971795791746,1.06622376730346,NA,0,0,37231.9937207968,37129.1593822992,"0.5 1","-1: 10, 0: 10, +1: 10",102.834338497676
249,10,10,10,49,0.5,1,0.507033863129229,0.153049344764971,0.207062659532431,0.807005066726026,NA,0.504372514456852,0.0270812028889541,0.45129433213648,0.557450696777224,NA,1.00041595565483,0.0336578109703017,0.934447858354581,1.06638405295508,NA,0,0,37090.4117836705,36987.9902461519,"0.5 1","-1: 10, 0: 10, +1: 10",102.421537518545
250,10,10,10,50,0.5,1,0.529562545468885,0.149431262831102,0.236682652155586,0.822442438782185,NA,0.530178311771814,0.0324227579792383,0.466630873853048,0.593725749690579,NA,0.98161678987594,0.0397031468075299,0.903800052060275,1.0594335276916,NA,0,0,37465.2425343954,37374.1951461621,"0.5 1","-1: 10, 0: 10, +1: 10",91.0473882333608
251,10,10,10,51,0.5,1,0.472481197067079,0.154553842503512,0.16956123208792,0.775401162046237,NA,0.472700914778201,0.0256231125151077,0.422480537076772,0.522921292479629,NA,1.01788188339334,0.0319208389606072,0.95531818867425,1.08044557811244,NA,0,0,36848.53204629,36740.9596978383,"0.5 1","-1: 10, 0: 10, +1: 10",107.5723484517
252,10,10,10,52,0.5,1,0.528378792385939,0.158659776647019,0.217411344362613,0.839346240409265,NA,0.527899311603297,0.0316105143110554,0.46594384202084,0.589854781185753,NA,1.03753991652962,0.0399191708283683,0.959299779413314,1.11578005364592,NA,0,0,37203.2028175469,37108.3586226986,"0.5 1","-1: 10, 0: 10, +1: 10",94.8441948482214
253,10,10,10,53,0.5,1,0.451399966724004,0.15804869634443,0.141630214085413,0.761169719362595,NA,0.451982350047994,0.0308505870169525,0.391516310592848,0.51244838950314,NA,1.04019671470151,0.0370396473398922,0.967600339915258,1.11279308948776,NA,0,0,37412.8643544791,37310.4682336481,"0.5 1","-1: 10, 0: 10, +1: 10",102.39612083097
254,10,10,10,54,0.5,1,0.516403081676538,0.151007142121888,0.220434521709316,0.812371641643759,NA,0.516616882051981,0.0313893216170448,0.455094942183428,0.578138821920533,NA,0.990850379563168,0.038611635363222,0.91517296486706,1.06652779425928,NA,0,0,37391.7603444964,37292.4189092616,"0.5 1","-1: 10, 0: 10, +1: 10",99.3414352347245
255,10,10,10,55,0.5,1,0.49891823060401,0.158716814848748,0.187838989759552,0.809997471448468,NA,0.494454362716062,0.0277503673053512,0.440064642239816,0.548844083192308,NA,1.04457101690615,0.0328904165320819,0.980106985066744,1.10903504874555,NA,0,0,36980.5625365644,36875.4353940694,"0.5 1","-1: 10, 0: 10, +1: 10",105.127142495025
256,10,10,10,56,0.5,1,0.481689138772202,0.151717339907412,0.184328616723452,0.779049660820952,NA,0.481095750973604,0.0346054431855715,0.413270328660837,0.548921173286371,NA,0.984236899571907,0.042576204380647,0.900789072387422,1.06768472675639,NA,0,0,37496.4640247849,37410.3341983308,"0.5 1","-1: 10, 0: 10, +1: 10",86.1298264540965
257,10,10,10,57,0.5,1,0.500967769195053,0.154046685909276,0.199041812875118,0.802893725514987,NA,0.502244901362197,0.0224551606980919,0.458233595126878,0.546256207597516,NA,1.0241996987269,0.0277241152689471,0.969861431296531,1.07853796615728,NA,0,0,36494.8705340402,36374.7130515066,"0.5 1","-1: 10, 0: 10, +1: 10",120.157482533643
258,10,10,10,58,0.5,1,0.489834741977024,0.146486814029697,0.2027258622688,0.776943621685247,NA,0.492507656255415,0.0232384996438584,0.446961033898706,0.538054278612125,NA,0.959828950558021,0.0302443685661208,0.900551077433269,1.01910682368277,NA,0,0,36338.4384535419,36221.7853771709,"0.5 1","-1: 10, 0: 10, +1: 10",116.653076371025
259,10,10,10,59,0.5,1,0.473270431405359,0.158100469161526,0.163399205909883,0.783141656900836,NA,0.470798585583726,0.0233892372465618,0.424956522954602,0.51664064821285,NA,1.04703907833551,0.0289739681153618,0.990251144340185,1.10382701233083,NA,0,0,36306.1387508408,36181.2425867039,"0.5 1","-1: 10, 0: 10, +1: 10",124.896164136953
260,10,10,10,60,0.5,1,0.48668856038127,0.15172271862515,0.189317496239471,0.784059624523069,NA,0.481860305472249,0.0259196529661311,0.431058719166855,0.532661891777643,NA,1.00073392046452,0.0327080678295632,0.936627285514681,1.06484055541436,NA,0,0,36748.0384223102,36642.8708020705,"0.5 1","-1: 10, 0: 10, +1: 10",105.167620239728
261,10,10,10,61,0.5,1,0.493775193694845,0.157863960473281,0.184367516710361,0.80318287067933,NA,0.49477917349017,0.0369574331057497,0.422343935641852,0.567214411338488,NA,1.02842097513387,0.0455276713103518,0.939188379065604,1.11765357120214,NA,0,0,37458.2006887936,37372.4567300407,"0.5 1","-1: 10, 0: 10, +1: 10",85.7439587529443
262,10,10,10,62,0.5,1,0.450460617384262,0.149886826066704,0.156687836536503,0.744233398232021,NA,0.451566133248289,0.0286908062656441,0.39533318628021,0.507799080216367,NA,0.990609980532017,0.0353843830600033,0.921257864119242,1.05996209694479,NA,0,0,37315.4741912557,37205.3246417764,"0.5 1","-1: 10, 0: 10, +1: 10",110.14954947932
263,10,10,10,63,0.5,1,0.561055435617364,0.15843881368543,0.250521067040668,0.871589804194059,NA,0.560265478328892,0.0311665743053621,0.499180115168891,0.621350841488894,NA,1.03835065809611,0.0385041631758692,0.962883885016552,1.11381743117567,NA,0,0,37269.4246870373,37170.6846910062,"0.5 1","-1: 10, 0: 10, +1: 10",98.7399960311814
264,10,10,10,64,0.5,1,0.479359982231808,0.141660093069158,0.201711301769665,0.757008662693951,NA,0.479787217172821,0.0330329061858809,0.415043910743804,0.544530523601838,NA,0.928943866015564,0.0405657877791423,0.84943638296395,1.00845134906718,NA,0,0,37582.7194365934,37491.5559366396,"0.5 1","-1: 10, 0: 10, +1: 10",91.1634999537782
265,10,10,10,65,0.5,1,0.500955192430149,0.14941274186261,0.208111599548053,0.793798785312245,NA,0.494550649486464,0.0239973854100003,0.447516638359736,0.541584660613191,NA,0.99157883251934,0.0301467534003901,0.932492281603765,1.05066538343491,NA,0,0,36349.6019010909,36234.461850891,"0.5 1","-1: 10, 0: 10, +1: 10",115.140050199894
266,10,10,10,66,0.5,1,0.51195874938691,0.162858347359259,0.192762253981049,0.831155244792771,NA,0.502383108652795,0.0252456976625306,0.452902450469647,0.551863766835942,NA,1.05207590741856,0.0327597160217773,0.987868043872119,1.11628377096501,NA,0,0,36753.4665619338,36641.1655354156,"0.5 1","-1: 10, 0: 10, +1: 10",112.301026518173
267,10,10,10,67,0.5,1,0.546124676016056,0.15305544375547,0.246141518617539,0.846107833414573,NA,0.543957883114719,0.0291983406794902,0.486730186974588,0.601185579254851,NA,0.999347124484411,0.0372056224658758,0.926425444428901,1.07226880453992,NA,0,0,37086.4814147016,36989.0854382891,"0.5 1","-1: 10, 0: 10, +1: 10",97.3959764124957
268,10,10,10,68,0.5,1,0.498161751091247,0.149914323244295,0.204335076765734,0.79198842541676,NA,0.496569365526836,0.0262336301515018,0.445152395246149,0.547986335807524,NA,0.984653776519129,0.0328478737730695,0.920273126955195,1.04903442608306,NA,0,0,36833.5827456082,36731.0880748746,"0.5 1","-1: 10, 0: 10, +1: 10",102.494670733664
269,10,10,10,69,0.5,1,0.491905139566799,0.151697859123653,0.194582799152609,0.789227479980989,NA,0.490867462351761,0.0376231244038745,0.417127493534297,0.564607431169225,NA,0.987396402558124,0.0455410425423197,0.898137599356771,1.07665520575948,NA,0,0,37444.0877317139,37362.0782479191,"0.5 1","-1: 10, 0: 10, +1: 10",82.0094837948491
270,10,10,10,70,0.5,1,0.506698866915701,0.143203789526774,0.22602459699357,0.787373136837831,NA,0.505676119485493,0.0293091681114956,0.448231205570131,0.563121033400854,NA,0.93614435911226,0.0357245425650481,0.866125542320598,1.00616317590392,NA,0,0,37270.6802064383,37175.4448821356,"0.5 1","-1: 10, 0: 10, +1: 10",95.235324302761
271,10,10,10,71,0.5,1,0.495803957077187,0.151743900758825,0.198391376716271,0.793216537438103,NA,0.488318897413591,0.0240458026975688,0.441189990147,0.535447804680182,NA,1.00365082887839,0.0311798531927393,0.942539439577375,1.06476221817941,NA,0,0,36637.2778088373,36516.0866888071,"0.5 1","-1: 10, 0: 10, +1: 10",121.191120030257
272,10,10,10,72,0.5,1,0.461103848137549,0.148674181222011,0.169707807511426,0.752499888763673,NA,0.457492096629361,0.0296405589877676,0.399397668531702,0.515586524727021,NA,0.974534838866934,0.0371999420886056,0.901624292146291,1.04744538558758,NA,0,0,37243.0667211138,37147.7247064885,"0.5 1","-1: 10, 0: 10, +1: 10",95.3420146252829
273,10,10,10,73,0.5,1,0.516507274541119,0.154127045664815,0.214423815994522,0.818590733087716,NA,0.513417441742468,0.0289176044147305,0.45673997857042,0.570094904914516,NA,1.01255330194976,0.0360317946522008,0.941932282133105,1.08317432176642,NA,0,0,36985.6226579896,36886.4035684689,"0.5 1","-1: 10, 0: 10, +1: 10",99.2190895207168
274,10,10,10,74,0.5,1,0.518281140551708,0.158783232964236,0.207071722592973,0.829490558510444,NA,0.518678857787175,0.0302608894499207,0.459368604325182,0.577989111249168,NA,1.04380736200969,0.0374730976366071,0.970361440252789,1.1172532837666,NA,0,0,37247.7379853208,37150.1816794243,"0.5 1","-1: 10, 0: 10, +1: 10",97.5563058964544
275,10,10,10,75,0.5,1,0.492738168754917,0.1438287127173,0.210839071886251,0.774637265623583,NA,0.489626349625806,0.0342198671468767,0.422556642462182,0.556696056789429,NA,0.92743996877047,0.0418031849256409,0.845507231877146,1.00937270566379,NA,0,0,37563.2457946422,37480.6042259168,"0.5 1","-1: 10, 0: 10, +1: 10",82.6415687253539
276,10,10,10,76,0.5,1,0.511195116978455,0.160758621341666,0.196114008944479,0.826276225012432,NA,0.511791855707937,0.0296325022215364,0.453713218581922,0.569870492833951,NA,1.05203428387367,0.0368238887844553,0.979860788085427,1.12420777966191,NA,0,0,37080.6565053014,36979.303899159,"0.5 1","-1: 10, 0: 10, +1: 10",101.352606142398
277,10,10,10,77,0.5,1,0.532635636113696,0.152393823135604,0.233949231301545,0.831322040925847,NA,0.532144467521902,0.031205004338895,0.470983782880251,0.593305152163552,NA,1.00072282360834,0.0383215973099032,0.925613873050878,1.07583177416579,NA,0,0,37225.4576495163,37132.1635525699,"0.5 1","-1: 10, 0: 10, +1: 10",93.2940969463743
278,10,10,10,78,0.5,1,0.455679776605322,0.155959398271003,0.150004972943618,0.761354580267026,NA,0.455338593325555,0.0350908288414647,0.386561832608625,0.524115354042485,NA,1.0166353107311,0.0429875618604627,0.932381237701404,1.10088938376079,NA,0,0,37442.2510605369,37355.0791186802,"0.5 1","-1: 10, 0: 10, +1: 10",87.1719418566208
279,10,10,10,79,0.5,1,0.468184049146375,0.150464847699915,0.173278366715238,0.763089731577512,NA,0.466013066416548,0.0258355228626916,0.415376372083911,0.516649760749185,NA,0.996910524726578,0.0330344643762548,0.932164164300547,1.06165688515261,NA,0,0,36872.6179626782,36757.446730715,"0.5 1","-1: 10, 0: 10, +1: 10",115.171231963184
280,10,10,10,80,0.5,1,0.482989459193832,0.144047856074702,0.200660849237208,0.765318069150457,NA,0.482378283289227,0.0321536591816486,0.41935826932202,0.545398297256433,NA,0.934718046035967,0.0402429110692543,0.85584338970718,1.01359270236475,NA,0,0,37495.2453411477,37406.7522074562,"0.5 1","-1: 10, 0: 10, +1: 10",88.4931336914742
281,10,10,10,81,0.5,1,0.489842149003767,0.162659029193379,0.171036310024494,0.808647987983039,NA,0.488347244753431,0.0307168069979334,0.428143409317413,0.548551080189448,NA,1.07554821656583,0.0381055533308453,1.0008627044264,1.15023372870525,NA,0,0,37208.5416922707,37101.7133550506,"0.5 1","-1: 10, 0: 10, +1: 10",106.828337220046
282,10,10,10,82,0.5,1,0.536278098396417,0.156501753008976,0.229540298981441,0.843015897811392,NA,0.536238957028722,0.0360083808056893,0.465663827507968,0.606814086549476,NA,1.02200950669262,0.0443024053963928,0.935178387687202,1.10884062569805,NA,0,0,37566.0061317668,37474.8203557759,"0.5 1","-1: 10, 0: 10, +1: 10",91.1857759908671
283,10,10,10,83,0.5,1,0.493971494776021,0.155018439471242,0.190140936472784,0.797802053079258,NA,0.494071084943807,0.0287835863423819,0.437656292366839,0.550485877520774,NA,1.0278568594143,0.0355601297480481,0.958160285822551,1.09755343300604,NA,0,0,37175.7244877577,37061.8451685544,"0.5 1","-1: 10, 0: 10, +1: 10",113.879319203304
284,10,10,10,84,0.5,1,0.513890728376092,0.145330007972055,0.229049146877945,0.798732309874238,NA,0.512766911911094,0.0281683449784366,0.457557970249259,0.56797585357293,NA,0.954704638866835,0.0346110744077898,0.886868179561331,1.02254109817234,NA,0,0,37193.0100622086,37095.9462589452,"0.5 1","-1: 10, 0: 10, +1: 10",97.0638032633797
285,10,10,10,85,0.5,1,0.550579898940842,0.154145550972862,0.24846017065695,0.852699627224734,NA,0.550738066204304,0.029076630058254,0.493748918498332,0.607727213910277,NA,1.00715699456539,0.0362625506285339,0.936083701345902,1.07823028778488,NA,0,0,36688.3919960945,36590.3104090113,"0.5 1","-1: 10, 0: 10, +1: 10",98.0815870831721
286,10,10,10,86,0.5,1,0.45897157657608,0.143807111648563,0.177114817024167,0.740828336127993,NA,0.458344930781346,0.0297315730841776,0.400072118332637,0.516617743230054,NA,0.933313838478681,0.0364196768386217,0.861932583546395,1.00469509341097,NA,0,0,37337.4441494576,37245.1679729126,"0.5 1","-1: 10, 0: 10, +1: 10",92.2761765450341
287,10,10,10,87,0.5,1,0.504825128556873,0.155917925238885,0.199231610544451,0.810418646569296,NA,0.500161283405237,0.0288525800196924,0.44361126570558,0.556711301104894,NA,1.02071710309371,0.0368709038275696,0.948451459514236,1.09298274667319,NA,0,0,37141.0390192865,37036.3667317652,"0.5 1","-1: 10, 0: 10, +1: 10",104.672287521251
288,10,10,10,88,0.5,1,0.470015720861301,0.156151669573747,0.163964072370959,0.776067369351644,NA,0.470161739751715,0.0329418718059128,0.40559685742879,0.534726622074639,NA,1.03085783859295,0.0404982104017769,0.951482804767144,1.11023287241876,NA,0,0,37490.9983855401,37383.7317611648,"0.5 1","-1: 10, 0: 10, +1: 10",107.266624375261
289,10,10,10,89,0.5,1,0.486418006224843,0.147735959619641,0.196860846148884,0.775975166300802,NA,0.487494191967151,0.0303865212986483,0.427937704606341,0.54705067932796,NA,0.962894624447121,0.0370045644978853,0.890367010767676,1.03542223812657,NA,0,0,37401.2193525967,37306.1284663583,"0.5 1","-1: 10, 0: 10, +1: 10",95.0908862383367
290,10,10,10,90,0.5,1,0.482579538489148,0.154876015653576,0.179028125739078,0.786130951239219,NA,0.48270656210807,0.0420479173853393,0.40029415840789,0.565118965808251,NA,0.993058448848785,0.0515624546165508,0.891997894845865,1.09411900285171,NA,0,0,37520.5915428144,37446.0574513211,"0.5 1","-1: 10, 0: 10, +1: 10",74.534091493384
291,10,10,10,91,0.5,1,0.496793860366847,0.154238547833907,0.194491861584631,0.799095859149063,NA,0.494609764049481,0.0264961465989739,0.442678270986399,0.546541257112563,NA,1.01700936793721,0.0329957751533491,0.95233883699466,1.08167989887975,NA,0,0,36932.5765217983,36826.1470235377,"0.5 1","-1: 10, 0: 10, +1: 10",106.429498260666
292,10,10,10,92,0.5,1,0.504926339330979,0.154484241402223,0.20214279000363,0.807709888658328,NA,0.502521529830459,0.0278977038384088,0.447843035055813,0.557200024605105,NA,1.02315184289334,0.0338087801966713,0.956887851346631,1.08941583444004,NA,0,0,37072.9918252407,36963.1898751613,"0.5 1","-1: 10, 0: 10, +1: 10",109.80195007944
293,10,10,10,93,0.5,1,0.54739382126591,0.159905728318043,0.2339843528409,0.860803289690921,NA,0.548259341722227,0.0274662250770887,0.494426529779862,0.602092153664592,NA,1.05702405117893,0.0348311124501503,0.988756325235173,1.12529177712269,NA,0,0,36919.6395449628,36808.6626845025,"0.5 1","-1: 10, 0: 10, +1: 10",110.976860460287
294,10,10,10,94,0.5,1,0.524835082581748,0.142509184340608,0.245522213807977,0.80414795135552,NA,0.523154053808342,0.0291649753600221,0.4659917524927,0.580316355123983,NA,0.927065122965322,0.0360980535734045,0.856314238049452,0.997816007881192,NA,0,0,37343.6424631541,37250.1655894953,"0.5 1","-1: 10, 0: 10, +1: 10",93.4768736587357
295,10,10,10,95,0.5,1,0.495720452679983,0.156357428844777,0.189265523428937,0.802175381931029,NA,0.495202789563527,0.0378534729580861,0.421011345875918,0.569394233251137,NA,1.0051057181046,0.046297315941738,0.914364646277925,1.09584678993128,NA,0,0,37537.7964065155,37456.3546534453,"0.5 1","-1: 10, 0: 10, +1: 10",81.4417530701903
296,10,10,10,96,0.5,1,0.513513430111025,0.15703002047659,0.205740245485322,0.821286614736728,NA,0.512804355020807,0.0292579260111718,0.455459873776572,0.570148836265041,NA,1.0244299082245,0.0370819960658206,0.951750531460639,1.09710928498837,NA,0,0,37042.5064615342,36945.4932400849,"0.5 1","-1: 10, 0: 10, +1: 10",97.0132214493569
297,10,10,10,97,0.5,1,0.480006694441232,0.150344028775706,0.185337812750196,0.774675576132269,NA,0.477642223563184,0.0311872822288527,0.416516273618946,0.538768173507421,NA,0.977014568764171,0.0386693692579312,0.901223997713745,1.0528051398146,NA,0,0,37421.6499826711,37331.4986608769,"0.5 1","-1: 10, 0: 10, +1: 10",90.151321794212
298,10,10,10,98,0.5,1,0.531354152854968,0.158145765649571,0.221394147874297,0.841314157835639,NA,0.532021765379532,0.0288446089781675,0.475487370634183,0.588556160124881,NA,1.04012048660345,0.0360213455218305,0.969519946705991,1.11072102650091,NA,0,0,37050.7511960975,36950.2025316238,"0.5 1","-1: 10, 0: 10, +1: 10",100.548664473761
299,10,10,10,99,0.5,1,0.49717668056712,0.147157661981647,0.208752963033972,0.785600398100268,NA,0.497765582835678,0.0292586847182343,0.440419614552926,0.555111551118429,NA,0.962098185796641,0.0359349871217015,0.891666905253195,1.03252946634009,NA,0,0,37351.7625665649,37244.6121107078,"0.5 1","-1: 10, 0: 10, +1: 10",107.150455857038
300,10,10,10,100,0.5,1,0.525944833956705,0.14557177799581,0.240629391919456,0.811260275993953,NA,0.525164358918246,0.0304946466808485,0.46539594970251,0.584932768133983,NA,0.952363873767106,0.0377586046298817,0.87835836858605,1.02636937894816,NA,0,0,37329.2008048664,37235.5616765858,"0.5 1","-1: 10, 0: 10, +1: 10",93.6391282805853
301,10,10,10,1,0,-1,0.060360397966899,0.158927739253116,-0.251132247113581,0.371853043047379,NA,0.0613485571285767,0.0379597934643343,-0.0130512709220974,0.135748385179251,NA,-1.02626022497202,0.047231871759342,-1.11883299254274,-0.933687457401295,NA,0,0,37483.224370426,37400.2426702718,"0 -1","-1: 10, 0: 10, +1: 10",82.9817001542251
302,10,10,10,2,0,-1,-0.0313507926110675,0.136860170855688,-0.299591798406214,0.236890213184079,NA,-0.0317025341709465,0.0272457897297719,-0.0851033007716506,0.0216982324297576,NA,-0.894920113369626,0.033891771383875,-0.961346764654286,-0.828493462084966,NA,0,0,37563.5079116069,37469.1587739716,"0 -1","-1: 10, 0: 10, +1: 10",94.3491376353122
303,10,10,10,3,0,-1,-0.0174059762627203,0.156340430522835,-0.323827589414963,0.289015636889523,NA,-0.0151857136397637,0.0291470725790559,-0.0723129261494883,0.0419414988699609,NA,-1.02404619505525,0.0370732914507265,-1.09670851108704,-0.951383879023474,NA,0,0,37466.727672167,37359.2197450614,"0 -1","-1: 10, 0: 10, +1: 10",107.507927105667
304,10,10,10,4,0,-1,-0.00798509803915199,0.155647034819774,-0.313047680586362,0.297077484508058,NA,-0.00692742285480717,0.0313222986384701,-0.0683180000992165,0.0544631543896022,NA,-1.01891500319966,0.0387755334934705,-1.09491365232819,-0.942916354071136,NA,0,0,37536.9894167753,37442.8964562386,"0 -1","-1: 10, 0: 10, +1: 10",94.0929605367201
305,10,10,10,5,0,-1,-0.0418837303650127,0.150310454687567,-0.336486808052484,0.252719347322458,NA,-0.0423017959738595,0.03309860126459,-0.107173862391108,0.0225702704433887,NA,-0.993066156028205,0.0403890098560232,-1.07222716071724,-0.913905151339166,NA,0,0,37711.2837614985,37613.9236843342,"0 -1","-1: 10, 0: 10, +1: 10",97.3600771642814
306,10,10,10,6,0,-1,0.0313326134571936,0.153088823973026,-0.268715967965529,0.331381194879917,NA,0.0315519652735063,0.0297763451769423,-0.0268085988645335,0.089912529411546,NA,-1.00449432141953,0.0362163235247637,-1.07547701118052,-0.933511631658543,NA,0,0,37545.8921343269,37445.2386101887,"0 -1","-1: 10, 0: 10, +1: 10",100.653524138244
307,10,10,10,7,0,-1,-0.0563111180243629,0.150612150849496,-0.351505509323489,0.238883273274763,NA,-0.0561393140990262,0.0298871406504644,-0.114717033374819,0.00243840517676689,NA,-0.991478888289696,0.0367006091476758,-1.06341076042982,-0.91954701614957,NA,0,0,37574.5915726799,37476.2485661313,"0 -1","-1: 10, 0: 10, +1: 10",98.3430065486245
308,10,10,10,8,0,-1,-0.0194058196372934,0.150128735061665,-0.313652733402712,0.274841094128125,NA,-0.018570317483353,0.0286229643075682,-0.074670296656962,0.0375296616902561,NA,-0.98372139647033,0.0353710316278574,-1.05304734455696,-0.914395448383703,NA,0,0,37479.6505049233,37380.1127820113,"0 -1","-1: 10, 0: 10, +1: 10",99.5377229120495
309,10,10,10,9,0,-1,0.00496916976614851,0.149074371216288,-0.28721122883573,0.297149568368027,NA,0.00858303132404835,0.0265735213553358,-0.0435001134748158,0.0606661761229125,NA,-0.990154801901193,0.0322597194864476,-1.053382690246,-0.926926913556391,NA,0,0,37340.3560593158,37237.0800434678,"0 -1","-1: 10, 0: 10, +1: 10",103.276015847972
310,10,10,10,10,0,-1,0.0315776547430247,0.154313919377111,-0.270872069549331,0.33402737903538,NA,0.0292160519898575,0.0255452286609021,-0.020851676162351,0.079283780142066,NA,-1.01583265471629,0.0320205313176156,-1.07859174286466,-0.95307356656793,NA,0,0,36941.758391744,36836.0784042637,"0 -1","-1: 10, 0: 10, +1: 10",105.679987480333
311,10,10,10,11,0,-1,-0.0268018116142327,0.152443173457034,-0.325584941279012,0.271981318050546,NA,-0.0256035636528809,0.0328682632130696,-0.09002417578488,0.0388170484791181,NA,-0.990851871779294,0.0405486720919233,-1.07032580870039,-0.9113779348582,NA,0,0,37680.9697606181,37591.1153518636,"0 -1","-1: 10, 0: 10, +1: 10",89.8544087544215
312,10,10,10,12,0,-1,-0.0420015663143519,0.155415112288163,-0.346609589052399,0.262606456423696,NA,-0.0417926715213129,0.0266009198602559,-0.0939295164030507,0.0103441733604248,NA,-1.02610838951213,0.0330340320818495,-1.0908539026567,-0.961362876367565,NA,0,0,37315.6890607236,37207.4768501848,"0 -1","-1: 10, 0: 10, +1: 10",108.212210538783
313,10,10,10,13,0,-1,-0.0151369812200202,0.157151327708508,-0.323147923651348,0.292873961211307,NA,-0.0152410340759435,0.0323610977540632,-0.0786676201740874,0.0481855520222004,NA,-1.02701271354468,0.0400800917847635,-1.10556824993988,-0.948457177149486,NA,0,0,37505.6500856593,37413.193199326,"0 -1","-1: 10, 0: 10, +1: 10",92.4568863332679
314,10,10,10,14,0,-1,-0.0070939270811018,0.14806954557587,-0.29730490361702,0.283117049454816,NA,-0.00697664111645832,0.0362622865108592,-0.078049416674815,0.0640961344418984,NA,-0.958396811040667,0.0447808486741727,-1.04616566163918,-0.87062796044215,NA,0,0,37669.4387390476,37586.9128838091,"0 -1","-1: 10, 0: 10, +1: 10",82.5258552385712
315,10,10,10,15,0,-1,0.0249778372842329,0.157301626620634,-0.283327685601776,0.333283360170242,NA,0.0241548772035566,0.0328124562617583,-0.0401563553137856,0.0884661097208987,NA,-1.03175828565777,0.0402561680597402,-1.11065892521045,-0.952857646105083,NA,0,0,37484.6946806172,37392.1919528935,"0 -1","-1: 10, 0: 10, +1: 10",92.5027277236804
316,10,10,10,16,0,-1,0.012656560522847,0.150122255985795,-0.281577654487213,0.306890775532907,NA,0.0108534378253152,0.0286898045169559,-0.0453775457514129,0.0670844214020432,NA,-0.989421021805915,0.0355189479867552,-1.05903688062871,-0.919805162983123,NA,0,0,37479.5707327007,37372.9495255886,"0 -1","-1: 10, 0: 10, +1: 10",106.621207112126
317,10,10,10,17,0,-1,0.0446477087006137,0.156897314334406,-0.262865376665882,0.35216079406711,NA,0.0407673630959024,0.0307136184649847,-0.019430222930372,0.100964949122177,NA,-1.02937007823754,0.0380682428800649,-1.10398246323719,-0.954757693237894,NA,0,0,37471.6697695099,37370.5185368044,"0 -1","-1: 10, 0: 10, +1: 10",101.15123270551
318,10,10,10,18,0,-1,0.0555992310796611,0.15228070374596,-0.242865463802833,0.354063925962155,NA,0.0549789388442267,0.0370470122490217,-0.0176318708986701,0.127589748587123,NA,-0.980927520179446,0.0463068486079593,-1.0716872756886,-0.890167764670297,NA,0,0,37677.0300238695,37595.5135543093,"0 -1","-1: 10, 0: 10, +1: 10",81.5164695601998
319,10,10,10,19,0,-1,-0.0092373263963968,0.148405277156986,-0.300106324739775,0.281631671946981,NA,-0.00804463874241187,0.0279297539283531,-0.0627859505390501,0.0466966730542263,NA,-0.982228195816961,0.0352624738541944,-1.05134137457697,-0.913115017056954,NA,0,0,37480.6731715967,37369.8450533968,"0 -1","-1: 10, 0: 10, +1: 10",110.828118199868
320,10,10,10,20,0,-1,-0.0180134455702284,0.146570440927639,-0.305286230986556,0.269259339846099,NA,-0.0161190324830211,0.0281894206594813,-0.0713692817206537,0.0391312167546115,NA,-0.95553648301732,0.0354647743079341,-1.02504616338071,-0.886026802653928,NA,0,0,37527.3872803728,37429.0819323098,"0 -1","-1: 10, 0: 10, +1: 10",98.3053480630479
321,10,10,10,21,0,-1,-0.0157891830347956,0.15543105418191,-0.320428451310432,0.288850085240841,NA,-0.0160472886911814,0.0293469994477946,-0.0735663506631756,0.0414717732808129,NA,-1.01738898298908,0.0368275508543242,-1.08956965630237,-0.945208309675786,NA,0,0,37418.6454996698,37320.9307419404,"0 -1","-1: 10, 0: 10, +1: 10",97.7147577294672
322,10,10,10,22,0,-1,0.00618456611151518,0.15170451758643,-0.291150824649912,0.303519956872942,NA,0.00419435436889808,0.0324312683608251,-0.0593697635912725,0.0677584723290686,NA,-0.991781672186119,0.0397139051555561,-1.06961949597645,-0.91394384839579,NA,0,0,37636.1459862146,37545.0291860332,"0 -1","-1: 10, 0: 10, +1: 10",91.1168001813639
323,10,10,10,23,0,-1,-0.0539686296759565,0.153170996440548,-0.354178266175544,0.246241006823631,NA,-0.054851170461435,0.028768483604686,-0.111236362216451,0.00153402129358059,NA,-1.0079761078952,0.0363171154196369,-1.07915634614007,-0.936795869650323,NA,0,0,37478.6869220712,37375.2993031776,"0 -1","-1: 10, 0: 10, +1: 10",103.387618893612
324,10,10,10,24,0,-1,-0.0180066440671008,0.150424415686243,-0.312833081207619,0.276819793073418,NA,-0.0181549487287514,0.0309984624457105,-0.0789108186984614,0.0426009212409586,NA,-0.991460548029683,0.0379865836133389,-1.06591288380755,-0.917008212251819,NA,0,0,37632.7431270313,37532.1260178003,"0 -1","-1: 10, 0: 10, +1: 10",100.617109230981
325,10,10,10,25,0,-1,-0.0109186425361907,0.147318880436316,-0.299658342434132,0.277821057361751,NA,-0.0105494308572977,0.0275408125882483,-0.0645284316352317,0.0434295699206363,NA,-0.972271787113314,0.0344299087629396,-1.03975316827968,-0.904790405946953,NA,0,0,37477.9048864737,37367.917118369,"0 -1","-1: 10, 0: 10, +1: 10",109.987768104715
326,10,10,10,26,0,-1,-0.0476612468602125,0.152766941463233,-0.347078950156488,0.251756456436063,NA,-0.0471443457732462,0.0308775919311917,-0.107663313887707,0.0133746223412141,NA,-1.00048148397829,0.0379785802132535,-1.07491813338023,-0.926044834576343,NA,0,0,37604.664296589,37505.8050178622,"0 -1","-1: 10, 0: 10, +1: 10",98.859278726748
327,10,10,10,27,0,-1,0.0545221877174414,0.149619230527059,-0.238726115510189,0.347770490945072,NA,0.0535368290021832,0.0307723074024568,-0.00677578522782741,0.113849443232194,NA,-0.98428606892971,0.0384612902554568,-1.05966881262935,-0.908903325230074,NA,0,0,37624.6357664264,37523.4668786344,"0 -1","-1: 10, 0: 10, +1: 10",101.168887791973
328,10,10,10,28,0,-1,-0.0041175639425903,0.140547965983301,-0.279586515370221,0.27135138748504,NA,-0.0027772345211781,0.0322189795884014,-0.065925274133076,0.0603708050907198,NA,-0.930990876921252,0.039300115927447,-1.0080176887273,-0.853964065115207,NA,0,0,37755.6044499752,37653.795596637,"0 -1","-1: 10, 0: 10, +1: 10",101.80885333816
329,10,10,10,29,0,-1,0.00875537051204342,0.153112008420113,-0.291338651591971,0.308849392616058,NA,0.0090097910374276,0.0319076624382274,-0.0535280781723596,0.0715476602472148,NA,-1.00873415780825,0.0401231839013713,-1.08737415320001,-0.930094162416484,NA,0,0,37633.3355368898,37528.3011882967,"0 -1","-1: 10, 0: 10, +1: 10",105.034348593057
330,10,10,10,30,0,-1,0.0206279744921057,0.168178508532972,-0.308995845206182,0.350251794190393,NA,0.0211658646076809,0.0327575696719044,-0.0430377921703132,0.0853695213856751,NA,-1.10853786342747,0.0406102785039386,-1.18813254669733,-1.02894318015761,NA,0,0,37534.6705527021,37430.059985502,"0 -1","-1: 10, 0: 10, +1: 10",104.610567200085
331,10,10,10,31,0,-1,0.00710456466221206,0.146024624851317,-0.279098440902342,0.293307570226766,NA,0.00359891513393485,0.0335439758029494,-0.0621460693381291,0.0693438996059988,NA,-0.953752658804285,0.0417994120863396,-1.03567800106846,-0.871827316540111,NA,0,0,37552.553669505,37465.728609259,"0 -1","-1: 10, 0: 10, +1: 10",86.8250602460175
332,10,10,10,32,0,-1,0.0300715695062368,0.143712918302442,-0.251600574479696,0.31174371349217,NA,0.0331329731215289,0.0319732450483286,-0.0295334356420687,0.0957993818851265,NA,-0.947205936579667,0.0390339145012028,-1.02371100317764,-0.870700869981694,NA,0,0,37708.6107046265,37613.8106671386,"0 -1","-1: 10, 0: 10, +1: 10",94.8000374879048
333,10,10,10,33,0,-1,-0.00436111658800515,0.14764195518284,-0.293734031353448,0.285011798177438,NA,-0.00440351208663548,0.0305369473285305,-0.0642548290483518,0.0554478048750809,NA,-0.965597028577349,0.0370852638553691,-1.03828281009104,-0.89291124706366,NA,0,0,37520.8542838218,37427.544299861,"0 -1","-1: 10, 0: 10, +1: 10",93.3099839607603
334,10,10,10,34,0,-1,0.0286956193720643,0.142545987111039,-0.250689381506282,0.308080620250411,NA,0.0270964970204851,0.0291868850022058,-0.0301087464047505,0.0843017404457206,NA,-0.932189507063236,0.0363808865993765,-1.00349473452365,-0.860884279602822,NA,0,0,37624.2835406302,37528.2826525558,"0 -1","-1: 10, 0: 10, +1: 10",96.0008880744499
335,10,10,10,35,0,-1,-0.0334974930144007,0.155693273356768,-0.338650701428815,0.271655715400013,NA,-0.0342696713936629,0.0290380276278339,-0.0911831597262964,0.0226438169389705,NA,-1.02138133516631,0.0369413717849935,-1.0937850934044,-0.948977576928222,NA,0,0,37467.3350018723,37365.9482730297,"0 -1","-1: 10, 0: 10, +1: 10",101.386728842641
336,10,10,10,36,0,-1,0.0169005717225154,0.142316410456062,-0.262034467180386,0.295835610625417,NA,0.0166577951902688,0.0275685348169706,-0.037375540157532,0.0706911305380696,NA,-0.934901659132385,0.0346064182617206,-1.00272899255929,-0.867074325705483,NA,0,0,37536.5414918919,37436.5703756827,"0 -1","-1: 10, 0: 10, +1: 10",99.9711162092281
337,10,10,10,37,0,-1,0.0376539496033676,0.148214817123255,-0.252841753933402,0.328149653140137,NA,0.0389009888640709,0.0325208528227589,-0.0248387114150642,0.102640689143206,NA,-0.962153285759427,0.040136068911199,-1.0408185353064,-0.883488036212459,NA,0,0,37352.6912009675,37262.0253640472,"0 -1","-1: 10, 0: 10, +1: 10",90.6658369203142
338,10,10,10,38,0,-1,-0.0571317219052209,0.150829530066111,-0.3527521686399,0.238488724829459,NA,-0.0585449369884307,0.0307840169509055,-0.118880501511676,0.00179062753481449,NA,-0.993813917312189,0.0381163748352882,-1.06852063921058,-0.919107195413795,NA,0,0,37613.8464169412,37512.8183182358,"0 -1","-1: 10, 0: 10, +1: 10",101.028098705377
339,10,10,10,39,0,-1,-0.00813616216503167,0.143359339319964,-0.289115304079618,0.272842979749554,NA,-0.00688439026862228,0.0284010080480184,-0.0625493431673705,0.048780562630126,NA,-0.942306196569112,0.0349409368231643,-1.0107891743286,-0.87382321880962,NA,0,0,37568.508129542,37469.7888088855,"0 -1","-1: 10, 0: 10, +1: 10",98.7193206565062
340,10,10,10,40,0,-1,-0.030786217630331,0.145383004805567,-0.315731671013456,0.254159235752794,NA,-0.029961703985325,0.0287102096569812,-0.0862326809016021,0.0263092729309521,NA,-0.950825662899468,0.0363684439483838,-1.02210650321206,-0.879544822586872,NA,0,0,37564.6525612676,37463.1353207962,"0 -1","-1: 10, 0: 10, +1: 10",101.517240471374
341,10,10,10,41,0,-1,-0.0480512518538017,0.143255403899331,-0.32882668408723,0.232724180379627,NA,-0.046414807897515,0.0282132458967111,-0.101711753742041,0.00888213794701117,NA,-0.943998604940016,0.0347022211978353,-1.01201370867132,-0.875983501208716,NA,0,0,37533.1006207879,37423.9334702651,"0 -1","-1: 10, 0: 10, +1: 10",109.167150522786
342,10,10,10,42,0,-1,0.00199712158009355,0.149359591777298,-0.290742299049016,0.294736542209203,NA,0.00517835576678948,0.0257707219813367,-0.0453313311722251,0.0556880427058041,NA,-0.993477644484283,0.0311620032865206,-1.05455404861198,-0.932401240356584,NA,0,0,37291.3442440032,37172.7605288428,"0 -1","-1: 10, 0: 10, +1: 10",118.583715160436
343,10,10,10,43,0,-1,0.00214797856885546,0.16522718519244,-0.321691353675256,0.325987310812967,NA,0.00222489981299691,0.029976490335877,-0.0565279416282349,0.0609777412542288,NA,-1.08334401249394,0.0374539822525527,-1.15675246878654,-1.00993555620133,NA,0,0,37434.528355569,37334.4088666154,"0 -1","-1: 10, 0: 10, +1: 10",100.119488953547
344,10,10,10,44,0,-1,0.0140657531290095,0.15496970663637,-0.289669290573014,0.317800796831033,NA,0.0138174157889934,0.0305015445727828,-0.045964513046504,0.0735993446244909,NA,-1.01760439869938,0.0375346977497987,-1.09117105445959,-0.944037742939182,NA,0,0,37523.6931465648,37428.1906608241,"0 -1","-1: 10, 0: 10, +1: 10",95.5024857406024
345,10,10,10,45,0,-1,-0.0408558251116556,0.149973854359291,-0.334799178278522,0.253087528055211,NA,-0.0374555941404691,0.0347687933286881,-0.105601176850614,0.0306899885696761,NA,-0.976800013299805,0.0435696506195891,-1.06219495933319,-0.891405067266417,NA,0,0,37669.5565757971,37582.977309111,"0 -1","-1: 10, 0: 10, +1: 10",86.5792666860652
346,10,10,10,46,0,-1,0.000179747768861909,0.14713921524763,-0.288207814829979,0.288567310367703,NA,-0.00227112567954181,0.0307202263561737,-0.0624816629345603,0.0579394115754767,NA,-0.967192614479723,0.0380207466241099,-1.0417119085283,-0.892673320431145,NA,0,0,37644.9552526372,37546.6670435787,"0 -1","-1: 10, 0: 10, +1: 10",98.2882090584753
347,10,10,10,47,0,-1,-0.0120974574219409,0.146975786506126,-0.300164705573396,0.275969790729514,NA,-0.00988632353309136,0.0271927581489607,-0.0631831501453623,0.0434105030791796,NA,-0.958436221617937,0.0341038717454401,-1.02527858197237,-0.891593861263502,NA,0,0,37446.6318018641,37344.1078534438,"0 -1","-1: 10, 0: 10, +1: 10",102.523948420298
348,10,10,10,48,0,-1,-0.0113154798658334,0.149940814327785,-0.3051940757609,0.282563116029233,NA,-0.0133084463790753,0.0294589787378924,-0.0710469837266757,0.0444300909685251,NA,-0.985725109336663,0.0367769876771446,-1.05780668064374,-0.913643538029587,NA,0,0,37546.0797483402,37447.2082539225,"0 -1","-1: 10, 0: 10, +1: 10",98.8714944176972
349,10,10,10,49,0,-1,0.0371657422031313,0.149637433602926,-0.256118238397607,0.330449722803869,NA,0.0352881222041261,0.0262622973625276,-0.0161850347777092,0.0867612791859613,NA,-0.980954442273157,0.0331809289135008,-1.0459878679172,-0.915921016629112,NA,0,0,37346.5062679925,37244.1296353341,"0 -1","-1: 10, 0: 10, +1: 10",102.376632658394
350,10,10,10,50,0,-1,-0.0224227670779909,0.154388336010147,-0.325018345290948,0.280172811134966,NA,-0.0215346880848934,0.0307732963025233,-0.0818492405234187,0.0387798643536319,NA,-1.01382728766986,0.03773952424889,-1.08779539599136,-0.939859179348363,NA,0,0,37573.5202492679,37470.6705089882,"0 -1","-1: 10, 0: 10, +1: 10",102.8497402797
351,10,10,10,51,0,-1,0.0162645344347969,0.151800632979569,-0.281259239035541,0.313788307905134,NA,0.0154379272184264,0.0274413525844961,-0.0383461355342511,0.069221989971104,NA,-1.00422783798383,0.0337212669099825,-1.07032030664046,-0.938135369327201,NA,0,0,37307.0148695454,37205.3519116139,"0 -1","-1: 10, 0: 10, +1: 10",101.662957931498
352,10,10,10,52,0,-1,0.0599770548467176,0.160863734061712,-0.255310070332867,0.375264180026302,NA,0.057157457801664,0.0311405936629912,-0.00387698423499497,0.118191899838323,NA,-1.05901953075393,0.0389912659796364,-1.13544100778564,-0.982598053722221,NA,0,0,37504.5398915316,37405.187765927,"0 -1","-1: 10, 0: 10, +1: 10",99.352125604586
353,10,10,10,53,0,-1,-0.028976681219005,0.156806889220878,-0.336312536619688,0.278359174181678,NA,-0.0273175584778267,0.0298459215778618,-0.0858144898558427,0.0311793729001892,NA,-1.02152087761195,0.0365689928664729,-1.09319478658114,-0.949846968642766,NA,0,0,37459.424624349,37364.144853945,"0 -1","-1: 10, 0: 10, +1: 10",95.2797704039331
354,10,10,10,54,0,-1,0.00756925064047581,0.159519275990378,-0.305082785140571,0.320221286421522,NA,0.00852867790745204,0.0309491699642299,-0.0521305805738473,0.0691879363887514,NA,-1.05517566740412,0.0381340826985217,-1.12991709607669,-0.980434238731542,NA,0,0,37538.8440413552,37432.4110832916,"0 -1","-1: 10, 0: 10, +1: 10",106.432958063539
355,10,10,10,55,0,-1,-0.0204826943813744,0.153356355032278,-0.321055627044977,0.280090238282228,NA,-0.0206724165130381,0.0290678392148073,-0.0776443344824615,0.0362995014563852,NA,-1.0139701841117,0.0351238668145874,-1.08281169806607,-0.945128670157327,NA,0,0,37519.4004167538,37417.528733968,"0 -1","-1: 10, 0: 10, +1: 10",101.871682785772
356,10,10,10,56,0,-1,0.00723762414463196,0.157342471302866,-0.301147952847513,0.315623201136777,NA,0.00782620093469915,0.0309985832663974,-0.0529299058392057,0.068582307708604,NA,-1.03353877834537,0.0386032955803315,-1.10919984736737,-0.957877709323362,NA,0,0,37549.6852249417,37443.8553660053,"0 -1","-1: 10, 0: 10, +1: 10",105.829858936355
357,10,10,10,57,0,-1,0.00176169516085219,0.157483627210554,-0.306900542326565,0.310423932648269,NA,0.00318194786706527,0.0221904656333814,-0.040310565574536,0.0466744613086666,NA,-1.04517815618062,0.0280046045725549,-1.10006617254412,-0.99029013981713,NA,0,0,36808.9579762934,36684.849071533,"0 -1","-1: 10, 0: 10, +1: 10",124.108904760382
358,10,10,10,58,0,-1,-0.0195752023821922,0.151857560889501,-0.317210552505712,0.278060147741327,NA,-0.0219153338171015,0.0255362988724592,-0.0719655599055723,0.0281348922713694,NA,-0.999885789182189,0.0309173997637162,-1.0604827792147,-0.939288799149678,NA,0,0,37138.2895767294,37019.5366214279,"0 -1","-1: 10, 0: 10, +1: 10",118.752955301519
359,10,10,10,59,0,-1,-0.00844802162408996,0.150193558998091,-0.30282198797024,0.28592594472206,NA,-0.00714511801552326,0.0258305960029662,-0.0577721558805412,0.0434819198494947,NA,-0.994090001048729,0.0308108463202026,-1.05447815016952,-0.933701851927934,NA,0,0,37122.9986409735,37020.6092934149,"0 -1","-1: 10, 0: 10, +1: 10",102.389347558557
360,10,10,10,60,0,-1,-0.0216642911232013,0.155509962790655,-0.326458217430049,0.283129635183646,NA,-0.0239389027067876,0.0324942694823505,-0.0876265005961335,0.0397486951825583,NA,-1.02423095900232,0.0399326998633857,-1.10249761254,-0.945964305464636,NA,0,0,37264.5627050054,37171.2929388932,"0 -1","-1: 10, 0: 10, +1: 10",93.2697661121929
361,10,10,10,61,0,-1,0.0324701933412098,0.146160574084805,-0.253999267824706,0.318939654507126,NA,0.0316967976700067,0.034831196266129,-0.0365710925500521,0.0999646878900655,NA,-0.948681259190876,0.0431830021337176,-1.03331838811728,-0.864044130264473,NA,0,0,37669.1211076214,37584.7180812162,"0 -1","-1: 10, 0: 10, +1: 10",84.403026405198
362,10,10,10,62,0,-1,0.0282747513740441,0.143897640117634,-0.253759440716825,0.310308943464913,NA,0.0267200557428695,0.0295375414973332,-0.0311724617837608,0.0846125732694998,NA,-0.939266854632931,0.0368961100902763,-1.0115819015795,-0.866951807686365,NA,0,0,37508.5160181916,37414.7680095173,"0 -1","-1: 10, 0: 10, +1: 10",93.7480086743017
363,10,10,10,63,0,-1,-0.0143666032654478,0.159303661941513,-0.326596043276157,0.297862836745261,NA,-0.0153337820501984,0.030565595672047,-0.0752412487334239,0.0445736846330271,NA,-1.0441162801374,0.0380502320244936,-1.1186933645088,-0.969539195766,NA,0,0,37526.0764869713,37428.3076813469,"0 -1","-1: 10, 0: 10, +1: 10",97.7688056244006
364,10,10,10,64,0,-1,0.0241729637503862,0.14709878584022,-0.264135358666015,0.312481286166787,NA,0.0253093587213052,0.0328867460181938,-0.0391474790430706,0.0897661964856811,NA,-0.972287447939468,0.0405142473686888,-1.05169391364284,-0.892880982236091,NA,0,0,37729.0926571869,37629.7683570876,"0 -1","-1: 10, 0: 10, +1: 10",99.3243000993607
365,10,10,10,65,0,-1,0.0358250762596227,0.147789150591353,-0.253836336205195,0.32548648872444,NA,0.0329813114285679,0.026091452189506,-0.0181569951672126,0.0841196180243484,NA,-0.984304608070135,0.0313417388628613,-1.0457332874542,-0.922875928686068,NA,0,0,37204.2680561231,37098.0073562679,"0 -1","-1: 10, 0: 10, +1: 10",106.260699855258
366,10,10,10,66,0,-1,0.000518134389019945,0.142816826688995,-0.27939770230771,0.28043397108575,NA,0.00621954417776375,0.0239777132367587,-0.0407759101979126,0.0532149985534401,NA,-0.936196648699621,0.0316324687182581,-0.998195148129497,-0.874198149269745,NA,0,0,37221.3816338009,37117.0260126646,"0 -1","-1: 10, 0: 10, +1: 10",104.355621136339
367,10,10,10,67,0,-1,0.00591170631056887,0.147504347094927,-0.283191501558584,0.295014914179722,NA,0.00596366592932243,0.0313816584983156,-0.0555432545025114,0.0674705863611563,NA,-0.956208725010022,0.0391825410773439,-1.03300509434438,-0.879412355675666,NA,0,0,37599.0310718003,37507.886987344,"0 -1","-1: 10, 0: 10, +1: 10",91.1440844562967
368,10,10,10,68,0,-1,0.0395075351221736,0.147226150237738,-0.249050416926277,0.328065487170624,NA,0.0382162257725875,0.0268220353778983,-0.0143539975601523,0.0907864491053273,NA,-0.969572429947625,0.0325214169950703,-1.03331323598417,-0.905831623911079,NA,0,0,37409.0860563199,37299.4035601149,"0 -1","-1: 10, 0: 10, +1: 10",109.682496205052
369,10,10,10,69,0,-1,-0.000473378198832852,0.152059736966635,-0.298504986152071,0.297558229754405,NA,0.00136950291292178,0.0300503649327303,-0.057528130077515,0.0602671359033585,NA,-1.00310559533122,0.0362522606410907,-1.07415872054591,-0.93205247011652,NA,0,0,37556.2127251319,37454.2103837805,"0 -1","-1: 10, 0: 10, +1: 10",102.002341351399
370,10,10,10,70,0,-1,-0.0201913081045678,0.160830868675943,-0.335414018311706,0.295031402102571,NA,-0.0192174423783778,0.0301755303372733,-0.0783603950538293,0.0399255102970737,NA,-1.05892747481059,0.036575725697929,-1.13061457988695,-0.987240369734232,NA,0,0,37489.2808803418,37388.6678634436,"0 -1","-1: 10, 0: 10, +1: 10",100.613016898198
371,10,10,10,71,0,-1,-0.0212872037314376,0.159226048103728,-0.333364523415386,0.290790115952511,NA,-0.0210117739222683,0.0251628400327214,-0.070330034135145,0.0283064862906084,NA,-1.04828344276,0.0315687855256526,-1.11015712542594,-0.986409760094047,NA,0,0,37042.369392515,36933.1619808842,"0 -1","-1: 10, 0: 10, +1: 10",109.207411630734
372,10,10,10,72,0,-1,0.000499051964104622,0.148679284545044,-0.290906990991365,0.291905094919574,NA,-0.00346780076429553,0.030804623742195,-0.0638437538563051,0.0569081523277141,NA,-0.985708364438132,0.0378751672366641,-1.05994232813043,-0.911474400745839,NA,0,0,37603.9638207332,37496.7834448041,"0 -1","-1: 10, 0: 10, +1: 10",107.180375929114
373,10,10,10,73,0,-1,-0.0126038782779078,0.164261309336461,-0.334550128630764,0.309342372074949,NA,-0.010881138439196,0.0316433336257586,-0.0729009326964681,0.0511386558180761,NA,-1.07140002156249,0.0391157659592281,-1.14806551407028,-0.994734529054706,NA,0,0,37369.9809378766,37271.6084309257,"0 -1","-1: 10, 0: 10, +1: 10",98.3725069509237
374,10,10,10,74,0,-1,0.033556351329869,0.151221390122251,-0.262832127001823,0.329944829661561,NA,0.0320665564185599,0.0290945652206056,-0.0249577435596788,0.0890908563967985,NA,-0.990378684406862,0.0358211067915569,-1.06058676360468,-0.920170605209048,NA,0,0,37529.595023741,37430.7843958496,"0 -1","-1: 10, 0: 10, +1: 10",98.8106278913401
375,10,10,10,75,0,-1,0.0220027381157791,0.14440582866974,-0.261027485234573,0.305032961466131,NA,0.0240574112962151,0.0326753592736695,-0.039985116062084,0.0880999386545143,NA,-0.946274607616996,0.0403742322346758,-1.02540664870042,-0.867142566533575,NA,0,0,37746.1321586977,37654.5086723916,"0 -1","-1: 10, 0: 10, +1: 10",91.6234863061109
376,10,10,10,76,0,-1,0.0293729785604188,0.153555531325962,-0.271590332465379,0.330336289586216,NA,0.0312536832829704,0.0269074534859223,-0.021483956465124,0.0839913230310648,NA,-1.01640567134884,0.0342361972242398,-1.08350738487596,-0.949303957821715,NA,0,0,37345.8227804007,37230.1897235562,"0 -1","-1: 10, 0: 10, +1: 10",115.633056844497
377,10,10,10,77,0,-1,0.0611503976385193,0.154514254190645,-0.241691975673212,0.363992770950251,NA,0.0630232540663934,0.0291269875458175,0.00593540749844453,0.120111100634342,NA,-1.02197802018066,0.0359018005097722,-1.09234425615996,-0.951611784201366,NA,0,0,37496.515166217,37386.5115099635,"0 -1","-1: 10, 0: 10, +1: 10",110.003656253481
378,10,10,10,78,0,-1,0.00514051005270064,0.156142167526582,-0.300892514767419,0.31117353487282,NA,0.00452220319107739,0.0326198208336011,-0.0594114708249301,0.0684558772070849,NA,-1.02456072073655,0.0401354288022863,-1.10322471569311,-0.945896725780002,NA,0,0,37650.4923567613,37555.3918951582,"0 -1","-1: 10, 0: 10, +1: 10",95.1004616030914
379,10,10,10,79,0,-1,-0.0118109662886127,0.152533555910585,-0.310771242307185,0.28714930972996,NA,-0.0132558587520978,0.0270917362336307,-0.0663546860486728,0.0398429685444772,NA,-1.00864069310554,0.0335642799388419,-1.07442547295269,-0.94285591325839,NA,0,0,37313.0117773781,37209.8567144859,"0 -1","-1: 10, 0: 10, +1: 10",103.15506289214
380,10,10,10,80,0,-1,-0.0298845139171471,0.15842762742829,-0.340396957832725,0.28062792999843,NA,-0.0291057885566799,0.0314183277910115,-0.0906845794815364,0.0324730023681765,NA,-1.0432248624336,0.0397474323268792,-1.12112839827222,-0.965321326594972,NA,0,0,37569.9901442398,37464.6110787081,"0 -1","-1: 10, 0: 10, +1: 10",105.379065531633
381,10,10,10,81,0,-1,0.0114282642649539,0.148410475191123,-0.279450922038121,0.302307450568029,NA,0.0121627246878305,0.0334212375479088,-0.0533416972248285,0.0776671466004894,NA,-0.964124738962648,0.0409797075273993,-1.04444348981334,-0.883805988111961,NA,0,0,37638.2342830014,37551.3884044854,"0 -1","-1: 10, 0: 10, +1: 10",86.8458785160256
382,10,10,10,82,0,-1,-0.0344316841816129,0.155573958863428,-0.339351040486247,0.270487672123021,NA,-0.0334578546028817,0.0346032591037736,-0.101278996193986,0.0343632869882223,NA,-1.01320298261601,0.0423543216083502,-1.09621592755801,-0.930190037674021,NA,0,0,37724.5671210472,37635.7395148984,"0 -1","-1: 10, 0: 10, +1: 10",88.8276061488432
383,10,10,10,83,0,-1,-0.04997472664877,0.152612333408971,-0.349089403726972,0.249139950429432,NA,-0.0499245289941696,0.0353671083125383,-0.119242787524072,0.0193937295357326,NA,-0.99087700713861,0.0435385575896772,-1.0762110119532,-0.905543002324019,NA,0,0,37485.7995647488,37400.5383139962,"0 -1","-1: 10, 0: 10, +1: 10",85.2612507525409
384,10,10,10,84,0,-1,-0.0321811941847254,0.158491269304282,-0.342818373885157,0.278455985515706,NA,-0.0319455244257277,0.0289082857079896,-0.0886047232681812,0.0247136744167259,NA,-1.04724811897657,0.0358959695695109,-1.11760292652296,-0.976893311430188,NA,0,0,37427.4194482945,37325.2693425141,"0 -1","-1: 10, 0: 10, +1: 10",102.150105780391
385,10,10,10,85,0,-1,0.00649966952442364,0.153220520417831,-0.293807032187009,0.306806371235857,NA,0.00328479346413642,0.0277053513119564,-0.0510166972863276,0.0575862842146005,NA,-1.01606822841008,0.0342188754596573,-1.08313599190247,-0.949000464917687,NA,0,0,37386.0448185206,37270.22197658,"0 -1","-1: 10, 0: 10, +1: 10",115.822841940615
386,10,10,10,86,0,-1,0.0213993943312883,0.149007878790721,-0.270650681511234,0.31344947017381,NA,0.0234363982117045,0.0264352232968928,-0.0283756873734795,0.0752484837968884,NA,-0.986128851407354,0.033085872228055,-1.05097596937144,-0.921281733443272,NA,0,0,37350.6490091182,37235.335076339,"0 -1","-1: 10, 0: 10, +1: 10",115.313932779201
387,10,10,10,87,0,-1,0.0523864903160314,0.150899752600493,-0.243371590056939,0.348144570689002,NA,0.0520256441888059,0.0281633868484608,-0.00317357971684627,0.107224868094458,NA,-0.991192863005152,0.0352809366757945,-1.06034222823055,-0.922043497779757,NA,0,0,37474.2921070162,37373.1638496719,"0 -1","-1: 10, 0: 10, +1: 10",101.12825734431
388,10,10,10,88,0,-1,-0.0293532221131688,0.150522344214416,-0.324371595641964,0.265665151415627,NA,-0.0284246871213037,0.0313334941102184,-0.0898372070871296,0.0329878328445222,NA,-0.991727114595409,0.0386162845442933,-1.06741364151897,-0.916040587671844,NA,0,0,37628.1072449517,37526.3025310868,"0 -1","-1: 10, 0: 10, +1: 10",101.804713864905
389,10,10,10,89,0,-1,0.00791331499853885,0.144564643714672,-0.275428180120083,0.291254810117161,NA,0.0102784982816373,0.0282577329967545,-0.0451056406767506,0.0656626372400252,NA,-0.951293976684766,0.0349012140682397,-1.01969909927524,-0.882888854094293,NA,0,0,37527.9375226139,37428.5819096302,"0 -1","-1: 10, 0: 10, +1: 10",99.355612983738
390,10,10,10,90,0,-1,-0.000328998463544181,0.152205932015638,-0.298647143447546,0.297989146520458,NA,0.000676591975552581,0.0316838839191675,-0.0614226793963634,0.0627758633474686,NA,-1.00386223738809,0.0392426688030829,-1.08077645489937,-0.926948019876817,NA,0,0,37623.8657064659,37519.2769876385,"0 -1","-1: 10, 0: 10, +1: 10",104.588718827385
391,10,10,10,91,0,-1,-0.0331415092406734,0.154800358798073,-0.336544637278775,0.270261618797428,NA,-0.0322857648487692,0.0276006034775219,-0.086381953616283,0.0218104239187446,NA,-1.0192198288084,0.0342973482446698,-1.08644139613318,-0.951998261483623,NA,0,0,37381.8062473411,37276.1651747562,"0 -1","-1: 10, 0: 10, +1: 10",105.641072584833
392,10,10,10,92,0,-1,-0.0126767057805945,0.143898618019759,-0.294712814524409,0.26935940296322,NA,-0.0143203125104585,0.0286426602740796,-0.0704588950690708,0.0418182700481537,NA,-0.945515215901831,0.0350933432086423,-1.01429690468787,-0.876733527115789,NA,0,0,37587.4829055575,37491.3504524226,"0 -1","-1: 10, 0: 10, +1: 10",96.1324531349019
393,10,10,10,93,0,-1,-0.0058825095563894,0.146337009459917,-0.292697777703124,0.280932758590345,NA,-0.00735317236841739,0.02687022256821,-0.0600178408586844,0.0453114961218496,NA,-0.969546960130353,0.0338836659978081,-1.03595772515024,-0.903136195110465,NA,0,0,37439.8068356869,37324.9941795951,"0 -1","-1: 10, 0: 10, +1: 10",114.812656091774
394,10,10,10,94,0,-1,-0.0667238151735673,0.156315985730274,-0.373097517412781,0.239649887065647,NA,-0.0654881484031033,0.0388478471282092,-0.141628529651311,0.0106522328451045,NA,-1.01156240685733,0.0481115089680729,-1.10585923167662,-0.917265582038027,NA,0,0,37377.4577777693,37296.3631652536,"0 -1","-1: 10, 0: 10, +1: 10",81.0946125157134
395,10,10,10,95,0,-1,-0.0241304396556275,0.147981175211579,-0.314168213460234,0.265907334148979,NA,-0.0244830503916226,0.035277572410769,-0.0936258217787336,0.0446597209954884,NA,-0.957448393568927,0.0432161853373949,-1.04215056037943,-0.872746226758425,NA,0,0,37681.6051001259,37598.4325606194,"0 -1","-1: 10, 0: 10, +1: 10",83.1725395064786
396,10,10,10,96,0,-1,0.0301172757913702,0.160290650992365,-0.284046627212145,0.344281178794886,NA,0.0282332820439263,0.0286307681016039,-0.0278819922849355,0.0843485563727881,NA,-1.04871693468091,0.0362556583968454,-1.11977671937451,-0.977657149987303,NA,0,0,37386.2916410585,37284.6593892548,"0 -1","-1: 10, 0: 10, +1: 10",101.632251803792
397,10,10,10,97,0,-1,0.00979210813451348,0.146877149859504,-0.278081815742007,0.297666032011034,NA,0.0106973278056457,0.0298461690869278,-0.0478000886812254,0.0691947442925168,NA,-0.971515784365466,0.0372657795528536,-1.04455537014487,-0.898476198586064,NA,0,0,37603.0865663949,37495.1950194978,"0 -1","-1: 10, 0: 10, +1: 10",107.891546897081
398,10,10,10,98,0,-1,0.00124491176717482,0.156367193192667,-0.30522915525407,0.307718978788419,NA,0.000162146625466478,0.0286342524455518,-0.0559599568920429,0.0562842501429759,NA,-1.02462302957053,0.0358088265128941,-1.09480703986445,-0.954439019276619,NA,0,0,37441.9495553068,37340.8467311636,"0 -1","-1: 10, 0: 10, +1: 10",101.102824143149
399,10,10,10,99,0,-1,0.0264137095451959,0.15455395146605,-0.276506468996614,0.329333888087006,NA,0.0236448129386599,0.0274623194149119,-0.0301803440465026,0.0774699699238224,NA,-1.01051462393216,0.0350069947059721,-1.07912707276285,-0.94190217510147,NA,0,0,37372.6630716071,37267.3010480243,"0 -1","-1: 10, 0: 10, +1: 10",105.36202358274
400,10,10,10,100,0,-1,-0.00716027130211833,0.144599121350782,-0.290569341345789,0.276248798741552,NA,-0.00784958853559163,0.0309915761534592,-0.068591961620502,0.0528927845493187,NA,-0.946146760550672,0.0382116497319968,-1.02104021781525,-0.871253303286099,NA,0,0,37679.2994063623,37588.2295846589,"0 -1","-1: 10, 0: 10, +1: 10",91.0698217034005
401,5,10,15,1,0.5,1,0.819722758034007,0.144105574425019,0.537281022189514,1.1021644938785,NA,0.478368984245507,0.0359266131776307,0.407954116330849,0.548783852160165,NA,1.01945327721199,0.0449356015322804,0.931381116585077,1.1075254378389,NA,0,0,37015.5776535093,36931.5791140313,"0.5 1","-1: 5, 0: 10, +1: 15",83.9985394780451
402,5,10,15,2,0.5,1,0.844782904789579,0.134333876813996,0.581493344330506,1.10807246524865,NA,0.524454023097237,0.0320913648032532,0.461556103868125,0.58735194232635,NA,0.960321917529378,0.0400580267713234,0.881809627765842,1.03883420729291,NA,0,0,36808.9166776413,36721.2431401178,"0.5 1","-1: 5, 0: 10, +1: 15",87.6735375235148
403,5,10,15,3,0.5,1,0.826007209880328,0.137884245787438,0.555759054101481,1.09625536565918,NA,0.496107713033225,0.030850144787945,0.435642540331007,0.556572885735443,NA,0.982871083783879,0.0397018446241954,0.905056898200651,1.06068526936711,NA,0,0,36768.9499274657,36674.6491491884,"0.5 1","-1: 5, 0: 10, +1: 15",94.3007782773348
404,5,10,15,4,0.5,1,0.800430294932187,0.132243790015672,0.541237229322392,1.05962336054198,NA,0.482350170870218,0.0327721561325884,0.418117925154621,0.546582416585815,NA,0.951191404768854,0.0406425931164111,0.871533386022373,1.03084942351534,NA,0,0,37088.6535104312,36991.2338096723,"0.5 1","-1: 5, 0: 10, +1: 15",97.4197007589028
405,5,10,15,5,0.5,1,0.840485289960738,0.142453136046052,0.561282273825691,1.11968830609578,NA,0.498046321597665,0.0360227099334325,0.427443107502604,0.568649535692726,NA,1.02537675361891,0.0439512182708369,0.939233948731413,1.11151955850641,NA,0,0,37047.3855530451,36953.9746696719,"0.5 1","-1: 5, 0: 10, +1: 15",93.4108833731734
406,5,10,15,6,0.5,1,0.812142138915288,0.137332425350798,0.542975531318188,1.08130874651239,NA,0.489635401839251,0.0388000834035091,0.413588635771223,0.565682167907279,NA,0.960933639666551,0.0481260713711819,0.86660827306163,1.05525900627147,NA,0,0,37158.7872308613,37082.3769990036,"0.5 1","-1: 5, 0: 10, +1: 15",76.4102318577279
407,5,10,15,7,0.5,1,0.832293958213372,0.143966812716554,0.550124190319903,1.11446372610684,NA,0.48398325507244,0.0327588048590839,0.41977717737206,0.54818933277282,NA,1.03761443781107,0.0405131826394547,0.958210058938644,1.11701881668349,NA,0,0,36898.9442509213,36798.793413137,"0.5 1","-1: 5, 0: 10, +1: 15",100.150837784327
408,5,10,15,8,0.5,1,0.815020335366946,0.145973779490989,0.528916984877417,1.10112368585648,NA,0.469689606066716,0.0319195369238693,0.407128463292736,0.532250748840696,NA,1.03490299904435,0.0402093520252088,0.956094117233245,1.11371188085545,NA,0,0,37087.5556654341,36999.381748523,"0.5 1","-1: 5, 0: 10, +1: 15",88.1739169110806
409,5,10,15,9,0.5,1,0.858703870988738,0.135621622594831,0.592890375177986,1.12451736679949,NA,0.533647584711969,0.0291554981839123,0.476503858320178,0.59079131110376,NA,0.983816333077661,0.0352695950520333,0.914689197026364,1.05294346912896,NA,0,0,36818.0121127433,36717.200787162,"0.5 1","-1: 5, 0: 10, +1: 15",100.811325581322
410,5,10,15,10,0.5,1,0.845227813651794,0.147598618452052,0.555939837317904,1.13451578998568,NA,0.486759819714993,0.0244799232321038,0.438780051835765,0.534739587594222,NA,1.06886109175132,0.0308205184692859,1.00845398556667,1.12926819793597,NA,0,0,35780.018257619,35664.1106786182,"0.5 1","-1: 5, 0: 10, +1: 15",115.907579000821
411,5,10,15,11,0.5,1,0.820768274921245,0.134458984568761,0.557233507768647,1.08430304207384,NA,0.495551262477452,0.0351867981689067,0.426586405335115,0.564516119619789,NA,0.968613714556404,0.0433010682576698,0.883745180279261,1.05348224883355,NA,0,0,37088.5639119708,36993.5801228126,"0.5 1","-1: 5, 0: 10, +1: 15",94.9837891582138
412,5,10,15,12,0.5,1,0.843670829473739,0.144794909252328,0.55987802219443,1.12746363675305,NA,0.495331750815961,0.0317202316079381,0.433161239283133,0.557502262348788,NA,1.03185111013499,0.040093862992109,0.953268582669377,1.11043363760061,NA,0,0,36540.5553603978,36447.2981273542,"0.5 1","-1: 5, 0: 10, +1: 15",93.2572330435723
413,5,10,15,13,0.5,1,0.800521990845812,0.144757677220116,0.516802157008711,1.08424182468291,NA,0.454018869960812,0.0325857730052484,0.390151928462128,0.517885811459496,NA,1.03870079978252,0.0408695456505249,0.958597962242975,1.11880363732206,NA,0,0,37033.8092579616,36935.5221351501,"0.5 1","-1: 5, 0: 10, +1: 15",98.2871228114891
414,5,10,15,14,0.5,1,0.867568766692888,0.142947854972753,0.587396119279037,1.14774141410674,NA,0.528424186212723,0.0349717757551695,0.45988076525718,0.596967607168266,NA,1.00743488489705,0.0438404055509883,0.921509268949482,1.09336050084462,NA,0,0,37130.317913037,37046.465565828,"0.5 1","-1: 5, 0: 10, +1: 15",83.8523472090674
415,5,10,15,15,0.5,1,0.850807802002288,0.141755075993647,0.572972958429,1.12864264557557,NA,0.514218240655059,0.0400906704277801,0.435641970500545,0.592794510809573,NA,1.001872447903,0.0490442171089008,0.905747548719593,1.09799734708641,NA,0,0,36657.7438264607,36577.3912296018,"0.5 1","-1: 5, 0: 10, +1: 15",80.3525968588365
416,5,10,15,16,0.5,1,0.831821754204084,0.142465015598296,0.552595454574488,1.11104805383368,NA,0.488422811674937,0.0305680778637798,0.428510479985312,0.548335143364561,NA,1.02280668726332,0.0388048659617158,0.946750547553457,1.09886282697319,NA,0,0,36457.431180067,36353.5191455855,"0.5 1","-1: 5, 0: 10, +1: 15",103.912034481546
417,5,10,15,17,0.5,1,0.866775586742212,0.143386495136478,0.585743220405287,1.14780795307914,NA,0.519055958380192,0.0318776185433122,0.456576974122394,0.58153494263799,NA,1.0322767678553,0.0404718871670697,0.952953326621474,1.11160020908912,NA,0,0,36411.2555831557,36308.8895345384,"0.5 1","-1: 5, 0: 10, +1: 15",102.366048617325
418,5,10,15,18,0.5,1,0.813197655156816,0.140716450319411,0.53739848049845,1.08899682981518,NA,0.478333745168669,0.0354427484040529,0.408867234783611,0.547800255553727,NA,0.99933284185342,0.0450221807405518,0.911090989096485,1.08757469461035,NA,0,0,37196.1755600147,37108.4186194132,"0.5 1","-1: 5, 0: 10, +1: 15",87.7569406015609
419,5,10,15,19,0.5,1,0.802574297336217,0.139425373896723,0.529305585967609,1.07584300870483,NA,0.470814816578251,0.0343390233863352,0.403511567476755,0.538118065679746,NA,0.976835902008965,0.043730898009105,0.891124916899525,1.06254688711841,NA,0,0,36948.2616162224,36864.275313162,"0.5 1","-1: 5, 0: 10, +1: 15",83.9863030603665
420,5,10,15,20,0.5,1,0.849147837833615,0.141777599293375,0.571268849404048,1.12702682626318,NA,0.505372262970191,0.0304803092195907,0.445631954662149,0.565112571278233,NA,1.01137439932176,0.0391494783940267,0.934642831655939,1.08810596698758,NA,0,0,36674.8478733398,36579.3185774031,"0.5 1","-1: 5, 0: 10, +1: 15",95.5292959366925
421,5,10,15,21,0.5,1,0.780360767838387,0.140260569195081,0.505455103764941,1.05526643191183,NA,0.446627357398067,0.0311608011950071,0.38555330932644,0.507701405469693,NA,1.00367911253453,0.0397484119608208,0.925773656648656,1.0815845684204,NA,0,0,37048.1137895205,36950.7680225733,"0.5 1","-1: 5, 0: 10, +1: 15",97.3457669471463
422,5,10,15,22,0.5,1,0.836393319379275,0.148181680950783,0.545962561547135,1.12682407721141,NA,0.48255132219264,0.0392292443976214,0.405663416032583,0.559439228352698,NA,1.05380139343198,0.0484852066035038,0.95877213470613,1.14883065215783,NA,0,0,36813.8385554766,36728.731989967,"0.5 1","-1: 5, 0: 10, +1: 15",85.1065655095299
423,5,10,15,23,0.5,1,0.842128292124537,0.143783330142546,0.560318143467914,1.12393844078116,NA,0.50115533612064,0.0338863099490459,0.434739389051549,0.567571283189732,NA,1.02310146938909,0.0431371819477798,0.938554146376889,1.10764879240129,NA,0,0,36917.0236414338,36829.5721475471,"0.5 1","-1: 5, 0: 10, +1: 15",87.4514938866705
424,5,10,15,24,0.5,1,0.88494811272169,0.136528213526317,0.617357731336515,1.15253849410687,NA,0.558546812075931,0.0351609941760664,0.489632529830218,0.627461094321644,NA,0.971402825567152,0.0433980088043946,0.886344291309786,1.05646135982452,NA,0,0,36891.2177510247,36806.618504865,"0.5 1","-1: 5, 0: 10, +1: 15",84.5992461596543
425,5,10,15,25,0.5,1,0.85884696603896,0.142642525696003,0.579272753010966,1.13842117906695,NA,0.51650177746236,0.0305121005465563,0.456699159298445,0.576304395626276,NA,1.00437118553027,0.0392280129476345,0.927485692967834,1.0812566780927,NA,0,0,36777.1802074992,36686.181865371,"0.5 1","-1: 5, 0: 10, +1: 15",90.9983421282668
426,5,10,15,26,0.5,1,0.80276874722847,0.143720871307672,0.521081015638717,1.08445647881822,NA,0.452174588551316,0.0330530922021491,0.387391718257422,0.51695745884521,NA,1.03541363815833,0.0403872128503569,0.956256155535677,1.11457112078098,NA,0,0,36766.13636903,36669.4399777829,"0.5 1","-1: 5, 0: 10, +1: 15",96.6963912471329
427,5,10,15,27,0.5,1,0.887379476124445,0.145134856295841,0.6029203848832,1.17183856736569,NA,0.542681082554577,0.0338989060699679,0.476240447542134,0.609121717567021,NA,1.02820661818185,0.0429491700234336,0.944027791770036,1.11238544459367,NA,0,0,37016.2410225668,36924.3120044614,"0.5 1","-1: 5, 0: 10, +1: 15",91.9290181054384
428,5,10,15,28,0.5,1,0.813794753231883,0.147768570124717,0.524173677740456,1.10341582872331,NA,0.463150670259073,0.0362126402164513,0.392175199649721,0.534126140868424,NA,1.04767267768618,0.0448941113227863,0.959681836375584,1.13566351899677,NA,0,0,37203.3904004855,37118.8792207758,"0.5 1","-1: 5, 0: 10, +1: 15",84.5111797096615
429,5,10,15,29,0.5,1,0.850462807138309,0.143396403330908,0.56941102109715,1.13151459317947,NA,0.504792608280087,0.0342645124328088,0.437635397963957,0.571949818596217,NA,1.02514198637564,0.0437765612471332,0.93934150296425,1.11094246978704,NA,0,0,36975.4470525415,36878.4933251639,"0.5 1","-1: 5, 0: 10, +1: 15",96.9537273776441
430,5,10,15,30,0.5,1,0.910998849618624,0.15159260040063,0.613882812510618,1.20811488672663,NA,0.552241689975586,0.0360615382535047,0.481562373771603,0.622921006179568,NA,1.07362028008627,0.0450574398501101,0.985309320744479,1.16193123942807,NA,0,0,37141.1504407464,37050.9295058364,"0.5 1","-1: 5, 0: 10, +1: 15",90.2209349099357
431,5,10,15,31,0.5,1,0.835824916065923,0.142339515923974,0.556844591278069,1.11480524085378,NA,0.495789830245265,0.0310960521119525,0.434842688044458,0.556736972446073,NA,1.01437176338837,0.0393805698110122,0.937187264868117,1.09155626190862,NA,0,0,36705.5827857053,36611.5516217148,"0.5 1","-1: 5, 0: 10, +1: 15",94.0311639905121
432,5,10,15,32,0.5,1,0.84602716463599,0.135253068379008,0.580936021814602,1.11111830745738,NA,0.523457524072635,0.0352743461360326,0.454321076067811,0.592593972077458,NA,0.968076628585116,0.0432830600057877,0.883243389833086,1.05290986733715,NA,0,0,37266.7769953095,37176.0840065829,"0.5 1","-1: 5, 0: 10, +1: 15",90.6929887265724
433,5,10,15,33,0.5,1,0.793893200525113,0.137946461419503,0.523523104348143,1.06426329670208,NA,0.457687003567795,0.0308167396820959,0.397287303669941,0.51808670346565,NA,0.996582668521512,0.0368123078634136,0.924431870921421,1.0687334661216,NA,0,0,36471.2929422061,36371.8460013072,"0.5 1","-1: 5, 0: 10, +1: 15",99.4469408989098
434,5,10,15,34,0.5,1,0.834921979262622,0.141057970988531,0.558453436392806,1.11139052213244,NA,0.498504092806645,0.0357727739896684,0.428390744159803,0.568617441453486,NA,1.00279666423664,0.0445665915716509,0.915447749842494,1.09014557863078,NA,0,0,36881.0040851932,36796.3813428985,"0.5 1","-1: 5, 0: 10, +1: 15",84.6227422947195
435,5,10,15,35,0.5,1,0.798517231804132,0.140485162076143,0.523171373772618,1.07386308983564,NA,0.464252188345083,0.0334575935255632,0.398676510025599,0.529827866664567,NA,0.987155324499956,0.042551916971705,0.903755099762276,1.07055554923764,NA,0,0,36963.5318776844,36879.1880661716,"0.5 1","-1: 5, 0: 10, +1: 15",84.3438115128083
436,5,10,15,36,0.5,1,0.830624978079851,0.140985223643631,0.55429901738601,1.10695093877369,NA,0.494422538452692,0.0347136404348789,0.426385053428056,0.562460023477328,NA,0.998734234301017,0.0434472243417214,0.913579239363011,1.08388922923902,NA,0,0,36715.8423327013,36630.2905096222,"0.5 1","-1: 5, 0: 10, +1: 15",85.5518230790622
437,5,10,15,37,0.5,1,0.895952669824457,0.138226659803076,0.625033394907158,1.16687194474176,NA,0.560385592595517,0.0279381637191128,0.505627797911872,0.615143387279162,NA,0.998332762522866,0.0348969126617138,0.929936070534267,1.06672945451146,NA,0,0,35851.4901932589,35742.8883493497,"0.5 1","-1: 5, 0: 10, +1: 15",108.601843909142
438,5,10,15,38,0.5,1,0.837172917423849,0.129480032039709,0.583396717908927,1.09094911693877,NA,0.525198849205914,0.0333899262399795,0.459755796329105,0.590641902082722,NA,0.932175570795078,0.0416177917449544,0.850606197858879,1.01374494373128,NA,0,0,37039.6910000301,36942.6080367157,"0.5 1","-1: 5, 0: 10, +1: 15",97.0829633143949
439,5,10,15,39,0.5,1,0.835340932123577,0.13977293749988,0.561391008610445,1.10929085563671,NA,0.495069331249467,0.0309526858579148,0.434403181743172,0.555735480755762,NA,1.00595283532094,0.0385854825292784,0.930326679237458,1.08157899140443,NA,0,0,36643.8777787151,36541.7616801232,"0.5 1","-1: 5, 0: 10, +1: 15",102.116098591963
440,5,10,15,40,0.5,1,0.828427542464794,0.140513524213414,0.553026095665705,1.10382898926388,NA,0.491477967290349,0.0336526246701654,0.42552003495158,0.557435899629117,NA,0.989725036110821,0.0428907904818489,0.905660631497943,1.0737894407237,NA,0,0,36873.9972478004,36788.0016062374,"0.5 1","-1: 5, 0: 10, +1: 15",85.9956415630149
441,5,10,15,41,0.5,1,0.906268177044151,0.142134538503684,0.627689600617708,1.18484675347059,NA,0.565954136356886,0.0316132273815816,0.50399334925391,0.627914923459861,NA,1.02006356795529,0.0390299925323111,0.943566188275091,1.09656094763549,NA,0,0,36908.5629848012,36816.4549769121,"0.5 1","-1: 5, 0: 10, +1: 15",92.1080078891173
442,5,10,15,42,0.5,1,0.866533038396279,0.145150626773883,0.582043037586053,1.15102303920651,NA,0.521624510913794,0.0293338321143045,0.464131256441213,0.579117765386376,NA,1.03721138630212,0.0361274593397188,0.966402867143334,1.1080199054609,NA,0,0,36662.3364894489,36565.3557779445,"0.5 1","-1: 5, 0: 10, +1: 15",96.9807115044605
443,5,10,15,43,0.5,1,0.832084833843081,0.150371626295193,0.537361862007786,1.12680780567838,NA,0.470078849116175,0.0326908726210139,0.406005916155802,0.534151782076549,NA,1.07522147131275,0.0414671593169404,0.993947332510362,1.15649561011514,NA,0,0,36880.3675105805,36784.4084807871,"0.5 1","-1: 5, 0: 10, +1: 15",95.9590297934046
444,5,10,15,44,0.5,1,0.817499622611062,0.138504241348115,0.546036297862713,1.08896294735941,NA,0.486796242640568,0.0380875294177006,0.412146056721765,0.561446428559371,NA,0.982958539278512,0.0470281404493514,0.890785077737892,1.07513200081913,NA,0,0,36850.0773282754,36768.9031899379,"0.5 1","-1: 5, 0: 10, +1: 15",81.1741383374465
445,5,10,15,45,0.5,1,0.892165632860979,0.129869440834572,0.637626206132862,1.14670505958909,NA,0.589029113845201,0.0368911636788065,0.516723761686968,0.661334466003434,NA,0.908422558249541,0.0464653034279207,0.817352237000091,0.999492879498991,NA,0,0,37169.5063731704,37094.7756577124,"0.5 1","-1: 5, 0: 10, +1: 15",74.7307154580703
446,5,10,15,46,0.5,1,0.750405353329008,0.134876198548717,0.486052861801849,1.01475784485617,NA,0.427354257950924,0.0335268746827095,0.361642791058625,0.493065724843222,NA,0.963799485879403,0.0418834588645296,0.88170941495696,1.04588955680185,NA,0,0,37203.6698725564,37111.6489854913,"0.5 1","-1: 5, 0: 10, +1: 15",92.0208870650313
447,5,10,15,47,0.5,1,0.811590251435249,0.143408878378735,0.530514014749644,1.09266648812085,NA,0.470818566638538,0.029225318853246,0.413537994249476,0.528099139027599,NA,1.02660841958421,0.0368990040840988,0.954287700513982,1.09892913865444,NA,0,0,36348.5618887302,36249.4429290636,"0.5 1","-1: 5, 0: 10, +1: 15",99.1189596665936
448,5,10,15,48,0.5,1,0.851355612143989,0.137738337861966,0.581393430644126,1.12131779364385,NA,0.51889682599673,0.0317448843443566,0.456677995988401,0.581115656005058,NA,0.993157703154165,0.0402565031294416,0.914256406876936,1.07205899943139,NA,0,0,36796.8691158761,36693.6182913548,"0.5 1","-1: 5, 0: 10, +1: 15",103.250824521288
449,5,10,15,49,0.5,1,0.804298283395271,0.139438523148614,0.531003799966533,1.07759276682401,NA,0.469101692626475,0.0284298066063938,0.413380295590505,0.524823089662446,NA,0.984047320240123,0.0360856864558104,0.91332067442933,1.05477396605092,NA,0,0,36740.8054610748,36648.1533832344,"0.5 1","-1: 5, 0: 10, +1: 15",92.6520778404229
450,5,10,15,50,0.5,1,0.831705543427384,0.146002951734302,0.545545016391612,1.11786607046316,NA,0.485808590506499,0.0360999177663515,0.415054051839593,0.556563129173406,NA,1.02528744846711,0.0449533641906187,0.937180473669587,1.11339442326464,NA,0,0,37152.6089727106,37070.4533403209,"0.5 1","-1: 5, 0: 10, +1: 15",82.1556323896948
451,5,10,15,51,0.5,1,0.873528978269288,0.138429775749122,0.602211603413053,1.14484635312552,NA,0.537355426753645,0.0281317729922283,0.482218164867621,0.592492688639669,NA,0.996840467343209,0.0348762200089759,0.928484332208721,1.0651966024777,NA,0,0,36187.2540682064,36083.1241099849,"0.5 1","-1: 5, 0: 10, +1: 15",104.129958221522
452,5,10,15,52,0.5,1,0.810865593740686,0.13494183017027,0.546384466599036,1.07534672088234,NA,0.483126494572782,0.033120426173551,0.418211652120004,0.54804133702556,NA,0.968846373405837,0.04161031196017,0.887291660578428,1.05040108623325,NA,0,0,36969.8221992313,36871.1852932157,"0.5 1","-1: 5, 0: 10, +1: 15",98.6369060155484
453,5,10,15,53,0.5,1,0.845771135875663,0.142368013945563,0.566734955991863,1.12480731575946,NA,0.509433623366102,0.0358589147257967,0.439151441978848,0.579715804753357,NA,1.01534683981228,0.0439632909797626,0.929180372850093,1.10151330677447,NA,0,0,37098.512970423,37015.7019565856,"0.5 1","-1: 5, 0: 10, +1: 15",82.8110138374395
454,5,10,15,54,0.5,1,0.815930927131531,0.146774828344284,0.528257549739686,1.10360430452338,NA,0.468482371997556,0.0382353156837767,0.393542530319834,0.543422213675278,NA,1.03337846796264,0.0474680917126552,0.940342717790988,1.12641421813428,NA,0,0,37053.6696618689,36972.3986375726,"0.5 1","-1: 5, 0: 10, +1: 15",81.2710242962785
455,5,10,15,55,0.5,1,0.863335892134707,0.137448025507506,0.593942712393853,1.13272907187556,NA,0.52760335988673,0.031311386882837,0.466234169290369,0.58897255048309,NA,0.988895915129798,0.0367328507954932,0.916900850521148,1.06089097973845,NA,0,0,36533.4736494664,36436.5280630349,"0.5 1","-1: 5, 0: 10, +1: 15",96.9455864314223
456,5,10,15,56,0.5,1,0.82771310652377,0.140663054073114,0.552018586585057,1.10340762646248,NA,0.494075462329353,0.0340549937193084,0.427328901145771,0.560822023512935,NA,1.0051580274598,0.0428665001962154,0.921141230931938,1.08917482398766,NA,0,0,37197.1658729455,37106.5809021739,"0.5 1","-1: 5, 0: 10, +1: 15",90.5849707716479
457,5,10,15,57,0.5,1,0.852265889422965,0.143214074371254,0.571571461576066,1.13296031726986,NA,0.505769304723714,0.0239099334456465,0.458906696297497,0.552631913149931,NA,1.02270440056529,0.0298677144625961,0.964164755918077,1.08124404521251,NA,0,0,35838.9003277027,35731.1683600712,"0.5 1","-1: 5, 0: 10, +1: 15",107.731967631473
458,5,10,15,58,0.5,1,0.860396649043859,0.141086070943343,0.583873031274645,1.13692026681307,NA,0.51084323818824,0.0263935881425474,0.459112756006063,0.562573720370416,NA,1.01909636006508,0.0339588820476851,0.952538174296374,1.08565454583379,NA,0,0,35273.4861285451,35169.3602210788,"0.5 1","-1: 5, 0: 10, +1: 15",104.125907466376
459,5,10,15,59,0.5,1,0.865906425286581,0.131734744149322,0.607711071241311,1.12410177933185,NA,0.540979658571166,0.0258817082052434,0.490252442630514,0.591706874511818,NA,0.959163607048361,0.0319641428274268,0.89651503830991,1.02181217578681,NA,0,0,35584.5281141862,35473.2156120279,"0.5 1","-1: 5, 0: 10, +1: 15",111.312502158347
460,5,10,15,60,0.5,1,0.806229055187325,0.139223871554311,0.533355281152644,1.07910282922201,NA,0.470032878700711,0.0282025794240403,0.414756838758462,0.525308918642961,NA,1.00096514606431,0.0351319672833143,0.932107755482979,1.06982253664565,NA,0,0,36201.5934183569,36097.7551674531,"0.5 1","-1: 5, 0: 10, +1: 15",103.838250903871
461,5,10,15,61,0.5,1,0.883293216820552,0.132742415642422,0.623122862940559,1.14346357070055,NA,0.572113414399426,0.0348166284430784,0.503874076587879,0.640352752210972,NA,0.92705453248685,0.0436315102814627,0.841538343744094,1.01257072122961,NA,0,0,37204.0727154951,37124.3352443878,"0.5 1","-1: 5, 0: 10, +1: 15",79.7374711072698
462,5,10,15,62,0.5,1,0.833423441486406,0.145007046841045,0.549214852173444,1.11763203079937,NA,0.487735650269594,0.0303468840827986,0.428256850424297,0.547214450114891,NA,1.03047626790254,0.0384607112241578,0.955094659083392,1.10585787672168,NA,0,0,36890.6703070568,36795.4419300534,"0.5 1","-1: 5, 0: 10, +1: 15",95.2283770034046
463,5,10,15,63,0.5,1,0.833246923735169,0.149758629959842,0.539725402639816,1.12676844483052,NA,0.480634046889292,0.042603135830769,0.397133435032517,0.564134658746067,NA,1.05623358858035,0.0528728850734428,0.952604638077677,1.15986253908302,NA,0,0,36971.2500701028,36894.3380444274,"0.5 1","-1: 5, 0: 10, +1: 15",76.9120256754177
464,5,10,15,64,0.5,1,0.823656800143266,0.131684161293295,0.565560586674045,1.08175301361249,NA,0.512373851623179,0.0374155381568745,0.43904074437352,0.585706958872837,NA,0.933547089208656,0.0461582746445401,0.843078533316849,1.02401564510046,NA,0,0,37264.1261976379,37185.7729301069,"0.5 1","-1: 5, 0: 10, +1: 15",78.3532675309179
465,5,10,15,65,0.5,1,0.806744368494894,0.1408174163434,0.530747304065849,1.08274143292394,NA,0.464763595479387,0.0273786568725138,0.41110241406418,0.518424776894594,NA,1.01397036830674,0.0332749119899425,0.948752739217709,1.07918799739576,NA,0,0,35508.5489299952,35394.1545520782,"0.5 1","-1: 5, 0: 10, +1: 15",114.394377916913
466,5,10,15,66,0.5,1,0.826438115021398,0.147213822449959,0.537904324993003,1.11497190504979,NA,0.469834572648279,0.0259808994848083,0.418912945372099,0.520756199924458,NA,1.04421352694861,0.0349948145600473,0.975624950765263,1.11280210313196,NA,0,0,36337.5079507242,36233.9957761608,"0.5 1","-1: 5, 0: 10, +1: 15",103.512174563424
467,5,10,15,67,0.5,1,0.852152793689414,0.145720617556607,0.566545631473528,1.1377599559053,NA,0.497415870992316,0.0321618783142082,0.434379747821308,0.560451994163324,NA,1.05107806039344,0.0409544393919781,0.970808834178132,1.13134728660874,NA,0,0,36631.4083114541,36526.2622313494,"0.5 1","-1: 5, 0: 10, +1: 15",105.146080104649
468,5,10,15,68,0.5,1,0.82418517737364,0.143942834709349,0.542062405510715,1.10630794923657,NA,0.468331344350807,0.0291185790965902,0.411259978040509,0.525402710661105,NA,1.0460627561446,0.0361341791617926,0.975241066376568,1.11688444591263,NA,0,0,36221.6105874151,36114.043492188,"0.5 1","-1: 5, 0: 10, +1: 15",107.567095227067
469,5,10,15,69,0.5,1,0.81707247948148,0.142348766138352,0.538074024606595,1.09607093435637,NA,0.477412784708789,0.0334720564828442,0.411808759513924,0.543016809903654,NA,1.02222039895863,0.0407821244705638,0.942288903783296,1.10215189413397,NA,0,0,37148.3142608695,37051.2800947312,"0.5 1","-1: 5, 0: 10, +1: 15",97.0341661383136
470,5,10,15,70,0.5,1,0.855952243684693,0.141983937341062,0.57766884011302,1.13423564725637,NA,0.512193521558424,0.0334304508424517,0.446671041920282,0.577716001196566,NA,1.01863044337101,0.0405987420300057,0.939058371174569,1.09820251556746,NA,0,0,36699.6141590662,36606.0071800668,"0.5 1","-1: 5, 0: 10, +1: 15",93.6069789993708
471,5,10,15,71,0.5,1,0.847807106813929,0.133749887951366,0.585662143492984,1.10995207013487,NA,0.51710705353513,0.0258279710630307,0.466485160457847,0.567728946612413,NA,0.96514333024023,0.0333805410551668,0.899718671987642,1.03056798849282,NA,0,0,35988.6011221116,35883.2025475992,"0.5 1","-1: 5, 0: 10, +1: 15",105.398574512423
472,5,10,15,72,0.5,1,0.808209545207023,0.13960799380529,0.534582905394763,1.08183618501928,NA,0.472323930034117,0.0328539289277071,0.407931412585173,0.536716447483062,NA,0.999391943767031,0.0409450654367147,0.919141090166435,1.07964279736763,NA,0,0,36772.5268644352,36674.9293374878,"0.5 1","-1: 5, 0: 10, +1: 15",97.5975269474875
473,5,10,15,73,0.5,1,0.878569443992968,0.133955652218017,0.616021190120081,1.14111769786585,NA,0.55741914651459,0.0306337400163384,0.497378119370804,0.617460173658377,NA,0.958625819806204,0.0379954314388536,0.88415614260899,1.03309549700342,NA,0,0,36494.6178878599,36400.6743285675,"0.5 1","-1: 5, 0: 10, +1: 15",93.9435592924056
474,5,10,15,74,0.5,1,0.809125457675274,0.141576485394432,0.531640645244427,1.08661027010612,NA,0.47282900437099,0.0352023816673618,0.403833604132927,0.541824404609052,NA,1.00943624046298,0.0440296960215856,0.923139622010423,1.09573285891553,NA,0,0,36983.9810327041,36897.8414841463,"0.5 1","-1: 5, 0: 10, +1: 15",86.1395485578032
475,5,10,15,75,0.5,1,0.889667147517961,0.140189331583835,0.614901106596901,1.16443318843902,NA,0.550870822445962,0.0353306779435221,0.481623966127275,0.620117678764649,NA,1.01387206840604,0.0429376976662736,0.929715727401072,1.098028409411,NA,0,0,37066.6846635594,36964.8285273977,"0.5 1","-1: 5, 0: 10, +1: 15",101.856136161674
476,5,10,15,76,0.5,1,0.819921748383034,0.142946859134678,0.539751052775944,1.10009244399012,NA,0.480291958456862,0.0310991450380476,0.419338754232301,0.541245162681423,NA,1.02263957518158,0.0393831073814114,0.945450103114737,1.09982904724842,NA,0,0,36769.5936608206,36678.5835739607,"0.5 1","-1: 5, 0: 10, +1: 15",91.0100868598893
477,5,10,15,77,0.5,1,0.809576257784105,0.139173851432907,0.53680052138588,1.08235199418233,NA,0.47814677415071,0.0354711651523678,0.408624567962397,0.547668980339023,NA,0.986436554622094,0.0439413703295989,0.900313051344743,1.07256005789944,NA,0,0,36945.4064689826,36861.9052333929,"0.5 1","-1: 5, 0: 10, +1: 15",83.5012355897416
478,5,10,15,78,0.5,1,0.87287966802166,0.140170486485815,0.598150562814005,1.14760877322932,NA,0.537256331795639,0.0356051444173848,0.467471531073217,0.60704113251806,NA,1.00565586490519,0.0435637677480419,0.920272449088159,1.09103928072222,NA,0,0,37024.0117277332,36935.4201704655,"0.5 1","-1: 5, 0: 10, +1: 15",88.591557267704
479,5,10,15,79,0.5,1,0.866114312273711,0.137799937625159,0.596031397456534,1.13619722709089,NA,0.536878619296673,0.0282082047472481,0.481591553923535,0.592165684669811,NA,0.993301613024006,0.0360268352139541,0.922690313527696,1.06391291252032,NA,0,0,36170.7881730325,36061.5818546393,"0.5 1","-1: 5, 0: 10, +1: 15",109.206318393131
480,5,10,15,80,0.5,1,0.868542862778984,0.150935557199411,0.572714606681654,1.16437111887631,NA,0.508367160561887,0.0343906723808518,0.440962681291301,0.575771639832473,NA,1.07027609016733,0.0441768411585427,0.983691072545836,1.15686110778882,NA,0,0,37012.3376316586,36921.9721306635,"0.5 1","-1: 5, 0: 10, +1: 15",90.3655009950962
481,5,10,15,81,0.5,1,0.834501336208506,0.139698076345454,0.560698137861889,1.10830453455512,NA,0.500564929049812,0.0363383483701725,0.429343074986605,0.57178678311302,NA,0.992449003232787,0.0448800784015718,0.904485665942373,1.0804123405232,NA,0,0,36935.4920296829,36851.1933374369,"0.5 1","-1: 5, 0: 10, +1: 15",84.2986922460113
482,5,10,15,82,0.5,1,0.815232692905693,0.137165379520714,0.546393489119327,1.08407189669206,NA,0.48787401766816,0.0386100406334226,0.412199728585024,0.563548306751297,NA,0.985742516040608,0.0479740620242265,0.891715082281033,1.07976994980018,NA,0,0,37393.315879364,37301.8336641624,"0.5 1","-1: 5, 0: 10, +1: 15",91.4822152016786
483,5,10,15,83,0.5,1,0.797475826359462,0.137667846919762,0.527651804567555,1.06729984815137,NA,0.471643270879252,0.0398516764836995,0.393535420247659,0.549751121510845,NA,0.969654520296121,0.0491814344379141,0.873260680089791,1.06604836050245,NA,0,0,36887.6624470325,36810.7537910278,"0.5 1","-1: 5, 0: 10, +1: 15",76.9086560047217
484,5,10,15,84,0.5,1,0.880899764039077,0.131068318833832,0.624010579610554,1.1377889484676,NA,0.564652841179012,0.0307793962637842,0.504326333036109,0.624979349321916,NA,0.937210021926576,0.0377622454456538,0.863197380877733,1.01122266297542,NA,0,0,36686.5012645628,36596.1183965381,"0.5 1","-1: 5, 0: 10, +1: 15",90.3828680246734
485,5,10,15,85,0.5,1,0.830465923084529,0.142610454357801,0.550954568724346,1.10997727744471,NA,0.482296268601906,0.0315348529323626,0.420489092596708,0.544103444607104,NA,1.02613392278825,0.0389294175327762,0.949833666484887,1.10243417909161,NA,0,0,36225.8165263546,36131.0250861058,"0.5 1","-1: 5, 0: 10, +1: 15",94.7914402487731
486,5,10,15,86,0.5,1,0.848176471628524,0.139752210676139,0.574267171943438,1.12208577131361,NA,0.514207456290413,0.0293471510413916,0.456688097200428,0.571726815380397,NA,1.00557643651095,0.0370511737065608,0.932957470461155,1.07819540256075,NA,0,0,36839.2751250586,36737.8785652517,"0.5 1","-1: 5, 0: 10, +1: 15",101.396559806853
487,5,10,15,87,0.5,1,0.851082454768651,0.139282975227294,0.578092839663571,1.12407206987373,NA,0.514283266531459,0.0308026741117669,0.453911134644871,0.574655398418046,NA,0.992934829620685,0.0396428693153553,0.91523623351876,1.07063342572261,NA,0,0,36727.6426373946,36633.2450768547,"0.5 1","-1: 5, 0: 10, +1: 15",94.3975605398882
488,5,10,15,88,0.5,1,0.866340179758488,0.145589503576633,0.580989996221223,1.15169036329575,NA,0.519190482726671,0.0346695512430927,0.451239410930043,0.587141554523298,NA,1.04226884436841,0.0434463851369312,0.957115494241571,1.12742219449525,NA,0,0,37131.7102310664,37039.219828519,"0.5 1","-1: 5, 0: 10, +1: 15",92.4904025474316
489,5,10,15,89,0.5,1,0.815154255640918,0.131857488714721,0.556718326668168,1.07359018461367,NA,0.498001838937711,0.0312285861126692,0.436794934868771,0.55920874300665,NA,0.950739285785954,0.0384815742863838,0.875316786116239,1.02616178545567,NA,0,0,37079.545125606,36987.7598479752,"0.5 1","-1: 5, 0: 10, +1: 15",91.7852776307554
490,5,10,15,90,0.5,1,0.827993288258356,0.138655344567343,0.556233806642371,1.09975276987434,NA,0.499642446804059,0.0350096046829381,0.431024882512515,0.568260011095602,NA,0.987660582250537,0.0438851674557491,0.901647234581759,1.07367392991931,NA,0,0,37269.7053383432,37178.5929659806,"0.5 1","-1: 5, 0: 10, +1: 15",91.1123723626661
491,5,10,15,91,0.5,1,0.860677138835984,0.140203977320582,0.585882392798373,1.13547188487359,NA,0.524611298743858,0.0341797301177937,0.457620258711683,0.591602338776033,NA,0.99914519576118,0.0420548851653487,0.916719135463129,1.08157125605923,NA,0,0,36334.5628051165,36245.4803178983,"0.5 1","-1: 5, 0: 10, +1: 15",89.0824872182347
492,5,10,15,92,0.5,1,0.820641393278108,0.131438881665958,0.563025919044608,1.07825686751161,NA,0.499402602433173,0.0307708106771665,0.439092921730826,0.55971228313552,NA,0.954493523566662,0.036920076954233,0.882131502429918,1.02685554470341,NA,0,0,36739.4639246238,36634.230157523,"0.5 1","-1: 5, 0: 10, +1: 15",105.233767100828
493,5,10,15,93,0.5,1,0.882853579675855,0.150984509117055,0.586929379582968,1.17877777976874,NA,0.52088358134544,0.0301022978040458,0.461884161797611,0.579883000893268,NA,1.07694997879285,0.0386545542364823,1.00118844465089,1.15271151293481,NA,0,0,36421.1460499745,36324.5372007935,"0.5 1","-1: 5, 0: 10, +1: 15",96.608849180986
494,5,10,15,94,0.5,1,0.845461261847918,0.140073484096525,0.570922277829686,1.12000024586615,NA,0.512085112600249,0.0307622931963007,0.451792125853639,0.57237809934686,NA,1.00000820752508,0.038931590705118,0.923703691882198,1.07631272316797,NA,0,0,36883.7393078644,36790.4416600359,"0.5 1","-1: 5, 0: 10, +1: 15",93.2976478285418
495,5,10,15,95,0.5,1,0.83682444986046,0.138064525933938,0.566222951487345,1.10742594823358,NA,0.507944235800458,0.0357606638919488,0.437854622508996,0.578033849091919,NA,0.986173228491764,0.0444437260600176,0.899065126075366,1.07328133090816,NA,0,0,37286.4237758955,37199.0366710286,"0.5 1","-1: 5, 0: 10, +1: 15",87.3871048668952
496,5,10,15,96,0.5,1,0.85789795280677,0.137885694025062,0.587646958534339,1.1281489470792,NA,0.525471765122242,0.0303207909966614,0.46604410678602,0.584899423458465,NA,0.988412031458032,0.0385509364630138,0.912853584420233,1.06397047849583,NA,0,0,36627.0229993616,36530.2262081321,"0.5 1","-1: 5, 0: 10, +1: 15",96.7967912294844
497,5,10,15,97,0.5,1,0.820089532531303,0.128564437832862,0.568107864686254,1.07207120037635,NA,0.515728504926544,0.0330082315636545,0.451033559868423,0.580423449984665,NA,0.910297742143864,0.0414996327992332,0.82895995648573,0.991635527801998,NA,0,0,37176.790891591,37089.1386222331,"0.5 1","-1: 5, 0: 10, +1: 15",87.65226935791
498,5,10,15,98,0.5,1,0.854086921006911,0.140820259963101,0.578084283185665,1.13008955882816,NA,0.517747941110071,0.0356053674978831,0.447962703157907,0.587533179062235,NA,0.996707750000193,0.0445542916162,0.909382943075746,1.08403255692464,NA,0,0,36698.6055606521,36614.3886581457,"0.5 1","-1: 5, 0: 10, +1: 15",84.2169025064068
499,5,10,15,99,0.5,1,0.839330892825998,0.150400067876787,0.544552176515117,1.13410960913688,NA,0.482407437241123,0.0318437523221142,0.419994829557165,0.54482004492508,NA,1.056638812137,0.0410127873754064,0.976255225975608,1.1370223982984,NA,0,0,36902.1128921156,36809.0027180237,"0.5 1","-1: 5, 0: 10, +1: 15",93.1101740919112
500,5,10,15,100,0.5,1,0.807733594760973,0.135577467860963,0.542006640638348,1.0734605488836,NA,0.485946557642078,0.0341348615409427,0.419043458404568,0.552849656879587,NA,0.966262919375243,0.0421915823913905,0.883568937437363,1.04895690131312,NA,0,0,36994.3329441038,36907.9198604017,"0.5 1","-1: 5, 0: 10, +1: 15",86.4130837021148
501,5,10,15,1,0,-1,-0.318058684224694,0.139405604812677,-0.591288648900564,-0.0448287195488242,NA,0.013773246735065,0.0326146948343694,-0.0501503805070634,0.0776968739771935,NA,-0.998173415221083,0.0406720883633557,-1.07788924358929,-0.918457586852875,NA,0,0,37520.3750084324,37425.1985079012,"0 -1","-1: 5, 0: 10, +1: 15",95.1765005312263
502,5,10,15,2,0,-1,-0.301576326050219,0.138674164747602,-0.573372694541693,-0.0297799575587441,NA,0.029714397533692,0.0301615759283475,-0.0294012050028394,0.0888300000702234,NA,-0.991223650820111,0.0375044872474738,-1.0647310950838,-0.91771620655642,NA,0,0,37417.1287672037,37320.3081592216,"0 -1","-1: 5, 0: 10, +1: 15",96.8206079820593
503,5,10,15,3,0,-1,-0.325596593196601,0.140031038427494,-0.600052385232234,-0.0511408011609679,NA,0.0103709375656953,0.0308013448930491,-0.0499985891000777,0.0707404642314682,NA,-1.0063747031218,0.0397031653091005,-1.08419147719988,-0.928557929043722,NA,0,0,37538.0137472929,37434.1942571279,"0 -1","-1: 5, 0: 10, +1: 15",103.819490165006
504,5,10,15,4,0,-1,-0.362517937577097,0.133592917240073,-0.624355243957279,-0.100680631196914,NA,-0.0474998477693438,0.03535759283292,-0.116799456301899,0.0217997607632109,NA,-0.948336313902674,0.0436874092548433,-1.03396206262003,-0.862710565185319,NA,0,0,37586.9008319772,37503.6481702472,"0 -1","-1: 5, 0: 10, +1: 15",83.25266173001
505,5,10,15,5,0,-1,-0.316801918447962,0.156035226505635,-0.622625342718556,-0.010978494177368,NA,0.0555900935304843,0.0362976736562909,-0.0155520395584341,0.126732226619403,NA,-1.11419649548184,0.0447747063155095,-1.2019533072786,-1.02643968368508,NA,0,0,37601.5647090108,37512.6821554256,"0 -1","-1: 5, 0: 10, +1: 15",88.8825535852448
506,5,10,15,6,0,-1,-0.331880365529615,0.133773114585352,-0.594070852216654,-0.0696898788425749,NA,-0.00747096276279529,0.0334190242665792,-0.0729710467237606,0.05802912119817,NA,-0.968765918493745,0.0401581789106095,-1.04747450284326,-0.890057334144235,NA,0,0,37542.6097264137,37448.8177088518,"0 -1","-1: 5, 0: 10, +1: 15",93.7920175619583
507,5,10,15,7,0,-1,-0.368151821993167,0.149793706612835,-0.661742092065083,-0.0745615519212514,NA,-0.00753114903680439,0.0327154526902511,-0.0716522580476205,0.0565899599740117,NA,-1.08340705801356,0.0400111606656296,-1.16182749189784,-1.00498662412928,NA,0,0,37425.3507052073,37323.5719643024,"0 -1","-1: 5, 0: 10, +1: 15",101.778740904869
508,5,10,15,8,0,-1,-0.315012129182015,0.138711258401512,-0.586881199899207,-0.0431430584648222,NA,0.0161334175334615,0.0337713539281481,-0.0500572198748641,0.082324054941787,NA,-0.992586070463234,0.0408293997542314,-1.07261022349192,-0.912561917434552,NA,0,0,37407.6419401366,37315.5950945691,"0 -1","-1: 5, 0: 10, +1: 15",92.0468455674491
509,5,10,15,9,0,-1,-0.336994516457385,0.138612490670989,-0.608670005979918,-0.0653190269348512,NA,0.00292917393392798,0.0298786408718832,-0.0556318860819694,0.0614902339498254,NA,-1.00851538163498,0.0355052085619752,-1.07810431168003,-0.938926451589926,NA,0,0,37176.5258896364,37061.2260777956,"0 -1","-1: 5, 0: 10, +1: 15",115.299811840836
510,5,10,15,10,0,-1,-0.328387319312113,0.135505562689331,-0.593973341888036,-0.06280129673619,NA,0.000286201735608267,0.0243659611291911,-0.0474702045263092,0.0480426079975257,NA,-0.978847311574601,0.0308124923238258,-1.03923868680322,-0.918455936345986,NA,0,0,37031.6297403246,36918.7255587026,"0 -1","-1: 5, 0: 10, +1: 15",112.904181621998
511,5,10,15,11,0,-1,-0.356978769972174,0.145087344239244,-0.641344739293658,-0.0726128006506897,NA,-0.0116843348247639,0.0358435928054643,-0.0819364857999928,0.0585678161504651,NA,-1.0378768159849,0.0446162913039587,-1.1253231400644,-0.95043049190539,NA,0,0,37635.8868916427,37550.4602823044,"0 -1","-1: 5, 0: 10, +1: 15",85.4266093383121
512,5,10,15,12,0,-1,-0.308652460048264,0.137471258282898,-0.578091175192148,-0.0392137449043804,NA,0.023889384777851,0.0289334965412058,-0.0328192263897266,0.0805979959454287,NA,-0.992729163733945,0.0359996131942303,-1.06328710905201,-0.922171218415881,NA,0,0,37407.7523124729,37303.8254737682,"0 -1","-1: 5, 0: 10, +1: 15",103.926838704756
513,5,10,15,13,0,-1,-0.331251021892624,0.140160637736463,-0.605960823906256,-0.0565412198789915,NA,0.00896740308295639,0.0330805343240914,-0.0558692527816038,0.0738040589475166,NA,-1.01980590595611,0.0407011794640351,-1.09957875183392,-0.940033060078295,NA,0,0,37516.6618383031,37406.0794290381,"0 -1","-1: 5, 0: 10, +1: 15",110.582409264942
514,5,10,15,14,0,-1,-0.332908008441447,0.139717994588906,-0.606750245827864,-0.059065771055029,NA,0.00239091186557695,0.0351794171045828,-0.0665594786565176,0.0713413023876715,NA,-1.00063802486753,0.0432425580607038,-1.08539188126589,-0.915884168469167,NA,0,0,37603.4916165192,37514.6310962818,"0 -1","-1: 5, 0: 10, +1: 15",88.8605202373437
515,5,10,15,15,0,-1,-0.296138871737601,0.139407750186025,-0.569373041267966,-0.0229047022072355,NA,0.0344813310857927,0.034934554184214,-0.0339891369312297,0.102951799102815,NA,-0.9886057194912,0.0434069395099526,-1.07368175760982,-0.903529681372585,NA,0,0,37605.9237300441,37521.3680994061,"0 -1","-1: 5, 0: 10, +1: 15",84.5556306380458
516,5,10,15,16,0,-1,-0.35032176810494,0.144400227410352,-0.633341013188625,-0.0673025230212562,NA,-0.00759046834531599,0.031447227488105,-0.0692259016356397,0.0540449649450078,NA,-1.02768668400777,0.039885763197474,-1.10586134337072,-0.949512024644831,NA,0,0,37488.2318741606,37396.1525711181,"0 -1","-1: 5, 0: 10, +1: 15",92.0793030424538
517,5,10,15,17,0,-1,-0.404992366569769,0.139807865452649,-0.679010747612382,-0.130973985527155,NA,-0.0759236041721418,0.0319650935147297,-0.138574036223467,-0.0132731721208167,NA,-0.986320687311076,0.0405870437649139,-1.06586983132926,-0.906771543292894,NA,0,0,37614.9254431135,37530.2443568649,"0 -1","-1: 5, 0: 10, +1: 15",84.68108624858
518,5,10,15,18,0,-1,-0.359802809410682,0.135803870790912,-0.625973505122001,-0.0936321136993632,NA,-0.0369818884981881,0.0353334188664412,-0.106234116927081,0.0322703399307048,NA,-0.963483195178065,0.044526075013196,-1.05075269857686,-0.876213691779272,NA,0,0,37691.5974874914,37606.7982854529,"0 -1","-1: 5, 0: 10, +1: 15",84.7992020384991
519,5,10,15,19,0,-1,-0.395634173102332,0.150072136504779,-0.689770155734677,-0.101498190469986,NA,-0.0338732203838295,0.0309800488125224,-0.0945930002956664,0.0268465595280073,NA,-1.08017143036059,0.0391693841048935,-1.15694201250279,-1.00340084821838,NA,0,0,37257.4569443403,37158.3934797526,"0 -1","-1: 5, 0: 10, +1: 15",99.0634645876926
520,5,10,15,20,0,-1,-0.351292147261213,0.132675633380548,-0.611331610313127,-0.0912526842092989,NA,-0.0349572232572962,0.0301802992816943,-0.0941095228920572,0.0241950763774647,NA,-0.946462042706798,0.0382545233281856,-1.02143953067579,-0.871484554737807,NA,0,0,37535.696873926,37444.7166536834,"0 -1","-1: 5, 0: 10, +1: 15",90.9802202425344
521,5,10,15,21,0,-1,-0.315641550513943,0.141830171148487,-0.59362357788613,-0.0376595231417556,NA,0.0251202229197715,0.033076615312872,-0.0397087518239436,0.0899491976634866,NA,-1.0164864849665,0.041083123170702,-1.0970079267535,-0.935965043179506,NA,0,0,37414.011970934,37321.7446334999,"0 -1","-1: 5, 0: 10, +1: 15",92.2673374340156
522,5,10,15,22,0,-1,-0.413098013987026,0.143679615585076,-0.694704885846333,-0.131491142127718,NA,-0.0756639008653844,0.0379866894305086,-0.15011644404109,-0.00121135768967923,NA,-1.02301249825675,0.0465292964029574,-1.11420824343254,-0.931816753080964,NA,0,0,37565.852149883,37484.9761166959,"0 -1","-1: 5, 0: 10, +1: 15",80.8760331871235
523,5,10,15,23,0,-1,-0.335351773873788,0.14343964030935,-0.616488302835493,-0.0542152449120824,NA,0.00633742421703927,0.037284916867307,-0.0667396700094525,0.079414518443531,NA,-1.02116601692902,0.0464783807284865,-1.1122619692166,-0.930070064641449,NA,0,0,37433.1588519993,37348.3867917162,"0 -1","-1: 5, 0: 10, +1: 15",84.7720602830377
524,5,10,15,24,0,-1,-0.2811331204873,0.143954301069819,-0.563278366003781,0.00101212502918058,NA,0.0640176631960376,0.0338733683115648,-0.00237291872968971,0.130408245121765,NA,-1.03729575536293,0.0418567810686461,-1.11933353876625,-0.955257971959604,NA,0,0,37623.2838147722,37527.5525547926,"0 -1","-1: 5, 0: 10, +1: 15",95.731259979606
525,5,10,15,25,0,-1,-0.284026675476771,0.129072104671172,-0.537003352041051,-0.0310499989124901,NA,0.0221994750972822,0.0302605946733441,-0.0371102006132368,0.0815091508078012,NA,-0.922806098900544,0.0376933963014587,-0.996683798106398,-0.84892839969469,NA,0,0,37557.6624028778,37466.449666919,"0 -1","-1: 5, 0: 10, +1: 15",91.2127359588703
526,5,10,15,26,0,-1,-0.344980677497256,0.137795160135132,-0.615054228606044,-0.0749071263884677,NA,-0.0189961148444413,0.0326968099594767,-0.0830806847743662,0.0450884550854836,NA,-0.982120547615095,0.0406722735688792,-1.06183673897946,-0.902404356250732,NA,0,0,37641.2187418551,37549.5514558471,"0 -1","-1: 5, 0: 10, +1: 15",91.6672860079998
527,5,10,15,27,0,-1,-0.330206336293343,0.139429359183339,-0.603482858680186,-0.056929813906499,NA,0.000440900939427286,0.0339186445778668,-0.0660384208376063,0.0669202227164609,NA,-0.997911346329192,0.0422567117659255,-1.0807329794955,-0.915089713162888,NA,0,0,37587.2707230417,37493.8454999164,"0 -1","-1: 5, 0: 10, +1: 15",93.4252231252904
528,5,10,15,28,0,-1,-0.307579727353978,0.155890482367474,-0.613119458326804,-0.00203999638115271,NA,0.0615180005708256,0.0437484167230837,-0.0242273205870683,0.147263321728719,NA,-1.1051407340235,0.0532269106015054,-1.20946356181078,-1.00081790623622,NA,0,0,37518.2615825366,37437.7969745155,"0 -1","-1: 5, 0: 10, +1: 15",80.4646080211314
529,5,10,15,29,0,-1,-0.348178151029773,0.148575743008286,-0.639381256302293,-0.0569750457572537,NA,0.00711577433192467,0.0343264630557496,-0.0601628569739892,0.0743944056378386,NA,-1.05937676501494,0.0438271023687616,-1.14527630720446,-0.973477222825418,NA,0,0,37597.4926437078,37501.7349746094,"0 -1","-1: 5, 0: 10, +1: 15",95.7576690984424
530,5,10,15,30,0,-1,-0.427224973109291,0.143457080507771,-0.708395684231784,-0.146054261986798,NA,-0.0820467784340968,0.0360077134602593,-0.152620599981843,-0.0114729568863505,NA,-1.02928242516227,0.0440661856957427,-1.11565056206198,-0.942914288262562,NA,0,0,37498.0599753875,37406.9687307094,"0 -1","-1: 5, 0: 10, +1: 15",91.0912446780494
531,5,10,15,31,0,-1,-0.344940981457918,0.138669371292071,-0.616727954949189,-0.0731540079666466,NA,-0.012954346039143,0.0309820934262819,-0.0736781333203106,0.0477694412420246,NA,-0.990754872128123,0.0396122288846318,-1.06839341408936,-0.913116330166887,NA,0,0,37546.5763833954,37450.6355493402,"0 -1","-1: 5, 0: 10, +1: 15",95.9408340552036
532,5,10,15,32,0,-1,-0.302717146962542,0.138388174474961,-0.573952984819712,-0.0314813091053726,NA,0.0347026955311552,0.0360621746524133,-0.0359778679917681,0.105383259054078,NA,-1.00391681386485,0.0436109071908098,-1.08939262129196,-0.918441006437747,NA,0,0,37619.4022082497,37519.6572146763,"0 -1","-1: 5, 0: 10, +1: 15",99.7449935733966
533,5,10,15,33,0,-1,-0.344262191133718,0.140980885437107,-0.620579649099016,-0.0679447331684204,NA,-0.0108214078551531,0.0331144532345263,-0.0757245435625605,0.0540817278522542,NA,-1.00159631004539,0.0409980641594194,-1.08195103923371,-0.921241580857062,NA,0,0,37520.9699062541,37434.4743734299,"0 -1","-1: 5, 0: 10, +1: 15",86.4955328241995
534,5,10,15,34,0,-1,-0.347792768832807,0.137443085213929,-0.617176265776178,-0.0784092718894362,NA,-0.0208182402689787,0.0346512364082593,-0.0887334156489499,0.0470969351109926,NA,-0.977386187098234,0.0430210632109684,-1.06170592156835,-0.893066452628114,NA,0,0,37526.4961915969,37440.8824127574,"0 -1","-1: 5, 0: 10, +1: 15",85.6137788394917
535,5,10,15,35,0,-1,-0.289035394309479,0.134693550688545,-0.553029902608848,-0.0250408860101102,NA,0.0311984700991432,0.0313317068922827,-0.0302105469838963,0.0926074871821827,NA,-0.961561054037543,0.0397028460081603,-1.03937720229728,-0.883744905777809,NA,0,0,37573.1376803372,37478.7760199125,"0 -1","-1: 5, 0: 10, +1: 15",94.3616604246708
536,5,10,15,36,0,-1,-0.347543736489142,0.139700758183695,-0.621352191142124,-0.07373528183616,NA,-0.0132906440412199,0.030373389179331,-0.0728213929211273,0.0462401048386875,NA,-0.999491906754939,0.0382219840710289,-1.07440561895182,-0.924578194558058,NA,0,0,37417.758402712,37323.7576780801,"0 -1","-1: 5, 0: 10, +1: 15",94.0007246319728
537,5,10,15,37,0,-1,-0.378540796077074,0.14325529060592,-0.659316006259495,-0.0977655858946525,NA,-0.0368622436745231,0.0299853565736522,-0.0956324626224727,0.0219079752734266,NA,-1.02331532977754,0.0375745215152217,-1.0969600386837,-0.949670620871377,NA,0,0,37338.7268443564,37248.3494961744,"0 -1","-1: 5, 0: 10, +1: 15",90.3773481819444
538,5,10,15,38,0,-1,-0.378008566581677,0.141720089245545,-0.655774837388748,-0.100242295774606,NA,-0.041451915218943,0.0334454942339365,-0.107003879362601,0.0241000489247147,NA,-1.01455906301319,0.0415583598601725,-1.09601195159568,-0.933106174430698,NA,0,0,37558.1655092204,37462.5107841923,"0 -1","-1: 5, 0: 10, +1: 15",95.6547250281074
539,5,10,15,39,0,-1,-0.357433885139028,0.147173328912196,-0.6458883092918,-0.0689794609862557,NA,-0.00863410274511744,0.0385838549572542,-0.0842570688460529,0.066988863355818,NA,-1.03834533618008,0.0479128460455697,-1.13225278882621,-0.94443788353395,NA,0,0,37437.8826072922,37356.8797558462,"0 -1","-1: 5, 0: 10, +1: 15",81.0028514459773
540,5,10,15,40,0,-1,-0.363075149493947,0.13460850604199,-0.62690297334899,-0.099247325638904,NA,-0.0406728035763344,0.0310621963716997,-0.101553589745577,0.0202079825929077,NA,-0.960495896423202,0.0396259962296703,-1.03816142188488,-0.882830370961528,NA,0,0,37526.4553353297,37434.5138504279,"0 -1","-1: 5, 0: 10, +1: 15",91.9414849017485
541,5,10,15,41,0,-1,-0.335491622757611,0.138423820170173,-0.606797324893599,-0.0641859206216228,NA,0.00406941000196347,0.0320917255570399,-0.0588292162915783,0.0669680362955053,NA,-1.00525198111778,0.0387885424173925,-1.08127612726867,-0.929227834966883,NA,0,0,37381.7203349439,37277.5614480234,"0 -1","-1: 5, 0: 10, +1: 15",104.158886920493
542,5,10,15,42,0,-1,-0.325754248883103,0.136873166594249,-0.594020725857782,-0.0574877719084237,NA,0.00905221996621102,0.0290259630416673,-0.0478376222120476,0.0659420621444697,NA,-0.995059450096257,0.0345512841167728,-1.06277872258474,-0.927340177607771,NA,0,0,37187.7345283987,37079.4396654489,"0 -1","-1: 5, 0: 10, +1: 15",108.294862949821
543,5,10,15,43,0,-1,-0.304861681875807,0.14011307672588,-0.57947826602163,-0.0302450977299843,NA,0.027227997726287,0.0405338379234059,-0.0522168647587724,0.106672860211346,NA,-0.991339126470596,0.050218302243345,-1.0897651902323,-0.892913062708893,NA,0,0,37572.4115364535,37494.5598727958,"0 -1","-1: 5, 0: 10, +1: 15",77.8516636577697
544,5,10,15,44,0,-1,-0.364141485384083,0.149997826900959,-0.658131823869235,-0.0701511468989304,NA,-0.00575816275867299,0.0338821832360343,-0.072166021618887,0.060649696101541,NA,-1.07272878839403,0.0419876613483749,-1.15502309243191,-0.990434484356152,NA,0,0,37458.2785089395,37368.2902916437,"0 -1","-1: 5, 0: 10, +1: 15",89.9882172958751
545,5,10,15,45,0,-1,-0.355326332712223,0.148204177653967,-0.645801183272374,-0.0648514821520725,NA,-0.00387317598526377,0.0355272842867846,-0.0735053736558773,0.0657590216853498,NA,-1.05421128247096,0.0448077553597616,-1.14203286920418,-0.966389695737748,NA,0,0,37573.5152019052,37484.0321745717,"0 -1","-1: 5, 0: 10, +1: 15",89.4830273335829
546,5,10,15,46,0,-1,-0.288030917343955,0.144516859664035,-0.571278757444292,-0.00478307724361765,NA,0.0621683812607934,0.034083231290152,-0.00463352454465324,0.12897028706624,NA,-1.04491436422043,0.0421498130053353,-1.12752647966598,-0.962302248774874,NA,0,0,37573.4780522218,37476.0971528951,"0 -1","-1: 5, 0: 10, +1: 15",97.3808993266939
547,5,10,15,47,0,-1,-0.31162657306633,0.138063471357145,-0.582226004506911,-0.0410271416257493,NA,0.0195085835623096,0.028823938819765,-0.0369852984170158,0.076002465541635,NA,-0.991444652452638,0.0371614036778366,-1.06427966527615,-0.918609639629124,NA,0,0,37472.3325883666,37370.1493084844,"0 -1","-1: 5, 0: 10, +1: 15",102.183279882134
548,5,10,15,48,0,-1,-0.37538936267129,0.128653983592611,-0.627546536980416,-0.123232188362165,NA,-0.0678848409425382,0.0315880716809356,-0.129796323778242,-0.00597335810683494,NA,-0.924030005279856,0.0399057999759091,-1.0022439360069,-0.845816074552815,NA,0,0,37619.88189659,37523.4088100137,"0 -1","-1: 5, 0: 10, +1: 15",96.4730865763413
549,5,10,15,49,0,-1,-0.350916256763222,0.131917306346593,-0.609469426140081,-0.092363087386362,NA,-0.0313167446975802,0.0282637100626985,-0.0867125984899515,0.0240791090947911,NA,-0.957299834370154,0.0354126077067068,-1.02670727007395,-0.887892398666364,NA,0,0,37323.9214776185,37210.7349705283,"0 -1","-1: 5, 0: 10, +1: 15",113.186507090206
550,5,10,15,50,0,-1,-0.317701504575397,0.13911864977363,-0.590369047709553,-0.0450339614412416,NA,0.0123618658911399,0.0363380959663673,-0.0588594934697002,0.0835832252519801,NA,-0.990568009154971,0.0439868936555981,-1.07678073651174,-0.904355281798205,NA,0,0,37565.3524115147,37479.3173403967,"0 -1","-1: 5, 0: 10, +1: 15",86.0350711179635
551,5,10,15,51,0,-1,-0.35088531449237,0.138353980247261,-0.622054132894767,-0.0797164960899732,NA,-0.0195243389134447,0.0308176308632797,-0.0799257854943228,0.0408771076674335,NA,-0.99038489475603,0.0382853157459147,-1.06542273475477,-0.915347054757293,NA,0,0,37356.6256016485,37265.8509654115,"0 -1","-1: 5, 0: 10, +1: 15",90.774636237089
552,5,10,15,52,0,-1,-0.290841248799526,0.146603245421578,-0.578178329842505,-0.00350416775654755,NA,0.0546701134333473,0.0330751653731415,-0.0101560194807163,0.119496246347411,NA,-1.05086332272797,0.042060434868052,-1.13330026024345,-0.9684263852125,NA,0,0,37598.9401685278,37503.2279384566,"0 -1","-1: 5, 0: 10, +1: 15",95.7122300712217
553,5,10,15,53,0,-1,-0.320305614865046,0.145684484255736,-0.605841957112581,-0.0347692726175112,NA,0.0316218922506111,0.0340615910638104,-0.0351375994905886,0.0983813839918108,NA,-1.0486519529778,0.0408496408512896,-1.12871577782773,-0.96858812812788,NA,0,0,37371.666547701,37275.1650275742,"0 -1","-1: 5, 0: 10, +1: 15",96.5015201268543
554,5,10,15,54,0,-1,-0.367208536292788,0.134355110940864,-0.630539714875765,-0.103877357709811,NA,-0.0461913376634415,0.033710720014732,-0.11226313478523,0.0198804594583467,NA,-0.960596057452995,0.0413331262291892,-1.04160749623065,-0.879584618675336,NA,0,0,37598.0361741443,37510.2528297172,"0 -1","-1: 5, 0: 10, +1: 15",87.7833444270727
555,5,10,15,55,0,-1,-0.331547983858543,0.139824721391463,-0.605599401934156,-0.0574965657829286,NA,0.0057174307806893,0.0323764638057802,-0.0577392722254045,0.0691741337867831,NA,-1.00563250217157,0.0393299845419189,-1.08271785538625,-0.928547148956892,NA,0,0,37525.6817842853,37435.3303156869,"0 -1","-1: 5, 0: 10, +1: 15",90.3514685983828
556,5,10,15,56,0,-1,-0.390191177175054,0.140926974568976,-0.66640297178044,-0.113979382569668,NA,-0.0529007013669073,0.0343201137025376,-0.120166888169201,0.0143654854353859,NA,-1.00927921165354,0.0422592426536425,-1.09210580526862,-0.926452618038467,NA,0,0,37478.5093702543,37381.1263118505,"0 -1","-1: 5, 0: 10, +1: 15",97.3830584038442
557,5,10,15,57,0,-1,-0.338661377655312,0.132335261211759,-0.598033723515061,-0.0792890317955636,NA,-0.0165553352601837,0.0240394535235072,-0.0636717983742824,0.0305611278539149,NA,-0.957466804627033,0.0301903176578405,-1.01663873991822,-0.898294869335842,NA,0,0,36968.7044370386,36861.4096176267,"0 -1","-1: 5, 0: 10, +1: 15",107.294819411909
558,5,10,15,58,0,-1,-0.348831287855539,0.13256322158068,-0.608650427828276,-0.0890121478828029,NA,-0.0353779259860614,0.0290151376825203,-0.0922465508502721,0.0214906988781493,NA,-0.947990301047274,0.0366093839610293,-1.01974337510709,-0.876237226987458,NA,0,0,37383.6983437851,37292.0787034813,"0 -1","-1: 5, 0: 10, +1: 15",91.6196403038048
559,5,10,15,59,0,-1,-0.328814515930862,0.136386093864329,-0.596126347897047,-0.0615026839646775,NA,0.00458235677327566,0.025196397522738,-0.0448016749114451,0.0539663884579964,NA,-0.993357960235534,0.0303583930781233,-1.05285931729717,-0.933856603173902,NA,0,0,37217.2413867704,37110.6851979605,"0 -1","-1: 5, 0: 10, +1: 15",106.556188809947
560,5,10,15,60,0,-1,-0.310988024980569,0.145447789802829,-0.596060454625066,-0.0259155953360726,NA,0.0349454319273579,0.0283933189174961,-0.0207044505524942,0.09059531440721,NA,-1.0357655711618,0.0358287634191854,-1.10598865707401,-0.965542485249588,NA,0,0,37353.25035057,37256.6723928254,"0 -1","-1: 5, 0: 10, +1: 15",96.5779577445355
561,5,10,15,61,0,-1,-0.382189454729345,0.137170170621048,-0.651038048899813,-0.113340860558877,NA,-0.0506406317863532,0.0345350327755619,-0.118328052231365,0.0170467886586585,NA,-0.984629308061476,0.0426337009526796,-1.06818982645638,-0.901068789666574,NA,0,0,37538.6103945863,37447.3511333571,"0 -1","-1: 5, 0: 10, +1: 15",91.2592612291919
562,5,10,15,62,0,-1,-0.364566894292013,0.14633159962763,-0.651371559362303,-0.0777622292217227,NA,-0.00850709248821696,0.0307421511641066,-0.0687606015771521,0.0517464166007182,NA,-1.05602272036116,0.0383630404900188,-1.13121289805905,-0.980832542663276,NA,0,0,37242.02128573,37139.3616698092,"0 -1","-1: 5, 0: 10, +1: 15",102.659615920806
563,5,10,15,63,0,-1,-0.321818447964454,0.145014883057548,-0.606042395979535,-0.0375944999493722,NA,0.0250246301591139,0.0337750444551908,-0.0411732405492993,0.0912225008675271,NA,-1.03668156337768,0.0418478620401601,-1.11870186580639,-0.954661260948963,NA,0,0,37536.1636539624,37444.268313382,"0 -1","-1: 5, 0: 10, +1: 15",91.8953405803622
564,5,10,15,64,0,-1,-0.361092907589825,0.134512511209506,-0.624732585030496,-0.0974532301491534,NA,-0.0437522033463847,0.0405082751390576,-0.123146963694777,0.0356425570020075,NA,-0.948104052513854,0.0498943511399888,-1.04589518378023,-0.850312921247481,NA,0,0,37700.0431456658,37624.6352838918,"0 -1","-1: 5, 0: 10, +1: 15",75.4078617739797
565,5,10,15,65,0,-1,-0.357961753352819,0.144045183632275,-0.640285125418537,-0.0756383812871013,NA,-0.0132957975954208,0.0268564860760978,-0.0659335430558738,0.0393419478650323,NA,-1.03168633716871,0.033688409841338,-1.09771440715416,-0.965658267183266,NA,0,0,37330.508157328,37235.4599098467,"0 -1","-1: 5, 0: 10, +1: 15",95.0482474813325
566,5,10,15,66,0,-1,-0.392021092786676,0.143607074801627,-0.673485787323014,-0.110556398250337,NA,-0.0424773289203456,0.0257964911815329,-0.0930375225636552,0.00808286472296396,NA,-1.03848632281491,0.0346339281821982,-1.10636757469516,-0.97060507093465,NA,0,0,36980.8771766865,36866.8175375093,"0 -1","-1: 5, 0: 10, +1: 15",114.059639177118
567,5,10,15,67,0,-1,-0.379560428210415,0.138706445222524,-0.651420065270139,-0.10770079115069,NA,-0.0514015607783782,0.0318896826291724,-0.113904190209969,0.0111010686532124,NA,-0.985164100526031,0.040479747827288,-1.06450294837078,-0.905825252681283,NA,0,0,37588.9256362321,37500.9176076046,"0 -1","-1: 5, 0: 10, +1: 15",88.0080286275479
568,5,10,15,68,0,-1,-0.335802577338241,0.134567121987456,-0.599549289936862,-0.0720558647396193,NA,-0.0196249215673184,0.0321337608943474,-0.0826059356080609,0.0433560924734241,NA,-0.951055197690972,0.0397604749029317,-1.02898429650893,-0.873126098873017,NA,0,0,37509.2803385098,37421.9579551615,"0 -1","-1: 5, 0: 10, +1: 15",87.3223833483789
569,5,10,15,69,0,-1,-0.363467226222001,0.13501846051342,-0.628098546076348,-0.0988359063676534,NA,-0.0363368985213232,0.0339537638676216,-0.102885052841439,0.0302112557987925,NA,-0.976875013662249,0.040454161425441,-1.05616371308088,-0.897586314243615,NA,0,0,37498.7263921249,37402.701745293,"0 -1","-1: 5, 0: 10, +1: 15",96.024646831851
570,5,10,15,70,0,-1,-0.3200318380039,0.144337070711175,-0.602927298231814,-0.0371363777759866,NA,0.0235436796398438,0.0324524867925359,-0.0400620256822882,0.0871493849619759,NA,-1.03235173562621,0.0398042300820261,-1.11036659301932,-0.954336878233088,NA,0,0,37566.7616065128,37477.0212312956,"0 -1","-1: 5, 0: 10, +1: 15",89.7403752171376
571,5,10,15,71,0,-1,-0.328968541403112,0.139189209352472,-0.601774378770562,-0.0561627040356623,NA,0.00345053266446063,0.0263315117487632,-0.0481582820216086,0.0550593473505298,NA,-0.99016895373678,0.0338327772932797,-1.05647997872857,-0.923857928744987,NA,0,0,37264.8839452478,37167.5891995033,"0 -1","-1: 5, 0: 10, +1: 15",97.2947457445189
572,5,10,15,72,0,-1,-0.300213744508035,0.138546779890277,-0.571760443266976,-0.0286670457490932,NA,0.0277072444013554,0.0320440000811682,-0.0350978416783328,0.0905123304810437,NA,-0.981733745819155,0.0403267210592923,-1.06077266670996,-0.90269482492835,NA,0,0,37662.1156991381,37571.0392115823,"0 -1","-1: 5, 0: 10, +1: 15",91.0764875557797
573,5,10,15,73,0,-1,-0.336641476157725,0.147504967741702,-0.625745900472204,-0.0475370518432471,NA,0.0149081625056533,0.0337925085223351,-0.0513239371453864,0.081140262156693,NA,-1.04591486812206,0.0423826488524556,-1.12898333344229,-0.962846402801844,NA,0,0,37463.5884469674,37375.746175874,"0 -1","-1: 5, 0: 10, +1: 15",87.8422710934101
574,5,10,15,74,0,-1,-0.295429067692334,0.134571670930678,-0.559184696055839,-0.031673439328829,NA,0.0243820199771452,0.0337717353404135,-0.0418093649854837,0.0905734049397742,NA,-0.962076499767711,0.0413984165168998,-1.04321590515782,-0.8809370943776,NA,0,0,37565.0632786753,37478.1206654196,"0 -1","-1: 5, 0: 10, +1: 15",86.9426132556982
575,5,10,15,75,0,-1,-0.391085475836078,0.148158500184332,-0.68147080020084,-0.100700151471316,NA,-0.0332566167190092,0.0362666987339993,-0.104338040075812,0.0378248066377939,NA,-1.06982732467004,0.044973048702176,-1.15797288040127,-0.981681768938804,NA,0,0,37568.2235197074,37468.1712726837,"0 -1","-1: 5, 0: 10, +1: 15",100.05224702369
576,5,10,15,76,0,-1,-0.380001532575363,0.138642769781278,-0.651736368063545,-0.108266697087181,NA,-0.0435709722434649,0.0292907675391118,-0.100979821699659,0.0138378772127291,NA,-1.00131441105137,0.0370865454830249,-1.0740027045091,-0.928626117593632,NA,0,0,37271.8682058029,37165.1833228443,"0 -1","-1: 5, 0: 10, +1: 15",106.684882958616
577,5,10,15,77,0,-1,-0.327196545424414,0.137309150827735,-0.596317535794552,-0.0580755550542749,NA,0.00321692175806302,0.03171869023657,-0.0589505687423964,0.0653844122585225,NA,-0.986549614237507,0.0388557502451878,-1.06270548531036,-0.910393743164655,NA,0,0,37511.103991806,37416.9178041033,"0 -1","-1: 5, 0: 10, +1: 15",94.1861877027695
578,5,10,15,78,0,-1,-0.312408139566993,0.139700976037754,-0.586217021206084,-0.0385992579279028,NA,0.0183159151298834,0.0398921893233934,-0.0598713392084208,0.0965031694681877,NA,-0.988151077729675,0.049023709683735,-1.08423578309834,-0.892066372361007,NA,0,0,37693.0368193881,37614.7921546229,"0 -1","-1: 5, 0: 10, +1: 15",78.2446647652032
579,5,10,15,79,0,-1,-0.335388632550729,0.142395789173342,-0.614479250880637,-0.0562980142208211,NA,0.00551586569061588,0.0279617339632248,-0.0492881258225951,0.0603198572038268,NA,-1.02439901466558,0.0353383339390761,-1.09366087645982,-0.955137152871339,NA,0,0,37371.8064409726,37270.371507669,"0 -1","-1: 5, 0: 10, +1: 15",101.434933303659
580,5,10,15,80,0,-1,-0.32254275989682,0.144523969369674,-0.605804534764151,-0.0392809850294883,NA,0.0183562515707305,0.0356801676774501,-0.0515755920394217,0.0882880951808828,NA,-1.02501076574772,0.0448882816283886,-1.11299018106726,-0.937031350428191,NA,0,0,37586.5577385453,37499.6696459805,"0 -1","-1: 5, 0: 10, +1: 15",86.8880925648191
581,5,10,15,81,0,-1,-0.330621015106676,0.144023507920025,-0.612901903557044,-0.0483401266563074,NA,0.0135543543114011,0.0333379203332888,-0.0517867688613105,0.0788954774841126,NA,-1.03403292438953,0.0412054650178447,-1.11479415179073,-0.953271696988329,NA,0,0,37589.1199769439,37491.2981664363,"0 -1","-1: 5, 0: 10, +1: 15",97.8218105075357
582,5,10,15,82,0,-1,-0.320770790432238,0.126425036553888,-0.568559308822018,-0.0729822720424576,NA,-0.0256127231390811,0.0421398947939386,-0.108205399247508,0.0569799529693455,NA,-0.885889902797009,0.0514249905315341,-0.986681032144129,-0.785098773449889,NA,0,0,37827.3651287012,37756.4002929705,"0 -1","-1: 5, 0: 10, +1: 15",70.9648357307524
583,5,10,15,83,0,-1,-0.329008916881698,0.138042023349724,-0.599566311000194,-0.0584515227632025,NA,0.00214982637582085,0.0311062505053325,-0.0588173043087116,0.0631169570603533,NA,-0.991294613435411,0.0384080455365132,-1.06657299940355,-0.916016227467271,NA,0,0,37501.6455932659,37406.3594992225,"0 -1","-1: 5, 0: 10, +1: 15",95.2860940433748
584,5,10,15,84,0,-1,-0.34912733578861,0.138652030412315,-0.620880321780099,-0.077374349797121,NA,-0.0152698993817634,0.0307952430445479,-0.0756274666442348,0.045087667880708,NA,-0.992539574844246,0.0384489950453619,-1.06789822037491,-0.917180929313578,NA,0,0,37515.7820104972,37417.7084843633,"0 -1","-1: 5, 0: 10, +1: 15",98.073526133885
585,5,10,15,85,0,-1,-0.323588510529981,0.138052293307805,-0.594166033396439,-0.0530109876635232,NA,0.000904850769320096,0.0336880005513644,-0.0651224170225196,0.0669321185611598,NA,-0.967962038924762,0.0421661951048005,-1.05060626269526,-0.885317815154264,NA,0,0,37515.6135080197,37434.7447791887,"0 -1","-1: 5, 0: 10, +1: 15",80.8687288309811
586,5,10,15,86,0,-1,-0.33229583369968,0.139075537481387,-0.604878878293749,-0.0597127891056116,NA,0.00633517483324672,0.0296327871545975,-0.0517440207513056,0.064414370417799,NA,-1.00990036235453,0.0364800712789299,-1.08139998821469,-0.938400736494373,NA,0,0,37214.5191302621,37101.1495687563,"0 -1","-1: 5, 0: 10, +1: 15",113.369561505708
587,5,10,15,87,0,-1,-0.361684002029903,0.146138852252797,-0.648110889187405,-0.0752571148724015,NA,-0.0111024547877118,0.03072543100773,-0.0713231929723328,0.0491182833969092,NA,-1.04652524360999,0.0385931346866207,-1.12216639764627,-0.970884089573706,NA,0,0,37416.7654674449,37319.4881779,"0 -1","-1: 5, 0: 10, +1: 15",97.2772895448943
588,5,10,15,88,0,-1,-0.291274580057263,0.137528670262591,-0.560825820613627,-0.0217233395008995,NA,0.0413423735765033,0.0351502944523479,-0.0275509375960767,0.110235684749083,NA,-0.989348578906033,0.0427620085913531,-1.07316057565168,-0.905536582160389,NA,0,0,37619.5405287819,37530.1303992178,"0 -1","-1: 5, 0: 10, +1: 15",89.4101295641449
589,5,10,15,89,0,-1,-0.323386886558423,0.135781011362908,-0.589512778614146,-0.0572609945026996,NA,0.00515569879299063,0.0317986013290986,-0.0571684145707901,0.0674798121567714,NA,-0.979541839876834,0.0387354205266112,-1.05546186903501,-0.903621810718663,NA,0,0,37422.7440549886,37320.50684113,"0 -1","-1: 5, 0: 10, +1: 15",102.237213858651
590,5,10,15,90,0,-1,-0.359185672638736,0.130367874582013,-0.614702011560517,-0.103669333716956,NA,-0.0427385044206621,0.0351442540793121,-0.111619976679639,0.0261429678383146,NA,-0.938739265710752,0.0430147520852674,-1.0230466306018,-0.854431900819709,NA,0,0,37619.773793753,37531.0157861711,"0 -1","-1: 5, 0: 10, +1: 15",88.7580075819278
591,5,10,15,91,0,-1,-0.368458022918415,0.14237123473365,-0.647500515430867,-0.0894155304059622,NA,-0.0292567644263036,0.0330577006609649,-0.0940486671335007,0.0355351382808934,NA,-1.00813543801163,0.0414667476860971,-1.08940877003239,-0.926862105990871,NA,0,0,37404.6999384078,37317.5791043039,"0 -1","-1: 5, 0: 10, +1: 15",87.1208341039164
592,5,10,15,92,0,-1,-0.344130101289408,0.14270851880222,-0.623833658428815,-0.0644265441500004,NA,-0.00322950896457692,0.0311217695881201,-0.0642270564924462,0.0577680385632923,NA,-1.02587115042706,0.0382828118039682,-1.10090408278976,-0.950838218064357,NA,0,0,37466.8775031985,37371.6021230869,"0 -1","-1: 5, 0: 10, +1: 15",95.2753801116196
593,5,10,15,93,0,-1,-0.380822902433118,0.140793839867635,-0.656773757818783,-0.104872047047453,NA,-0.0374966060714197,0.029190273126786,-0.0947084900988076,0.0197152779559681,NA,-1.01348049556818,0.0372367660943958,-1.08646321601394,-0.940497775122426,NA,0,0,37352.4910539185,37246.6435837166,"0 -1","-1: 5, 0: 10, +1: 15",105.847470201887
594,5,10,15,94,0,-1,-0.345000236726151,0.144020182071561,-0.627274606633312,-0.0627258668189899,NA,-0.00188319627588381,0.0385873326073641,-0.0775129784457855,0.0737465858940179,NA,-1.02387574417809,0.0476590817135281,-1.11728582787285,-0.93046566048332,NA,0,0,37345.3017959734,37261.4809780559,"0 -1","-1: 5, 0: 10, +1: 15",83.8208179174253
595,5,10,15,95,0,-1,-0.353739785435056,0.136389513384067,-0.62105831953677,-0.0864212513333417,NA,-0.0244884669503096,0.0360932237019168,-0.0952298854920138,0.0462529515913947,NA,-0.979779141675476,0.0436052150045705,-1.06524379262256,-0.894314490728393,NA,0,0,37611.2752927607,37517.555875491,"0 -1","-1: 5, 0: 10, +1: 15",93.7194172696254
596,5,10,15,96,0,-1,-0.352125767052616,0.146460834575363,-0.639183727966007,-0.0650678061392253,NA,-0.00834991879695639,0.0368616275707774,-0.0805973812472087,0.0638975436532959,NA,-1.04069726081986,0.0465674939206547,-1.13196787175463,-0.949426649885089,NA,0,0,37421.5775437273,37337.0107848871,"0 -1","-1: 5, 0: 10, +1: 15",84.5667588401775
597,5,10,15,97,0,-1,-0.28828968657286,0.135474076894139,-0.553813998124183,-0.0227653750215367,NA,0.0370584296408527,0.0332033486684795,-0.0280189379154931,0.102135797197199,NA,-0.969975547858569,0.041197334982042,-1.0507208406824,-0.889230255034735,NA,0,0,37600.7831453936,37510.8595368185,"0 -1","-1: 5, 0: 10, +1: 15",89.9236085750672
598,5,10,15,98,0,-1,-0.33958249882861,0.137746667136854,-0.609561005407272,-0.0696039922499485,NA,-0.0111977005665397,0.0311874258558958,-0.0723239320146088,0.0499285308815294,NA,-0.97877995090864,0.0391841519460827,-1.05557947748771,-0.901980424329573,NA,0,0,37509.1348990206,37419.0557489762,"0 -1","-1: 5, 0: 10, +1: 15",90.0791500444175
599,5,10,15,99,0,-1,-0.344470706513614,0.134631953078844,-0.608344485716434,-0.080596927310794,NA,-0.0121923413731519,0.0301598222273075,-0.0713045067188052,0.0469198239725014,NA,-0.981055588867209,0.0378328245360713,-1.05520656239133,-0.906904615343086,NA,0,0,37330.4371047992,37220.5128681374,"0 -1","-1: 5, 0: 10, +1: 15",109.924236661813
600,5,10,15,100,0,-1,-0.354380871184823,0.146397399668757,-0.641314501965903,-0.0674472404037436,NA,-0.00527503891764976,0.0334464846173306,-0.0708289441770906,0.0602788663417911,NA,-1.04421941926339,0.0416521540569096,-1.12585614109345,-0.962582697433334,NA,0,0,37565.0186500763,37472.3491581486,"0 -1","-1: 5, 0: 10, +1: 15",92.6694919276561
