"sim","n_m1","n_0","n_p1","cov.sim.index","beta_cov_sim","beta_cov_proxy_sim","gamma_shape_sim","gamma_scale_sim","vonMises_kappa_sim","beta_cov_est","beta_cov_SE","beta_cov_95LCI","beta_cov_95UCI","beta_cov_in_95CI","beta_cov_est_new","beta_cov_SE_new","beta_cov_95LCI_new","beta_cov_95UCI_new","beta_cov_in_95CI_new","beta_cov_proxy_est_new","beta_cov_proxy_SE_new","beta_cov_proxy_95LCI_new","beta_cov_proxy_95UCI_new","beta_cov_proxy_in_95CI_new","gamma_shape_est","gamma_scale_est","vonMises_kappa_est","converg_mess_baseline","converg_mess_new","AICc_baseline","AICc_new","beta_sim_factor","proxy_factor","gamma_shape_est_new","gamma_scale_est_new","vonMises_kappa_est_new","deltaAICc"
1,15,10,5,1,0.5,1,1,1,1,0.106481644165514,0.194311961198392,-0.274362801548679,0.487326089879706,FALSE,0.510541509377853,0.114811092160893,0.285515903716794,0.735567115038912,TRUE,1.20084418028968,0.139762699725068,0.926914322446461,1.4747740381329,TRUE,1.01056965167545,0.965578171275839,0.979647079819891,0,0,67342.3772907614,67305.7186748189,"0.5 1","-1: 15, 0: 10, +1: 5",1.01056207486311,0.966537955366338,0.980718848240389,36.6586159425206
2,15,10,5,2,0.5,1,1,1,1,0.172469340736611,0.17872344404759,-0.177822172789625,0.522760854262846,TRUE,0.544107925337381,0.113147036212989,0.322343809402474,0.765872041272288,TRUE,1.11516391762008,0.139366718362878,0.842010168985301,1.38831766625486,TRUE,0.975332779551107,0.984731804030824,0.999959252369764,0,0,67349.4240331913,67313.8701002641,"0.5 1","-1: 15, 0: 10, +1: 5",0.975994283501702,0.984474709820629,0.999223637782478,35.553932927156
3,15,10,5,3,0.5,1,1,1,1,0.212973042947854,0.137007185513195,-0.055556106281206,0.481502192176914,FALSE,0.467929933137075,0.114814960976087,0.242896744737573,0.692963121536577,TRUE,0.767161539038155,0.141531418429443,0.489765056235578,1.04455802184073,TRUE,1.02338569600675,0.980086020571698,1.0659364425437,0,0,67370.529419116,67348.2622641702,"0.5 1","-1: 15, 0: 10, +1: 5",1.02436767784203,0.980453020822977,1.06645479284097,22.2671549457882
4,15,10,5,4,0.5,1,1,1,1,0.223724041496564,0.155861720286251,-0.0817593168329442,0.529207399826073,TRUE,0.528819952941028,0.111744336362024,0.309805078195131,0.747834827686924,TRUE,0.919234812575457,0.139104496287724,0.646595009763934,1.19187461538698,TRUE,0.964407415620331,1.03227218310003,0.96199810556723,0,0,67361.4381026983,67332.4655715999,"0.5 1","-1: 15, 0: 10, +1: 5",0.964784173500987,1.03323500370835,0.962868286415189,28.9725310983777
5,15,10,5,5,0.5,1,1,1,1,0.11652433031068,0.187967410389869,-0.251885024320724,0.484933684942083,FALSE,0.487613975163242,0.131199961210725,0.230466776417169,0.744761173909316,TRUE,1.08095856995622,0.160377871562827,0.766623717775892,1.39529342213655,TRUE,0.983147753411735,1.00180595560466,1.02330530751861,0,0,67346.7562412695,67320.8845620154,"0.5 1","-1: 15, 0: 10, +1: 5",0.983943775728138,1.00043524686218,1.02386454197567,25.8716792540945
6,15,10,5,6,0.5,1,1,1,1,0.194692086088374,0.205421974040458,-0.207927584664044,0.597311756840793,TRUE,0.642904642162899,0.122605610880615,0.402602060534362,0.883207223791435,TRUE,1.2601506519752,0.150779643898794,0.964627980331787,1.55567332361861,TRUE,0.997094760958573,1.00475408995156,1.01902062628063,0,0,67328.5990789683,67293.6914520742,"0.5 1","-1: 15, 0: 10, +1: 5",0.997050176362542,1.00433149714278,1.01815983907537,34.9076268940553
7,15,10,5,7,0.5,1,1,1,1,0.0754526301330165,0.184499446466516,-0.28615964010893,0.437064900374963,FALSE,0.448659052143495,0.118673927090054,0.216062429143056,0.681255675143934,TRUE,1.10236817777609,0.147456511460134,0.81335872602831,1.39137762952387,TRUE,1.01045352477186,0.954991405630723,1.00859164390672,0,0,67349.4458426344,67318.7986689948,"0.5 1","-1: 15, 0: 10, +1: 5",1.0108976902543,0.954396461340507,1.00977434864852,30.6471736396343
8,15,10,5,8,0.5,1,1,1,1,0.208109636613141,0.191450796750811,-0.167127029829946,0.583346303056228,TRUE,0.601933515418736,0.118819310979334,0.369051945231377,0.834815085606094,TRUE,1.17258830102533,0.146732504961244,0.884997875939943,1.46017872611071,TRUE,1.02101093807694,0.978474868110716,1.01480919889535,0,0,67340.5403826118,67307.4940776007,"0.5 1","-1: 15, 0: 10, +1: 5",1.02168642883407,0.97771235911368,1.01406015102418,33.0463050111721
9,15,10,5,9,0.5,1,1,1,1,0.156467795777678,0.139824068957974,-0.117582343551797,0.430517935107152,FALSE,0.402470831876964,0.114274521397053,0.178496885588188,0.626444778165739,TRUE,0.708021998617195,0.142309749430959,0.429100015083596,0.986943982150794,FALSE,1.02270234351835,0.986637171958635,0.976430023323755,0,0,67370.4436065826,67353.4102892443,"0.5 1","-1: 15, 0: 10, +1: 5",1.02326833511876,0.985533153820098,0.976624820344055,17.0333173382969
10,15,10,5,10,0.5,1,1,1,1,0.350071026007926,0.154468553359815,0.0473182246786844,0.652823827337168,TRUE,0.630623197745742,0.116696194637372,0.401902859123617,0.859343536367867,TRUE,0.848098716819218,0.142522242100563,0.568760255306217,1.12743717833222,TRUE,0.992191899446377,1.02697575627702,0.995187083775429,0,0,67356.796303238,67335.2842845168,"0.5 1","-1: 15, 0: 10, +1: 5",0.99235433419389,1.02825871437859,0.995630333231282,21.5120187211578
11,15,10,5,11,0.5,1,1,1,1,0.18833483535625,0.173440931008088,-0.151603142864698,0.528272813577198,TRUE,0.57100471173823,0.113384844900243,0.348774499341093,0.793234924135368,TRUE,1.08206137363921,0.141085547571244,0.805538781660456,1.35858396561796,TRUE,0.996900300483904,0.998501558639025,0.94599572599442,0,0,67352.8040302309,67317.3671940602,"0.5 1","-1: 15, 0: 10, +1: 5",0.997657640733907,0.999081880780614,0.948001170726325,35.4368361706292
12,15,10,5,12,0.5,1,1,1,1,0.0730304309107725,0.175467295812102,-0.270879149345584,0.416940011167129,FALSE,0.401500379352913,0.11691090547192,0.172359215227984,0.630641543477843,TRUE,0.983612520097897,0.143249878138065,0.702847918157538,1.26437712203826,TRUE,1.00157396344224,0.986850995731564,1.00876718266885,0,0,67351.9862095882,67325.9659990938,"0.5 1","-1: 15, 0: 10, +1: 5",1.00243519434476,0.983626492710103,1.0090105244834,26.0202104944328
13,15,10,5,13,0.5,1,1,1,1,0.193752525052182,0.154188623899294,-0.108451624616227,0.495956674720591,FALSE,0.505980382290177,0.112677670971482,0.285136205324217,0.726824559256136,TRUE,0.940868246059768,0.13885440619168,0.668718610829379,1.21301788129016,TRUE,0.995823177787859,1.0164175741178,1.04016746034376,0,0,67363.4591492711,67332.1751716933,"0.5 1","-1: 15, 0: 10, +1: 5",0.996248876510178,1.01578418660286,1.04190338661869,31.2839775777684
14,15,10,5,14,0.5,1,1,1,1,0.180320503206575,0.182559001593984,-0.177488564971225,0.538129571384374,TRUE,0.512214857614892,0.119994754618561,0.277029460228791,0.747400255000994,TRUE,1.01760196466206,0.148009546182771,0.727508584775709,1.30769534454841,TRUE,1.01256826345264,0.977015281283951,1.00881724523768,0,0,67346.9145131913,67321.0811542037,"0.5 1","-1: 15, 0: 10, +1: 5",1.01289560012559,0.975696975848176,1.00784898032229,25.8333589875547
15,15,10,5,15,0.5,1,1,1,1,0.188149305777997,0.195100395207513,-0.19424044219826,0.570539053754254,TRUE,0.576468993041757,0.116077238316653,0.348961786516244,0.80397619956727,TRUE,1.19591900556082,0.142312050786807,0.91699251145264,1.47484549966899,TRUE,0.965699869096412,1.02423408787977,1.01945457061756,0,0,67340.5738133596,67306.1657285738,"0.5 1","-1: 15, 0: 10, +1: 5",0.965764793289759,1.02337550014075,1.0195856432686,34.4080847858131
16,15,10,5,16,0.5,1,1,1,1,0.0956772069438698,0.153676430527468,-0.205523062162639,0.396877476050379,FALSE,0.413568328137966,0.114063252911603,0.19000846047174,0.637128195804192,TRUE,0.95071797894921,0.140451401146748,0.675438291123395,1.22599766677502,TRUE,0.951503723046414,1.07751130506766,1.00306053483792,0,0,67366.9132630549,67334.6150207849,"0.5 1","-1: 15, 0: 10, +1: 5",0.952271240333697,1.07852671693927,1.00421577209751,32.2982422700006
17,15,10,5,17,0.5,1,1,1,1,0.089673741060372,0.139010853403709,-0.182782525071074,0.362130007191818,FALSE,0.362194520670197,0.112966661826823,0.140783932035907,0.583605109304487,TRUE,0.806858929430178,0.137091928477542,0.538163687043055,1.0755541718173,TRUE,1.01893626352311,0.999626412926257,1.03907523040773,0,0,67371.7022383892,67346.2964912401,"0.5 1","-1: 15, 0: 10, +1: 5",1.02042526365797,0.99874760645894,1.04092820209478,25.405747149096
18,15,10,5,18,0.5,1,1,1,1,0.205511169515345,0.184074736367501,-0.155268684228661,0.566291023259352,TRUE,0.588988840602374,0.114752652509871,0.364077774552586,0.813899906652162,TRUE,1.11966483486343,0.140265834089669,0.844748851786205,1.39458081794065,TRUE,1.03838381261661,0.955730153679721,1.02734501215452,0,0,67342.1578327675,67309.9793883472,"0.5 1","-1: 15, 0: 10, +1: 5",1.0389104339618,0.955438504661358,1.02684771440697,32.178444420264
19,15,10,5,19,0.5,1,1,1,1,0.097678368810654,0.186828121730139,-0.268498021079684,0.463854758700992,FALSE,0.425766881375835,0.128308616394705,0.174286614336048,0.677247148415622,TRUE,1.04999236480748,0.158888869653265,0.738575902742803,1.36140882687216,TRUE,0.945369201932059,1.06809603099085,0.974284972795368,0,0,67348.9503166496,67324.7785646464,"0.5 1","-1: 15, 0: 10, +1: 5",0.946128535124497,1.06680368014799,0.973551362054696,24.1717520032253
20,15,10,5,20,0.5,1,1,1,1,0.0694405889641761,0.163842089987515,-0.251684006563123,0.390565184491475,FALSE,0.391060400857476,0.109603728625095,0.176241040180989,0.605879761533964,TRUE,0.961507265975553,0.133650413735661,0.699557268534781,1.22345726341633,TRUE,0.975635310674148,1.09092790804716,1.00398943910506,0,0,67357.5730967062,67329.2570407484,"0.5 1","-1: 15, 0: 10, +1: 5",0.97609697143009,1.08958730992169,1.00289517768719,28.3160559577664
21,15,10,5,21,0.5,1,1,1,1,0.220383673075811,0.192166674443322,-0.156256087861932,0.597023434013555,TRUE,0.583788321918663,0.114968373513957,0.358454450470159,0.809122193367167,TRUE,1.16657433891402,0.140814855968133,0.890582292728279,1.44256638509975,TRUE,0.961960901412747,1.02046812510027,0.971645797241483,0,0,67344.8721121687,67308.2707709846,"0.5 1","-1: 15, 0: 10, +1: 5",0.962192451761572,1.02132303990334,0.972663353283238,36.6013411841559
22,15,10,5,22,0.5,1,1,1,1,0.0472812934088288,0.182805414476981,-0.311010735144972,0.405573321962629,FALSE,0.40858928725503,0.112250852682202,0.188581658764003,0.628596915746058,TRUE,1.09662712803486,0.138309318222634,0.825545845592204,1.36770841047751,TRUE,0.967944309980926,1.01761058903347,0.99825167344717,0,0,67350.1382194418,67318.1698662487,"0.5 1","-1: 15, 0: 10, +1: 5",0.968633976812917,1.01591569889063,0.998948108927508,31.9683531931223
23,15,10,5,23,0.5,1,1,1,1,0.23066744483331,0.200805183146347,-0.1629034820425,0.624238371709119,TRUE,0.615865822002941,0.131285615445139,0.358550744042292,0.87318089996359,TRUE,1.17927554240891,0.163129527002484,0.859547544668983,1.49900354014883,TRUE,1.03970570934374,0.951841139845539,1.07088208889891,0,0,67338.1537811534,67308.2758708225,"0.5 1","-1: 15, 0: 10, +1: 5",1.03988604146796,0.950921581573953,1.07090782957873,29.8779103308188
24,15,10,5,24,0.5,1,1,1,1,0.171431624327432,0.215551585293431,-0.251041719658207,0.593904968313071,TRUE,0.57352525346447,0.156596431516526,0.266601887584586,0.880448619344354,TRUE,1.17799620838623,0.190532721937979,0.804558935511408,1.55143348126106,TRUE,0.978215523515416,0.995705058385366,1.03099576669883,0,0,67327.5231043761,67304.6355898093,"0.5 1","-1: 15, 0: 10, +1: 5",0.978155706086983,0.996447126955491,1.03124768362725,22.887514566828
25,15,10,5,25,0.5,1,1,1,1,0.164156761871511,0.167640258077084,-0.164412106318574,0.492725630061595,FALSE,0.492759656472607,0.111329437103377,0.274557969330871,0.710961343614343,TRUE,0.971714931070024,0.136010049332753,0.705140132842312,1.23828972929774,TRUE,1.00692411024667,0.964808795317666,0.944916870364252,0,0,67355.6524413119,67326.2510782782,"0.5 1","-1: 15, 0: 10, +1: 5",1.00569791041272,0.967978847953523,0.944403160714648,29.4013630337577
26,15,10,5,26,0.5,1,1,1,1,0.188929012218205,0.139688462993417,-0.0848553443046479,0.462713368741057,FALSE,0.48223156684762,0.115554892078776,0.255748140135806,0.708714993559433,TRUE,0.868980496531173,0.144139906028822,0.586471471979694,1.15148952108265,TRUE,0.985344715760008,1.01741700128172,1.00452736573102,0,0,67370.5891803094,67341.8597628842,"0.5 1","-1: 15, 0: 10, +1: 5",0.986727024693145,1.01753034035321,1.00479855450482,28.7294174252165
27,15,10,5,27,0.5,1,1,1,1,0.165669042532645,0.199070031168544,-0.224501048958967,0.555839134024258,TRUE,0.607284755403801,0.114179951364671,0.383496162972511,0.83107334783509,TRUE,1.30239786112034,0.138154199830693,1.03162060513923,1.57317511710145,FALSE,1.03443956307015,0.949617856481206,1.00473063507792,0,0,67336.7618910534,67287.9271588421,"0.5 1","-1: 15, 0: 10, +1: 5",1.03567945071141,0.949830863028468,1.00611227041209,48.8347322113259
28,15,10,5,28,0.5,1,1,1,1,0.08317697916939,0.14587944704161,-0.202741483116784,0.369095441455564,FALSE,0.343415309264461,0.11225266168959,0.123404135184105,0.563426483344817,TRUE,0.823021380235618,0.138138055526441,0.552275766509399,1.09376699396184,TRUE,1.03003197500725,1.01838759045619,1.03159877723135,0,0,67369.4697932802,67345.3607802992,"0.5 1","-1: 15, 0: 10, +1: 5",1.03010021948126,1.01918472608723,1.03241223965223,24.1090129810327
29,15,10,5,29,0.5,1,1,1,1,0.0618890842762909,0.152764013594451,-0.237522880502619,0.361301049055201,FALSE,0.387456084777738,0.114879686407832,0.162296036863131,0.612616132692344,TRUE,0.893696988031344,0.139822060299718,0.619650785599708,1.16774319046298,TRUE,1.03396270178042,0.937375331552671,1.00037228175599,0,0,67366.6320059823,67340.8677975066,"0.5 1","-1: 15, 0: 10, +1: 5",1.03427013459869,0.937162905450633,0.998234732013636,25.7642084757972
30,15,10,5,30,0.5,1,1,1,1,0.150370681063761,0.150220425314038,-0.144055942294042,0.444797304421564,FALSE,0.424916941109678,0.113326815227316,0.202800464781513,0.647033417437844,TRUE,0.847342260347859,0.139503523241243,0.573920379078577,1.12076414161714,TRUE,0.985323727651605,1.00230023582334,1.02492389440239,0,0,67368.0837551788,67342.4491987738,"0.5 1","-1: 15, 0: 10, +1: 5",0.986265362311424,1.00068652466482,1.02482837804085,25.6345564049989
31,15,10,5,31,0.5,1,1,1,1,0.185838836772975,0.156240643890029,-0.12038719817283,0.492064871718781,FALSE,0.527253271748749,0.114056230729943,0.303707167305669,0.750799376191828,TRUE,0.994900770866422,0.142740104221518,0.715135307442752,1.27466623429009,TRUE,1.0429274772385,0.949305726341197,1.01020880038032,0,0,67363.8514075524,67329.3991958166,"0.5 1","-1: 15, 0: 10, +1: 5",1.04397912068204,0.949104925183017,1.01190583498051,34.4522117357992
32,15,10,5,32,0.5,1,1,1,1,0.246714573955087,0.141989437121661,-0.0315796089884834,0.525008756898658,TRUE,0.551431587078353,0.119782658906076,0.316661889649999,0.786201284506708,TRUE,0.868716276881806,0.145299592933461,0.583934307763891,1.15349824599972,TRUE,0.988023351744493,1.00598083821114,0.990753113798104,0,0,67369.1925997039,67340.829668299,"0.5 1","-1: 15, 0: 10, +1: 5",0.98870695005767,1.00752845303752,0.992571078389172,28.3629314049031
33,15,10,5,33,0.5,1,1,1,1,0.113188507940297,0.148495005253573,-0.177856354240792,0.404233370121386,FALSE,0.397505433467317,0.112427187651243,0.177152194787755,0.61785867214688,TRUE,0.88175821124797,0.137422250552678,0.612415549490281,1.15110087300566,TRUE,1.00028259436942,0.952930567754453,0.950426015551651,0,0,67367.793784727,67339.2898597264,"0.5 1","-1: 15, 0: 10, +1: 5",1.0005290275925,0.953819936405052,0.949902683974913,28.5039250006521
34,15,10,5,34,0.5,1,1,1,1,0.287913625069169,0.164333609001476,-0.0341743300232101,0.610001580161549,TRUE,0.634892472911425,0.116912089696014,0.405748987749921,0.86403595807293,TRUE,1.01184942722123,0.143732607856127,0.7301386924192,1.29356016202325,TRUE,0.997776544361579,1.00863848690606,0.95560682577105,0,0,67357.0768748357,67324.8162863341,"0.5 1","-1: 15, 0: 10, +1: 5",0.998851618495004,1.00702652974648,0.956797816878318,32.2605885015801
35,15,10,5,35,0.5,1,1,1,1,0.139315788139307,0.177625587138843,-0.208823965385607,0.487455541664221,FALSE,0.529478869103154,0.117824713497166,0.298546674159959,0.760411064046349,TRUE,1.11980691870892,0.146900004851024,0.831888199872155,1.40772563754569,TRUE,1.0463740067645,0.939178944483735,1.01316110333924,0,0,67357.3113907563,67321.0905063046,"0.5 1","-1: 15, 0: 10, +1: 5",1.04634072101885,0.93998544172424,1.01371724030276,36.2208844517154
36,15,10,5,36,0.5,1,1,1,1,0.198261956397549,0.163279565932403,-0.121760112241294,0.518284025036392,TRUE,0.492093985093133,0.125758374018273,0.245612101263001,0.738575868923265,TRUE,0.853959794214641,0.155816104665178,0.548565840859568,1.15935374756971,TRUE,1.01416411113314,0.971918870742588,0.979644059647827,0,0,67361.1302144544,67342.6964453259,"0.5 1","-1: 15, 0: 10, +1: 5",1.01370482606122,0.972740436637508,0.979889430534448,18.4337691284891
37,15,10,5,37,0.5,1,1,1,1,0.261497535256448,0.178665716521837,-0.0886808343983949,0.611675904911291,TRUE,0.642180348785454,0.10929494646087,0.427966190029915,0.856394507540993,TRUE,1.14319371772,0.134990940014047,0.878616337053257,1.40777109838673,TRUE,1.03287690069289,0.970910278199678,0.966379656252854,0,0,67341.5716788028,67301.2939610532,"0.5 1","-1: 15, 0: 10, +1: 5",1.03393635867712,0.969898900477313,0.966154081939846,40.2777177496318
38,15,10,5,38,0.5,1,1,1,1,0.250440809271718,0.173658678599995,-0.0899239463870891,0.590805564930526,TRUE,0.575871372810708,0.126850919853595,0.327248138491885,0.824494607129532,TRUE,0.984190754929086,0.15816467814802,0.674193682132598,1.29418782772557,TRUE,1.02162476204813,1.00552773637418,0.939427950653194,0,0,67347.6827566368,67324.3454395819,"0.5 1","-1: 15, 0: 10, +1: 5",1.0221532167919,1.00452470177016,0.939718855743127,23.3373170549166
39,15,10,5,39,0.5,1,1,1,1,-0.0452287023056286,0.198268815641914,-0.433828440221192,0.343371035609935,FALSE,0.396471815148273,0.11167173587736,0.177599234737578,0.615344395558968,TRUE,1.27955661468985,0.135317299016754,1.01433958213178,1.54477364724793,FALSE,1.00161192161043,1.01457867017855,0.933899167202102,0,0,67333.8038301626,67290.2563614501,"0.5 1","-1: 15, 0: 10, +1: 5",1.00156954071662,1.01556084503558,0.935171554376067,43.5474687124806
40,15,10,5,40,0.5,1,1,1,1,0.141645332206138,0.183712688616812,-0.218424920985835,0.501715585398111,TRUE,0.484018017656219,0.123982986343688,0.241015829726869,0.727020205585569,TRUE,1.03719856260846,0.151445709034493,0.740370427287719,1.33402669792919,TRUE,1.01119436180999,1.00962062009954,1.01361112750385,0,0,67347.2031314845,67321.1207226699,"0.5 1","-1: 15, 0: 10, +1: 5",1.0109225123757,1.01135746525674,1.01550916844067,26.0824088145746
41,15,10,5,41,0.5,1,1,1,1,0.141530477775872,0.185456599685248,-0.221957778302476,0.50501873385422,TRUE,0.502643348267554,0.111388051160885,0.284326779684114,0.720959916850994,TRUE,1.15317582963975,0.138927399092504,0.880883130952617,1.42546852832688,TRUE,1.00135247236101,1.01612768553937,0.981248401473759,0,0,67346.7035364302,67310.1755917263,"0.5 1","-1: 15, 0: 10, +1: 5",1.00237251389802,1.0149446798816,0.979999182288361,36.5279447038483
42,15,10,5,42,0.5,1,1,1,1,-0.0224114002728378,0.159738168665502,-0.335492457813607,0.290669657267931,FALSE,0.286775709092912,0.113488231608588,0.0643428624709388,0.509208555714885,TRUE,0.92361869305517,0.139494447161731,0.650214600574852,1.19702278553549,TRUE,1.01469612673496,0.979680079943034,1.00558438832599,0,0,67363.736831201,67337.6001686129,"0.5 1","-1: 15, 0: 10, +1: 5",1.01546885571225,0.979549621930884,1.00508681045684,26.1366625881055
43,15,10,5,43,0.5,1,1,1,1,0.248757259629335,0.178740099988062,-0.101566898940354,0.599081418199023,TRUE,0.583551051743257,0.108603257851696,0.370692577750217,0.796409525736297,TRUE,1.05668012913134,0.132905263581815,0.796190599155177,1.3171696591075,TRUE,0.988010436929663,1.01722461808537,0.98631010492445,0,0,67343.9098937449,67311.4414218703,"0.5 1","-1: 15, 0: 10, +1: 5",0.987700239559112,1.01597243857781,0.986209137797029,32.4684718746139
44,15,10,5,44,0.5,1,1,1,1,0.0150080850411299,0.198660018864708,-0.374358397101745,0.404374567184005,FALSE,0.460103422490421,0.112884801413427,0.238853277318149,0.681353567662693,TRUE,1.3016509850692,0.138374852497208,1.03044125780863,1.57286071232977,FALSE,0.987596616239811,1.01017030774401,1.01094959440774,0,0,67336.2142469921,67291.5296453275,"0.5 1","-1: 15, 0: 10, +1: 5",0.987825846285813,1.01040815589697,1.01208284333713,44.6846016645868
45,15,10,5,45,0.5,1,1,1,1,-0.0387831533344435,0.181840421537283,-0.395183830481099,0.317617523812212,FALSE,0.35376619246312,0.113742347996936,0.130835286872104,0.576697098054136,TRUE,1.13129472289511,0.140506308040512,0.855907419535017,1.4066820262552,TRUE,0.968542330807977,1.01625682355287,0.989671655925491,0,0,67351.8382998924,67315.9351942743,"0.5 1","-1: 15, 0: 10, +1: 5",0.968871223937253,1.01766049555413,0.990633328449272,35.903105618112
46,15,10,5,46,0.5,1,1,1,1,0.0657766290390194,0.188937384787834,-0.304533840478322,0.436087098556361,FALSE,0.41549970010183,0.135005217820892,0.150894335447897,0.680105064755763,TRUE,1.04515642666029,0.165233453410793,0.721304808933958,1.36900804438662,TRUE,1.00741447705453,0.989445696231712,1.06879190838401,0,0,67346.6748167313,67323.2023784867,"0.5 1","-1: 15, 0: 10, +1: 5",1.00789929296454,0.989136538760809,1.06888199225327,23.4724382446293
47,15,10,5,47,0.5,1,1,1,1,0.226490123816399,0.151052417792197,-0.0695671748340051,0.522547422466802,TRUE,0.49870292223431,0.108455555637515,0.286133939261501,0.711271905207118,TRUE,0.841828473154988,0.134099356211359,0.578998564630717,1.10465838167926,TRUE,1.06967746846829,0.955883255575145,1.00711943709872,0,0,67359.634459783,67335.7646282203,"0.5 1","-1: 15, 0: 10, +1: 5",1.0694162337568,0.956852106624024,1.00641948432861,23.8698315627698
48,15,10,5,48,0.5,1,1,1,1,0.326096051197183,0.165039962431243,0.00262366882210319,0.649568433572263,TRUE,0.654022515215677,0.113732893256302,0.431110140575785,0.876934889855568,TRUE,1.00742285455367,0.139363263024731,0.734275878257211,1.28056983085012,TRUE,1.00874730657199,0.993295521688021,1.03279354544718,0,0,67353.5428839635,67319.6282010069,"0.5 1","-1: 15, 0: 10, +1: 5",1.01001270866598,0.992541271135404,1.03402601445699,33.9146829566307
49,15,10,5,49,0.5,1,1,1,1,0.187814579317828,0.177019432112602,-0.159137132186606,0.534766290822262,TRUE,0.512089865378891,0.120049665442246,0.276796844756007,0.747382886001775,TRUE,1.01349539556435,0.148109233556308,0.723206632016158,1.30378415911255,TRUE,0.942578595213683,1.056980984262,1.02616003664182,0,0,67349.0655137638,67322.765803188,"0.5 1","-1: 15, 0: 10, +1: 5",0.942232214080084,1.05665061943678,1.02680818805808,26.2997105758695
50,15,10,5,50,0.5,1,1,1,1,0.0527446862031346,0.14407951223089,-0.229645968679508,0.335135341085778,FALSE,0.326304126131571,0.111086814874123,0.108577969821022,0.544030282442121,TRUE,0.778663634354308,0.134256099742707,0.515526514153784,1.04180075455483,TRUE,1.01177726833442,0.964157763540852,1.00999600583461,0,0,67369.34086901,67347.4066067173,"0.5 1","-1: 15, 0: 10, +1: 5",1.01251122234361,0.963251786201534,1.0101643292853,21.9342622927506
51,15,10,5,51,0.5,1,1,1,1,0.300675030655903,0.159572393498057,-0.0120811135271419,0.613431174838949,TRUE,0.635355092532085,0.111657138248746,0.416511122947734,0.854199062116437,TRUE,1.01922144873751,0.139917924235047,0.744987356445218,1.29345554102981,TRUE,0.99701864524069,0.983685626332031,0.878363417524426,0,0,67353.1006193301,67317.8923230274,"0.5 1","-1: 15, 0: 10, +1: 5",0.99766340880018,0.983784169993997,0.880525259644426,35.2082963026623
52,15,10,5,52,0.5,1,1,1,1,0.38230780433845,0.155135373328992,0.0782480598854511,0.68636754879145,TRUE,0.665660561552143,0.119144978327341,0.43214069509175,0.899180428012536,TRUE,0.823553722728521,0.145473684268462,0.538430540863985,1.10867690459306,TRUE,1.04012012359424,0.967655825614881,1.01462638470244,0,0,67357.3095318942,67336.1174663055,"0.5 1","-1: 15, 0: 10, +1: 5",1.03990498971461,0.968200348251623,1.01519262663908,21.192065588737
53,15,10,5,53,0.5,1,1,1,1,0.158269073065011,0.167437114695287,-0.169901641413054,0.486439787543077,FALSE,0.488365619036715,0.114681428177339,0.263594150113514,0.713137087959915,TRUE,1.00592073528586,0.139422581964624,0.732657496003617,1.27918397456811,TRUE,1.00339110866451,1.01076362102987,1.06535686002642,0,0,67357.3036017568,67327.5636406118,"0.5 1","-1: 15, 0: 10, +1: 5",1.00327146533939,1.01216647540486,1.06660653538958,29.7399611449655
54,15,10,5,54,0.5,1,1,1,1,0.230251718485955,0.196390973153086,-0.154667515782865,0.615170952754776,TRUE,0.630172187941072,0.124076217219663,0.386987270852564,0.87335710502958,TRUE,1.14952065582686,0.151996786779747,0.851612427972744,1.44742888368098,TRUE,0.999341914661181,0.991275513167071,1.00698481178876,0,0,67336.7355616156,67306.4379634941,"0.5 1","-1: 15, 0: 10, +1: 5",1.00030096613647,0.989730728166144,1.00792633121665,30.2975981215423
55,15,10,5,55,0.5,1,1,1,1,0.261950555475723,0.169336024192062,-0.0699419532259209,0.593843064177368,TRUE,0.617434089618243,0.115664171982094,0.390736478231691,0.844131701004794,TRUE,1.05284160476552,0.142406439081107,0.773730112999957,1.33195309653109,TRUE,1.00637897449592,0.966673461414385,0.965913396648028,0,0,67354.316812045,67319.6355917026,"0.5 1","-1: 15, 0: 10, +1: 5",1.00669510970332,0.968998527818341,0.966156204418733,34.6812203424488
56,15,10,5,56,0.5,1,1,1,1,0.160912345010292,0.176346204957169,-0.184719865516078,0.506544555536663,TRUE,0.545757706990411,0.112788453601683,0.324696400059146,0.766819013921677,TRUE,1.08612148670882,0.139619046235139,0.812473184532113,1.35976978888552,TRUE,1.00505964076654,1.01191508073202,1.02514984418169,0,0,67351.6317956857,67317.9321207865,"0.5 1","-1: 15, 0: 10, +1: 5",1.00618630822681,1.01042451097198,1.02511937329188,33.6996748992824
57,15,10,5,57,0.5,1,1,1,1,0.040798312070825,0.189535353720251,-0.330684155017927,0.412280779159578,FALSE,0.429139928951149,0.125383474049456,0.183392835557703,0.674887022344595,TRUE,1.12976541502779,0.157078714924901,0.821896791037147,1.43763403901843,TRUE,1.0116394953113,0.996294095107564,0.941968234161017,0,0,67346.203152734,67317.2989790937,"0.5 1","-1: 15, 0: 10, +1: 5",1.01104930047212,0.997039815059045,0.941763752424081,28.9041736403015
58,15,10,5,58,0.5,1,1,1,1,0.0246504020447346,0.183617723410066,-0.335233722762232,0.384534526851701,FALSE,0.367896474646466,0.118309131033421,0.136014838778731,0.5997781105142,TRUE,1.06175162450153,0.143959525164517,0.779596139947585,1.34390710905547,TRUE,0.977220895187503,0.980887049802855,0.995431670111781,0,0,67349.3382910653,67321.356701222,"0.5 1","-1: 15, 0: 10, +1: 5",0.977661385951754,0.978821894374768,0.995218415120672,27.9815898433008
59,15,10,5,59,0.5,1,1,1,1,0.16794076188468,0.17342094947566,-0.171958053252353,0.507839577021714,TRUE,0.557326882004665,0.11383797230282,0.33420855621807,0.780445207791261,TRUE,1.14725253239406,0.138458770242302,0.875878329375447,1.41862673541268,TRUE,1.00671138325869,1.02589912115231,1.02394993605056,0,0,67353.3143487773,67309.5755740839,"0.5 1","-1: 15, 0: 10, +1: 5",1.00734550147138,1.02730180993591,1.02414181320947,43.7387746933964
60,15,10,5,60,0.5,1,1,1,1,0.0699278308870648,0.16374003268919,-0.250996736011159,0.390852397785289,FALSE,0.407073810830978,0.116760476249766,0.178227482563692,0.635920139098265,TRUE,0.957699259086274,0.1440686757822,0.675329843252785,1.24006867491976,TRUE,1.01568967977856,0.946095011286861,0.984046144963181,0,0,67364.6356769986,67336.6834001199,"0.5 1","-1: 15, 0: 10, +1: 5",1.01620247633842,0.946322416587558,0.985439899083654,27.9522768787283
61,15,10,5,61,0.5,1,1,1,1,0.388539270035096,0.179589925365017,0.0365494843334271,0.740529055736765,TRUE,0.737718582113067,0.123644131665411,0.495380537149133,0.980056627077,TRUE,1.03021209669297,0.151931610866063,0.73243161128233,1.32799258210361,TRUE,1.03805621525668,0.997322257793635,0.998583233385738,0,0,67341.4718886432,67314.9398573305,"0.5 1","-1: 15, 0: 10, +1: 5",1.03811272019292,0.996637764934733,0.997327903136183,26.5320313126285
62,15,10,5,62,0.5,1,1,1,1,0.330323155609794,0.14548607509164,0.0451756881780906,0.615470623041498,TRUE,0.58088463822483,0.112642554803847,0.360109287682711,0.801659988766949,TRUE,0.733481701078235,0.136866908539231,0.465227489666005,1.00173591249046,TRUE,0.986262109951557,1.01546171223489,1.0090010426544,0,0,67358.8272967681,67340.8152674763,"0.5 1","-1: 15, 0: 10, +1: 5",0.986229187689935,1.01530008207697,1.00778567160308,18.0120292918873
63,15,10,5,63,0.5,1,1,1,1,-0.0551222232038885,0.155157787762968,-0.359225899140215,0.248981452732438,FALSE,0.293233201346211,0.112852958836641,0.0720454664776128,0.51442093621481,TRUE,0.992261851395399,0.137541000008087,0.722686444981925,1.26183725780887,TRUE,1.00805094399592,0.995840462265101,0.987746332961439,0,0,67365.8204130011,67329.0991986965,"0.5 1","-1: 15, 0: 10, +1: 5",1.00865839197551,0.996613791221533,0.989664015091044,36.7212143046054
64,15,10,5,64,0.5,1,1,1,1,0.197340286063661,0.176395590754927,-0.148388718847662,0.543069290974984,TRUE,0.530369310765552,0.123080222363918,0.289136507723093,0.771602113808012,TRUE,1.01136666114081,0.151028941106252,0.715355375949334,1.30737794633228,TRUE,1.00372925959535,1.00126767816166,1.05041452526174,0,0,67352.8786125788,67327.2557631237,"0.5 1","-1: 15, 0: 10, +1: 5",1.00448228802641,0.999587557354005,1.05100749126284,25.6228494550305
65,15,10,5,65,0.5,1,1,1,1,-0.048638324829913,0.182121261334469,-0.405589437864479,0.308312788204652,FALSE,0.338469184404683,0.121144953141411,0.101029439338725,0.57590892947064,TRUE,1.08633100447018,0.147605666242467,0.797029214720903,1.37563279421945,TRUE,1.01242405679589,0.9573986842334,0.992683075881769,0,0,67350.2767001215,67320.243709787,"0.5 1","-1: 15, 0: 10, +1: 5",1.01271728835341,0.957450033295459,0.993986194069384,30.0329903344973
66,15,10,5,66,0.5,1,1,1,1,0.0536981892045477,0.166341878178148,-0.272325901145372,0.379722279554468,FALSE,0.396000592646571,0.114830720284335,0.170936516570481,0.621064668722661,TRUE,1.00524598000456,0.140724747120941,0.729430543914009,1.28106141609511,TRUE,1.00284711907929,0.997938135252324,1.01346289888229,0,0,67362.1212490515,67330.5378148919,"0.5 1","-1: 15, 0: 10, +1: 5",1.00394732428862,0.99692074683647,1.01352266430257,31.5834341595473
67,15,10,5,67,0.5,1,1,1,1,0.325169604436752,0.131958755303022,0.0665351965980948,0.583804012275409,TRUE,0.587920988031154,0.116885815207402,0.358828999921041,0.817012976141267,TRUE,0.743123094389843,0.143654262034045,0.461565914577435,1.02468027420225,TRUE,1.00394890645005,0.968967494903409,0.941423983068513,0,0,67366.9841526366,67345.9148223228,"0.5 1","-1: 15, 0: 10, +1: 5",1.00453333819619,0.969716989531603,0.942715512198455,21.0693303137959
68,15,10,5,68,0.5,1,1,1,1,0.233124231273497,0.176550673240565,-0.11290872972431,0.579157192271303,TRUE,0.569897736401809,0.117875592735515,0.338865819983888,0.80092965281973,TRUE,1.02427750510548,0.144741213989601,0.740589938607263,1.30796507160371,TRUE,0.989710973994578,1.00285528194868,1.02269736879891,0,0,67344.9670017616,67317.3401300576,"0.5 1","-1: 15, 0: 10, +1: 5",0.988396300896627,1.00540346214649,1.02247497131842,27.6268717039929
69,15,10,5,69,0.5,1,1,1,1,0.183991035844874,0.203240433987682,-0.214352894973273,0.582334966663022,TRUE,0.619345741891274,0.113821023737167,0.396260634682948,0.8424308490996,TRUE,1.33470959625575,0.142798465384628,1.05482974705429,1.61458944545721,FALSE,1.03085906736531,0.992630884318457,0.984310110468326,0,0,67333.925153558,67289.3243024387,"0.5 1","-1: 15, 0: 10, +1: 5",1.03186257300044,0.991020234886004,0.985315508961611,44.6008511193359
70,15,10,5,70,0.5,1,1,1,1,-0.0260333725571316,0.179896675607819,-0.378624377686942,0.326557632572679,FALSE,0.37213916207312,0.11494660060789,0.146847964736346,0.597430359409894,TRUE,1.1225976681376,0.141458074400838,0.845344936989567,1.39985039928563,TRUE,1.0078544455108,1.01367047856823,0.950025452798785,0,0,67351.6369035851,67317.7243206152,"0.5 1","-1: 15, 0: 10, +1: 5",1.00651154277052,1.01751979069141,0.951497200124441,33.9125829698896
71,15,10,5,71,0.5,1,1,1,1,0.180910046116696,0.137333035281339,-0.0882577569222969,0.450077849155689,FALSE,0.390047294954582,0.112467867668121,0.169614324907048,0.610480265002117,TRUE,0.653759347225707,0.138381667678325,0.382536262455599,0.924982431995815,FALSE,0.980563188820086,1.03097149747288,0.973337155664366,0,0,67369.5467041323,67354.9749088476,"0.5 1","-1: 15, 0: 10, +1: 5",0.980267458749507,1.03137481764014,0.972549561288463,14.5717952846899
72,15,10,5,72,0.5,1,1,1,1,0.0727711653353772,0.1863693255454,-0.292506000556627,0.438048331227382,FALSE,0.447062279544965,0.11934926064205,0.213142027105064,0.680982531984866,TRUE,1.08645894084054,0.145200610371564,0.801870973979046,1.37104690770204,TRUE,1.00363602541856,0.989550528306086,1.03486059308755,0,0,67351.8196049091,67320.3213585705,"0.5 1","-1: 15, 0: 10, +1: 5",1.00524708601909,0.986649795907802,1.03551841096468,31.4982463386405
73,15,10,5,73,0.5,1,1,1,1,0.16893804496604,0.148205947564674,-0.121540274555353,0.459416364487433,FALSE,0.455605834874457,0.109103293130915,0.241767309743147,0.669444360005767,TRUE,0.880476469374604,0.13388249826198,0.618071594620876,1.14288134412833,TRUE,1.00582717607456,1.01487375903921,0.970142891643486,0,0,67364.9335476566,67334.7654667617,"0.5 1","-1: 15, 0: 10, +1: 5",1.00547763790855,1.01714393999623,0.970956551475147,30.168080894975
74,15,10,5,74,0.5,1,1,1,1,0.160513446462213,0.177510666943117,-0.187401067617981,0.508427960542406,TRUE,0.486836729864853,0.128063479912057,0.235836921502352,0.737836538227354,TRUE,0.962703300060236,0.15786813821809,0.653287434846389,1.27211916527408,TRUE,0.983704024955678,1.01006394877743,0.991501184737804,0,0,67353.3199880875,67331.2800863719,"0.5 1","-1: 15, 0: 10, +1: 5",0.983824869325535,1.00955535915085,0.991050194867966,22.0399017155578
75,15,10,5,75,0.5,1,1,1,1,0.209156549853704,0.170608569521991,-0.125230101863296,0.543543201570704,TRUE,0.523944722584676,0.115118296050034,0.29831700836499,0.749572436804362,TRUE,0.970215198842561,0.140764751644896,0.69432135532584,1.24610904235928,TRUE,0.977560696741495,1.01180102923643,1.00419610973679,0,0,67355.0973877741,67328.5052972149,"0.5 1","-1: 15, 0: 10, +1: 5",0.976982423278586,1.01264208900911,1.00451346445035,26.5920905592066
76,15,10,5,76,0.5,1,1,1,1,0.186331641908733,0.157947608976271,-0.123239983128974,0.495903266946441,FALSE,0.502721427717913,0.112269120209177,0.282677995531929,0.722764859903897,TRUE,0.933240985179713,0.136364984137458,0.66597052751792,1.20051144284151,TRUE,0.998258046751808,1.0152506157723,1.02101851233288,0,0,67361.4140247806,67330.5690642694,"0.5 1","-1: 15, 0: 10, +1: 5",0.999611244755724,1.01368920273681,1.02114627045937,30.8449605112255
77,15,10,5,77,0.5,1,1,1,1,0.16540389571113,0.164740834423236,-0.157482206541489,0.488289997963748,FALSE,0.498261458524291,0.115675002995526,0.271542618741497,0.724980298307085,TRUE,0.972416930271104,0.141425187234685,0.695228656784286,1.24960520375792,TRUE,0.978297353921768,1.02619199159069,1.00001720879454,0,0,67360.9491909389,67332.0392579309,"0.5 1","-1: 15, 0: 10, +1: 5",0.978339234510626,1.02715334525799,1.0015300418077,28.9099330079625
78,15,10,5,78,0.5,1,1,1,1,-0.016778709525206,0.164908169946503,-0.339992783376762,0.30643536432635,FALSE,0.294501573685665,0.11110946907017,0.0767310159667647,0.512272131404565,TRUE,0.937821156606774,0.137259372722914,0.668797729529304,1.20684458368424,TRUE,0.991885682114048,1.01916815126546,1.01941418124511,0,0,67361.9908638972,67335.0041093058,"0.5 1","-1: 15, 0: 10, +1: 5",0.991057158287815,1.01961210081339,1.01928975908413,26.9867545914167
79,15,10,5,79,0.5,1,1,1,1,0.0377510592717603,0.160422383682665,-0.27667103506033,0.352173153603851,FALSE,0.363029467085645,0.114331153162261,0.138944524576681,0.587114409594608,TRUE,0.964610420789351,0.140405502170942,0.689420693303044,1.23980014827566,TRUE,1.0257591722034,0.952494093351999,0.97695141355043,0,0,67363.8621006535,67333.999336217,"0.5 1","-1: 15, 0: 10, +1: 5",1.02621191714427,0.953151446748508,0.97863865554184,29.8627644365042
80,15,10,5,80,0.5,1,1,1,1,0.108322813626298,0.160430067768681,-0.206114341237638,0.422759968490233,FALSE,0.436099823427827,0.113429216837533,0.213782643631678,0.658417003223975,TRUE,0.946162938160799,0.14006478289506,0.671641008184059,1.22068486813754,TRUE,1.00693883508512,1.01133896738162,1.01764413943346,0,0,67363.2247365663,67334.7779449542,"0.5 1","-1: 15, 0: 10, +1: 5",1.00822081638687,1.00960413530632,1.01695250453415,28.4467916120775
81,15,10,5,81,0.5,1,1,1,1,0.0978299529915238,0.148237778590625,-0.192710754194325,0.388370660177372,FALSE,0.370582816083602,0.113550391799143,0.148028137726869,0.593137494440334,TRUE,0.807645917532795,0.138485097465458,0.536220114104978,1.07907172096061,TRUE,0.991953645225367,1.02564305603385,1.00261365663546,0,0,67369.3942200728,67346.6929370642,"0.5 1","-1: 15, 0: 10, +1: 5",0.992202086155554,1.02635030158366,1.00234258448,22.7012830086169
82,15,10,5,82,0.5,1,1,1,1,0.150171737216031,0.150664946780191,-0.145126132205788,0.44546960663785,FALSE,0.407620454897857,0.113178423271925,0.185794821457854,0.629446088337859,TRUE,0.823900794481213,0.140009759853092,0.54948670768505,1.09831488127738,TRUE,1.04666796820077,0.95094317081792,0.983765464269574,0,0,67367.9883491578,67344.9215511642,"0.5 1","-1: 15, 0: 10, +1: 5",1.04658729318071,0.951438678933736,0.983531855538414,23.0667979935388
83,15,10,5,83,0.5,1,1,1,1,0.196449734803753,0.168924868579025,-0.134636923704298,0.527536393311805,TRUE,0.546396063114303,0.109724816700535,0.331339374170997,0.76145275205761,TRUE,1.01249035224936,0.13325643142982,0.751312545938579,1.27366815856014,TRUE,0.972826150842791,1.03588681861555,0.98254786784427,0,0,67351.9731900709,67318.5349132202,"0.5 1","-1: 15, 0: 10, +1: 5",0.97268684548407,1.03700924170298,0.982117915464115,33.4382768506912
84,15,10,5,84,0.5,1,1,1,1,0.0355560940473311,0.138170800125755,-0.235253697914232,0.306365886008894,FALSE,0.347370824958316,0.116635041235708,0.118770344800984,0.575971305115647,TRUE,0.888750120506192,0.143461604451125,0.607570542617655,1.16992969839473,TRUE,0.97866094005311,1.02750131206121,1.01898879565161,0,0,67374.1061511579,67343.0634635581,"0.5 1","-1: 15, 0: 10, +1: 5",0.979970491548617,1.02811772517308,1.01994214036307,31.0426875998382
85,15,10,5,85,0.5,1,1,1,1,0.218134750234542,0.182004858538973,-0.138588217513152,0.574857717982237,TRUE,0.601226344564765,0.114114942686453,0.377565166801465,0.824887522328065,TRUE,1.13986692625636,0.141596586107959,0.862342717150937,1.41739113536179,TRUE,0.993631573497211,0.986784911048937,0.980099963468388,0,0,67345.6905666027,67311.0134044196,"0.5 1","-1: 15, 0: 10, +1: 5",0.99286746078305,0.989264683289827,0.981197722454646,34.6771621831285
86,15,10,5,86,0.5,1,1,1,1,0.0757789827938968,0.160432068269834,-0.238662092980249,0.390220058568043,FALSE,0.36359352649405,0.118086736437114,0.132147776025434,0.595039276962666,TRUE,0.855525553691768,0.145880693270671,0.569604648841517,1.14144645854202,TRUE,1.00470794507275,1.02376804021356,1.02309237595719,0,0,67365.4241590107,67343.9290804878,"0.5 1","-1: 15, 0: 10, +1: 5",1.00429791262196,1.024761091847,1.02346374811584,21.4950785228721
87,15,10,5,87,0.5,1,1,1,1,0.0272854844969958,0.167658040257528,-0.301318236126326,0.355889205120317,FALSE,0.364131360417725,0.110222758027537,0.14809872440708,0.58016399642837,TRUE,1.05013694642777,0.137236611750699,0.781158130036094,1.31911576281945,TRUE,1.01448956492795,0.993924547963419,0.969791192734369,0,0,67359.2116977989,67322.5231423677,"0.5 1","-1: 15, 0: 10, +1: 5",1.01493056794468,0.995524385132064,0.971134761849603,36.688555431203
88,15,10,5,88,0.5,1,1,1,1,0.33325334924356,0.189966006357998,-0.0390731815050224,0.705579879992143,TRUE,0.726272833662062,0.119225661293905,0.492594831493037,0.959950835831086,TRUE,1.13648083807266,0.145889417641971,0.850542833768874,1.42241884237645,TRUE,0.981380165186281,1.00522906911391,1.00994878234249,0,0,67338.686004259,67306.8519958136,"0.5 1","-1: 15, 0: 10, +1: 5",0.980269822032645,1.00800897720914,1.00972841817714,31.8340084454394
89,15,10,5,89,0.5,1,1,1,1,0.133983075580774,0.182281394813741,-0.223281893305885,0.491248044467433,FALSE,0.504094510869424,0.11086517572659,0.286802759305602,0.721386262433245,TRUE,1.12259842537974,0.135835555305677,0.856365629160614,1.38883122159886,TRUE,0.999245919221958,1.00940512394608,1.00207675131363,0,0,67347.9110736857,67310.4564327018,"0.5 1","-1: 15, 0: 10, +1: 5",0.999941318061513,1.00870557271386,1.00299429567077,37.4546409838949
90,15,10,5,90,0.5,1,1,1,1,0.362235177260909,0.163581489913474,0.0416213484930978,0.68284900602872,TRUE,0.668117719313045,0.113689488308762,0.445290416807084,0.890945021819005,TRUE,0.953000348322463,0.141744984811256,0.675185283103224,1.2308154135417,TRUE,0.999188261407807,0.970374978836453,1.0148084523931,0,0,67350.2253752494,67322.574340018,"0.5 1","-1: 15, 0: 10, +1: 5",0.999189167744783,0.97104827751688,1.01484164950665,27.6510352313635
91,15,10,5,91,0.5,1,1,1,1,0.235391335227485,0.153606505419102,-0.065671883185011,0.536454553639981,TRUE,0.520142685935837,0.114029384269002,0.296649199589315,0.74363617228236,TRUE,0.898479332835504,0.142083787317882,0.620000226905406,1.1769584387656,TRUE,0.982105137951261,0.972850202799975,1.01302967097306,0,0,67363.8693223397,67336.2968110494,"0.5 1","-1: 15, 0: 10, +1: 5",0.982642751147168,0.972477875587374,1.01302713400342,27.5725112902437
92,15,10,5,92,0.5,1,1,1,1,-0.00595219702377621,0.16836962604942,-0.335950600171117,0.324046206123564,FALSE,0.331999718114502,0.111186285325112,0.114078603302489,0.549920832926515,TRUE,1.04444445197495,0.140429735396653,0.769207228239019,1.31968167571088,TRUE,1.04189360182253,0.989033266281165,1.00462426667101,0,0,67357.8413432586,67325.8995692401,"0.5 1","-1: 15, 0: 10, +1: 5",1.04156673113045,0.991802708909138,1.00434606444511,31.941774018429
93,15,10,5,93,0.5,1,1,1,1,0.150574552263354,0.18630579091869,-0.214578088048529,0.515727192575236,TRUE,0.501773553074916,0.131305369362259,0.24441975814816,0.759127348001672,TRUE,1.04337123755826,0.162236554205336,0.725393434339924,1.3613490407766,TRUE,0.96519063795237,1.00930255758655,0.967800268295688,0,0,67345.4988675342,67321.8309270716,"0.5 1","-1: 15, 0: 10, +1: 5",0.964887910444697,1.01066989216861,0.96760381628838,23.6679404626921
94,15,10,5,94,0.5,1,1,1,1,0.247128612234954,0.167942998226403,-0.0820336157444695,0.576290840214377,TRUE,0.601997020318742,0.113135049522932,0.380256397864641,0.823737642772844,TRUE,1.05308377864171,0.138072290177568,0.782467062630716,1.32370049465271,TRUE,0.965681455140677,1.04853623685215,0.957863381040341,0,0,67352.1176328796,67316.1649344623,"0.5 1","-1: 15, 0: 10, +1: 5",0.965651882484071,1.05187263063879,0.959766856120332,35.9526984173426
95,15,10,5,95,0.5,1,1,1,1,0.270565044766899,0.193573624865759,-0.108832288326856,0.649962377860653,TRUE,0.585389642196231,0.154624375921412,0.282331434258281,0.88844785013418,TRUE,0.983102988434533,0.189532684079885,0.611625753744749,1.35458022312432,TRUE,0.988657699093861,0.983978443921104,0.989760779597486,0,0,67342.7157979069,67325.3134616163,"0.5 1","-1: 15, 0: 10, +1: 5",0.988570510557328,0.984657181567888,0.989442590588967,17.4023362905427
96,15,10,5,96,0.5,1,1,1,1,0.168145473712918,0.194170731458796,-0.21242216679812,0.548713114223956,TRUE,0.589868705819088,0.115935967340593,0.362638385318714,0.817099026319462,TRUE,1.23264004983582,0.141089034517128,0.956110623568716,1.50916947610292,TRUE,1.04360276649427,0.944588234571957,1.04552508167237,0,0,67341.4823169438,67301.7508351321,"0.5 1","-1: 15, 0: 10, +1: 5",1.04504442043426,0.94280250791705,1.04609971332506,39.7314818116429
97,15,10,5,97,0.5,1,1,1,1,0.180337912240866,0.179146124320949,-0.170782039398128,0.53145786387986,TRUE,0.505571938989208,0.123744597333131,0.26303698493486,0.748106893043556,TRUE,1.0029531971444,0.153663701793321,0.701777875898393,1.30412851839042,TRUE,0.99653927813595,0.976817268885129,0.976066651657925,0,0,67348.1675980157,67323.8933206305,"0.5 1","-1: 15, 0: 10, +1: 5",0.997301711651848,0.975244300214801,0.976810558591007,24.2742773852369
98,15,10,5,98,0.5,1,1,1,1,0.341951783646414,0.186853880408038,-0.0242750923248937,0.708178659617722,TRUE,0.717111134237012,0.116360995783239,0.489047773296646,0.945174495177379,TRUE,1.15030187734005,0.140391820259925,0.87513896590658,1.42546478877353,TRUE,0.98382822915571,1.02255554390495,1.01617048841664,0,0,67341.2333023528,67305.5060323462,"0.5 1","-1: 15, 0: 10, +1: 5",0.98473309300542,1.02050972785832,1.01650754636335,35.7272700065951
99,15,10,5,99,0.5,1,1,1,1,0.20850189569165,0.178056244955276,-0.140481931643132,0.557485723026433,TRUE,0.53663589728947,0.121030513945329,0.299420448926253,0.773851345652687,TRUE,0.998276068770183,0.147696813356157,0.708795633960782,1.28775650357958,TRUE,0.994372342668377,0.999364697120632,1.02113700606711,0,0,67349.1861905026,67323.0720312355,"0.5 1","-1: 15, 0: 10, +1: 5",0.994697284564688,0.998886621078441,1.02142401830253,26.1141592671484
100,15,10,5,100,0.5,1,1,1,1,0.252347651372771,0.182107036967847,-0.104575582415513,0.609270885161055,TRUE,0.615900922501096,0.111834153925129,0.396710008566335,0.835091836435856,TRUE,1.1306053856448,0.135299204626542,0.865423817439863,1.39578695384974,TRUE,1.01033805057565,0.975449981921149,0.974157352683836,0,0,67343.3577469866,67304.5223606628,"0.5 1","-1: 15, 0: 10, +1: 5",1.01012399688119,0.976882986926665,0.974979038035153,38.8353863238008
101,15,10,5,1,0,-1,1,1,1,0.440112149449988,0.180396696254203,0.0865411218617389,0.793683177038237,FALSE,0.075360308117607,0.124780314867944,-0.169204615003131,0.319925231238345,TRUE,-1.04288275471487,0.153213339183526,-1.3431753814657,-0.742590127964042,TRUE,0.982366619990801,1.01351237645672,1.03516358847333,0,0,67331.8383084049,67304.7300536884,"0 -1","-1: 15, 0: 10, +1: 5",0.982835384929445,1.01295757977033,1.03480761820763,27.108254716557
102,15,10,5,2,0,-1,1,1,1,0.299543227457236,0.183697601326531,-0.0604974551891627,0.659583910103634,TRUE,-0.0490142419767546,0.116682734094023,-0.277708198418703,0.179679714465194,TRUE,-1.07318241532997,0.143272460024115,-1.35399127695368,-0.792373553706246,TRUE,1.02090161401854,0.956857538071568,0.948647069851273,0,0,67342.7073824371,67313.4626163715,"0 -1","-1: 15, 0: 10, +1: 5",1.02203548782462,0.955858868867054,0.949298154268194,29.2447660656035
103,15,10,5,3,0,-1,1,1,1,0.445918821793476,0.176037341917549,0.100891971700917,0.790945671886035,FALSE,0.0886140611734051,0.110785600711032,-0.128521726225853,0.305749848572664,TRUE,-1.08983580815401,0.136664754787304,-1.35769380549312,-0.821977810814895,TRUE,1.016292235826,1.00074269997646,0.916147203850903,0,0,67335.3748794467,67299.1180927448,"0 -1","-1: 15, 0: 10, +1: 5",1.01734791780853,0.999951415247199,0.916869482749744,36.2567867018806
104,15,10,5,4,0,-1,1,1,1,0.249947927127204,0.169186280392236,-0.0816510891198743,0.581546943374283,TRUE,-0.0122962807771138,0.144503047673493,-0.295517049873435,0.270924488319207,TRUE,-0.777639860955636,0.17727995487464,-1.12510218769082,-0.430177534220456,TRUE,0.997480336482947,0.991846402762895,1.0199971209894,0,0,67351.9476423768,67339.1391553929,"0 -1","-1: 15, 0: 10, +1: 5",0.997773420448653,0.991461191765065,1.0202522464612,12.8084869838931
105,15,10,5,5,0,-1,1,1,1,0.396024047559683,0.147145161974501,0.107624829590348,0.684423265529018,FALSE,0.119199319251624,0.112774700179648,-0.101835031467789,0.340233669971037,TRUE,-0.868593106465013,0.138966665256195,-1.14096276541879,-0.596223447511237,TRUE,0.987327764167705,1.02977414057709,0.976557723269942,0,0,67355.7225325588,67327.477025656,"0 -1","-1: 15, 0: 10, +1: 5",0.987084778124423,1.03201688361227,0.978596430524035,28.2455069028219
106,15,10,5,6,0,-1,1,1,1,0.27650753451373,0.182173190801951,-0.0805453584068382,0.633560427434298,TRUE,-0.0723244968946021,0.121058095144159,-0.309594003414177,0.164945009624973,TRUE,-1.03742942965422,0.149278765014263,-1.33001043273879,-0.744848426569646,TRUE,0.996303312203403,1.00127092359448,1.0111230751371,0,0,67347.6244062058,67321.1158240448,"0 -1","-1: 15, 0: 10, +1: 5",0.995592110646842,1.00394460439301,1.01108964316748,26.5085821610555
107,15,10,5,7,0,-1,1,1,1,0.212296804585632,0.166993326253703,-0.115004100530173,0.539597709701437,TRUE,-0.112532861366612,0.113113330281828,-0.334230914890378,0.109165192157154,TRUE,-0.94277065800267,0.138730801325499,-1.21467803214703,-0.670863283858311,TRUE,0.982222639930008,1.01078846165203,0.998649893018696,0,0,67354.9373594994,67329.8821220309,"0 -1","-1: 15, 0: 10, +1: 5",0.981676256633298,1.0120822553019,0.999264475278654,25.0552374684776
108,15,10,5,8,0,-1,1,1,1,0.310587689403862,0.186107307271857,-0.0541759301087064,0.675351308916431,TRUE,-0.0579233154272749,0.120491408235987,-0.294082136016322,0.178235505161772,TRUE,-1.06851627628499,0.146438711149632,-1.35553087608073,-0.781501676489247,TRUE,1.00633456456864,0.990762063664691,0.990089972815088,0,0,67340.0237811864,67311.0942902441,"0 -1","-1: 15, 0: 10, +1: 5",1.00610595099757,0.990489629697619,0.989533102046208,28.9294909422606
109,15,10,5,9,0,-1,1,1,1,0.445999001430911,0.142663736127821,0.166383216720457,0.725614786141366,FALSE,0.183168315852539,0.110639861657459,-0.0336818282505749,0.400018459955653,TRUE,-0.800776299777916,0.137838640917215,-1.07093507165361,-0.530617527902225,TRUE,1.01119332145161,0.976596646127316,1.00241896303356,0,0,67351.7644114146,67328.425172672,"0 -1","-1: 15, 0: 10, +1: 5",1.01176916138229,0.976264414025514,1.00292141794196,23.3392387426138
110,15,10,5,10,0,-1,1,1,1,0.458546674014246,0.18068803026346,0.104404642260381,0.812688705768111,FALSE,0.0779112453025555,0.11611739060646,-0.149674658264876,0.305497148869987,TRUE,-1.13945469379626,0.145797760285681,-1.4252130529828,-0.853696334609723,TRUE,1.00060338880337,1.00306691600744,0.996538527205245,0,0,67333.4046058507,67296.5380265543,"0 -1","-1: 15, 0: 10, +1: 5",1.00024018042615,1.00470015702389,0.998043623850844,36.8665792963438
111,15,10,5,11,0,-1,1,1,1,0.429644044300456,0.174846665928894,0.0869508762629184,0.772337212337994,FALSE,0.0515518547457446,0.109664850481031,-0.163387302567046,0.266491012058535,TRUE,-1.13055835480698,0.135012915044926,-1.3951788057428,-0.865937903871161,TRUE,0.985067830619428,1.02072292904856,1.00733613670337,0,0,67332.7500573261,67291.8863656473,"0 -1","-1: 15, 0: 10, +1: 5",0.985818970059108,1.02040782251516,1.00799566550046,40.8636916787364
112,15,10,5,12,0,-1,1,1,1,0.536511154123792,0.149041327621644,0.244395519777335,0.82862678847025,FALSE,0.255514992763555,0.117632398028576,0.0249597292124659,0.486070256314644,FALSE,-0.838008194300773,0.144953846887074,-1.12211251361997,-0.553903874981575,TRUE,1.07540879427565,0.914064680887512,0.988290108683098,0,0,67344.9220643407,67321.4311558235,"0 -1","-1: 15, 0: 10, +1: 5",1.07663260234539,0.913688595233288,0.988751964146816,23.4909085172258
113,15,10,5,13,0,-1,1,1,1,0.328076300340973,0.151721792985285,0.0307070504199731,0.625445550261974,FALSE,0.0604585280927857,0.115873539103481,-0.16664943531123,0.287566491496802,TRUE,-0.80334411722823,0.143139258803457,-1.08389190925676,-0.522796325199696,TRUE,1.00691923666131,0.971939214824421,0.960548387212498,0,0,67357.0856841556,67337.2831042256,"0 -1","-1: 15, 0: 10, +1: 5",1.00737054823781,0.971230802123626,0.96163592898138,19.802579929994
114,15,10,5,14,0,-1,1,1,1,0.335077147289712,0.177714825120202,-0.0132375094647172,0.683391804044142,TRUE,-0.047269593889651,0.112482269397986,-0.267730790809036,0.173191603029734,TRUE,-1.11621693679921,0.13784157172451,-1.38638145295164,-0.846052420646771,TRUE,0.969480815197607,1.03869520808375,0.973312584904166,0,0,67338.7111680156,67303.2651271089,"0 -1","-1: 15, 0: 10, +1: 5",0.969188575775383,1.03995632746238,0.973482655639502,35.4460409067397
115,15,10,5,15,0,-1,1,1,1,0.13329868229334,0.165423512395685,-0.190925444198318,0.457522808784997,TRUE,-0.211359970024808,0.117446774464725,-0.441551418076068,0.0188314780264509,TRUE,-0.998234289140064,0.14453889148888,-1.28152531082361,-0.714943267456516,TRUE,1.03298366060698,0.95354803571531,1.03466333365769,0,0,67362.7644923901,67331.5925552247,"0 -1","-1: 15, 0: 10, +1: 5",1.03313425089826,0.954610461980845,1.03627582145565,31.1719371653599
116,15,10,5,16,0,-1,1,1,1,0.379801569225312,0.162958608189171,0.0604085662037638,0.699194572246861,FALSE,0.0747357921084073,0.111975259749611,-0.144731684160347,0.294203268377162,TRUE,-0.930415039533821,0.138291902561996,-1.20146218790886,-0.659367891158786,TRUE,0.99219705282606,1.01404392486435,1.00103256559478,0,0,67347.6656295499,67321.7834811364,"0 -1","-1: 15, 0: 10, +1: 5",0.99167168265235,1.01574317558933,1.00068187880725,25.8821484134241
117,15,10,5,17,0,-1,1,1,1,0.269153325998896,0.171572977849415,-0.0671235313062453,0.605430183304037,TRUE,-0.0657419118094024,0.113419764183086,-0.288040564743278,0.156556741124473,TRUE,-1.03376162910627,0.13869204413632,-1.3055930405557,-0.761930217656844,TRUE,1.05457816439728,0.952513107776076,1.01798962856745,0,0,67351.4547741039,67318.9709939389,"0 -1","-1: 15, 0: 10, +1: 5",1.05488686697837,0.952923677756,1.02003582089815,32.4837801649846
118,15,10,5,18,0,-1,1,1,1,0.417028183806034,0.131437051153868,0.159416297310305,0.674640070301763,FALSE,0.175695707894206,0.108896251608588,-0.0377370233100371,0.38912843909845,TRUE,-0.729897803634694,0.132708277445126,-0.990001247877489,-0.469794359391898,FALSE,1.00943415298311,0.983294440025341,1.00516166150265,0,0,67358.8191439817,67335.263835087,"0 -1","-1: 15, 0: 10, +1: 5",1.00936984129121,0.984399146699301,1.00562453676732,23.5553088946617
119,15,10,5,19,0,-1,1,1,1,0.299103332358696,0.173188475679199,-0.0403398425099251,0.638546507227318,TRUE,-0.0822763100202986,0.110717199499452,-0.299278033508361,0.134725413467764,TRUE,-1.15366769594919,0.136592196239216,-1.42138348114728,-0.885951910751096,TRUE,0.993577004560828,1.01660082128863,0.990774942708542,0,0,67345.669377654,67300.4796984687,"0 -1","-1: 15, 0: 10, +1: 5",0.994162753628877,1.01854032207793,0.991592542624997,45.1896791853214
120,15,10,5,20,0,-1,1,1,1,0.360500421786325,0.17861707404471,0.0104173896347687,0.710583453937881,FALSE,0.0265313823941289,0.114983694961927,-0.198832518540589,0.251895283328846,TRUE,-1.05375216669105,0.141170319271383,-1.33044090814898,-0.77706342523312,TRUE,1.00935747047528,1.00561627375739,1.02053617308126,0,0,67338.4274539777,67308.8832942355,"0 -1","-1: 15, 0: 10, +1: 5",1.00893584786841,1.00642852269803,1.019783291582,29.5441597422323
121,15,10,5,21,0,-1,1,1,1,0.344467901924607,0.184137222195624,-0.0164344217920658,0.705370225641279,TRUE,-0.0391489999477851,0.115701866903583,-0.265920492022854,0.187622492127284,TRUE,-1.11913038904356,0.141601061819058,-1.39666337038155,-0.841597407705581,TRUE,1.0296113893817,0.962168019887869,1.01115528574386,0,0,67340.7198539209,67306.964750189,"0 -1","-1: 15, 0: 10, +1: 5",1.02915621918476,0.961967088424425,1.01121329471696,33.7551037319499
122,15,10,5,22,0,-1,1,1,1,0.324749490195161,0.153245795023288,0.0243932511673083,0.625105729223013,FALSE,0.00732792777786763,0.112992693432372,-0.214133681865756,0.228789537421491,TRUE,-0.875399576173132,0.139671826928137,-1.14915132660719,-0.601647825739073,TRUE,1.00982705723912,1.00674720872459,0.971152634125814,0,0,67358.1297738373,67333.3646344094,"0 -1","-1: 15, 0: 10, +1: 5",1.0104757327886,1.00514950835356,0.970623680937447,24.7651394278364
123,15,10,5,23,0,-1,1,1,1,0.347582189679444,0.191462953198787,-0.0276783029638563,0.722842682322745,TRUE,-0.020073014169612,0.134074336668796,-0.28285388529155,0.242707856952327,TRUE,-1.08390495043308,0.163699136411301,-1.40474936209954,-0.763060538766624,TRUE,1.01776125743295,0.987294384462303,0.981678358234706,0,0,67333.7016034337,67308.336154661,"0 -1","-1: 15, 0: 10, +1: 5",1.01755359443607,0.987779993994284,0.981434462196933,25.3654487727326
124,15,10,5,24,0,-1,1,1,1,0.486309654319171,0.176689326200816,0.140004938512923,0.83261437012542,FALSE,0.137370631563834,0.112184023725645,-0.082506014579218,0.357247277706885,TRUE,-1.02815479584015,0.139219137001635,-1.3010192903221,-0.755290301358199,TRUE,0.986737219865389,1.02544566868936,0.982539681888553,0,0,67331.6902469697,67302.3465256282,"0 -1","-1: 15, 0: 10, +1: 5",0.986880923413683,1.02397075432531,0.981424818172248,29.3437213415018
125,15,10,5,25,0,-1,1,1,1,0.530534617799731,0.139621402694142,0.256881697048249,0.804187538551213,FALSE,0.297649407010105,0.111735219846888,0.0786524003055399,0.516646413714671,FALSE,-0.723371855317251,0.140656923663492,-0.999054359873895,-0.447689350760606,FALSE,0.996830530872075,1.04949364286677,1.05124771697398,0,0,67347.7847574917,67330.3465584553,"0 -1","-1: 15, 0: 10, +1: 5",0.997507920287936,1.04840264279646,1.05008038506221,17.4381990363618
126,15,10,5,26,0,-1,1,1,1,0.324203246128921,0.173864077149866,-0.0165640832901105,0.664970575547952,TRUE,-0.0491030476768379,0.11392426230703,-0.272390498763911,0.174184403410235,TRUE,-1.11499080961829,0.141533227776724,-1.39239083867637,-0.837590780560205,TRUE,0.98564708925761,1.0137010787532,1.00908456390616,0,0,67344.1785898923,67307.5164391745,"0 -1","-1: 15, 0: 10, +1: 5",0.986404101355105,1.0142836765392,1.00901276183575,36.6621507177624
127,15,10,5,27,0,-1,1,1,1,0.343063227639875,0.171665747136739,0.00660454587270648,0.679521909407043,FALSE,0.0509269259166815,0.134067334523088,-0.211840221251854,0.313694073085217,TRUE,-0.884202035810603,0.163037569892997,-1.20374980092781,-0.564654270693398,TRUE,1.00481773931435,0.980771785655731,1.04152187128584,0,0,67342.4283908037,67324.0389454429,"0 -1","-1: 15, 0: 10, +1: 5",1.00452136486236,0.981458997839757,1.04281527852037,18.3894453608664
128,15,10,5,28,0,-1,1,1,1,0.256294316587151,0.177201334449516,-0.0910139169463368,0.603602550120639,TRUE,-0.0422219520318291,0.138475633399975,-0.313629206232153,0.229185302168494,TRUE,-0.912754968418355,0.1706241630849,-1.24717218295705,-0.578337753879662,TRUE,1.00840476007206,0.989881682860734,0.969954466546228,0,0,67351.5586194501,67333.1304546423,"0 -1","-1: 15, 0: 10, +1: 5",1.00847844188373,0.99008195009887,0.970786730158625,18.4281648078322
129,15,10,5,29,0,-1,1,1,1,0.304891339571628,0.176072065842514,-0.0402035681632652,0.649986247306521,TRUE,-0.073294586986011,0.115357689981398,-0.299391504689288,0.152802330717266,TRUE,-1.06256483028939,0.141025897050506,-1.33897050939584,-0.786159151182948,TRUE,0.991852761351379,0.998242803820553,1.05427220409849,0,0,67348.9168977417,67315.7397086002,"0 -1","-1: 15, 0: 10, +1: 5",0.991737284080937,0.997843631902205,1.05546442890595,33.177189141541
130,15,10,5,30,0,-1,1,1,1,0.428082267140797,0.148719955913848,0.136596509767269,0.719568024514324,FALSE,0.120284513910987,0.113652597253669,-0.10247048345564,0.343039511277613,TRUE,-0.894797366440327,0.138334157086496,-1.16592733216157,-0.623667400719087,TRUE,0.962446205890942,1.03291420222056,1.04155534074796,0,0,67351.3256619359,67321.9250014356,"0 -1","-1: 15, 0: 10, +1: 5",0.963002417880138,1.03375126191571,1.04292964972707,29.4006605003087
131,15,10,5,31,0,-1,1,1,1,0.243140049157184,0.148553044557865,-0.0480185679700055,0.534298666284373,TRUE,-0.0440059054142849,0.112071504247115,-0.263662017431858,0.175650206603288,TRUE,-0.798353233405053,0.13685154166803,-1.06657732630317,-0.530129140506932,TRUE,1.03229815086669,0.983725345202516,0.993455113546327,0,0,67364.2791140588,67342.6992808629,"0 -1","-1: 15, 0: 10, +1: 5",1.03334129207911,0.982258464601205,0.993575608436807,21.5798331959522
132,15,10,5,32,0,-1,1,1,1,0.305803586334183,0.132266140532957,0.0465667145154749,0.565040458152892,FALSE,0.0406429127924378,0.110972242325099,-0.176858685448407,0.258144511033283,TRUE,-0.823954536587487,0.137589604897842,-1.09362520683435,-0.554283866340622,TRUE,0.977003943295151,1.02923676418856,0.99723529750366,0,0,67366.8640719633,67337.4951586412,"0 -1","-1: 15, 0: 10, +1: 5",0.978060232154294,1.0302919752795,0.998798786246907,29.3689133221196
133,15,10,5,33,0,-1,1,1,1,0.294716707487022,0.165671653970671,-0.0299937675546761,0.61942718252872,TRUE,-0.0471272964832192,0.11501774694609,-0.272557938080497,0.178303345114058,TRUE,-1.05466874807191,0.143138579241017,-1.33521520818253,-0.774122287961282,TRUE,1.00083889954782,0.975472059719114,0.944207986516677,0,0,67355.8114863816,67319.8863888768,"0 -1","-1: 15, 0: 10, +1: 5",1.00137440829524,0.976462643261819,0.944977725926985,35.9250975048344
134,15,10,5,34,0,-1,1,1,1,0.448646905993858,0.156958323897603,0.141014244080783,0.756279567906933,FALSE,0.113136857436793,0.111272365491824,-0.10495297140176,0.331226686275345,TRUE,-1.01917632686778,0.134457232219431,-1.2827076594788,-0.755644994256754,TRUE,1.0049745692174,0.987988444894614,0.987028451050072,0,0,67347.2889225411,67306.8494044724,"0 -1","-1: 15, 0: 10, +1: 5",1.00638301344702,0.989150680114381,0.989902352324623,40.4395180686988
135,15,10,5,35,0,-1,1,1,1,0.341137761154063,0.170276572037843,0.0074018125489515,0.674873709759175,FALSE,0.0166984726029032,0.113799263411361,-0.206343985150551,0.239740930356357,TRUE,-0.983422699159396,0.138508954524733,-1.25489526156417,-0.711950136754624,TRUE,1.01162245828164,0.978971974551056,0.96956493014204,0,0,67348.1132784604,67319.6258278328,"0 -1","-1: 15, 0: 10, +1: 5",1.01160017467323,0.979922631159665,0.970693174439461,28.4874506276683
136,15,10,5,36,0,-1,1,1,1,0.252838762923714,0.182004360827714,-0.103883229327839,0.609560755175266,TRUE,-0.124117933319996,0.109955752013837,-0.339627247160133,0.091391380520142,TRUE,-1.11747240977633,0.13571602574207,-1.38347093235569,-0.851473887196958,TRUE,1.00029303218969,1.00668104861773,0.904589562304684,0,0,67341.4181507587,67306.5129613722,"0 -1","-1: 15, 0: 10, +1: 5",1.00036086236871,1.00708723823895,0.905800869692111,34.9051893865253
137,15,10,5,37,0,-1,1,1,1,0.489050006177792,0.156060117163702,0.183177797113834,0.79492221524175,FALSE,0.183626675550016,0.112907342128113,-0.0376676486112282,0.40492099971126,TRUE,-0.906619512119967,0.139472667579025,-1.17998091740258,-0.633258106837351,TRUE,1.05225042073612,0.958217710079513,1.04714475665276,0,0,67341.7947261357,67315.1869489849,"0 -1","-1: 15, 0: 10, +1: 5",1.0520968638994,0.959091668823471,1.04729787461082,26.6077771507407
138,15,10,5,38,0,-1,1,1,1,0.383070753453902,0.160513083527674,0.0684708906921914,0.697670616215614,FALSE,0.0442438370307713,0.110004669104072,-0.171361352544457,0.259849026605999,TRUE,-1.03039556109612,0.135794550990379,-1.29654799033405,-0.764243131858187,TRUE,0.985668583531812,1.03066183215189,1.00142596743376,0,0,67349.505132979,67311.1510996194,"0 -1","-1: 15, 0: 10, +1: 5",0.986361447979901,1.03180545990242,1.00327806473352,38.3540333595301
139,15,10,5,39,0,-1,1,1,1,0.2203245628558,0.177446628854521,-0.127464438877107,0.568113564588707,TRUE,-0.149560414254131,0.113860182857813,-0.372722271928589,0.0736014434203272,TRUE,-1.09420725426371,0.142683051288453,-1.37386089599336,-0.814553612534065,TRUE,1.0056100060343,1.00204121309828,1.01639073213054,0,0,67352.4985891262,67317.8610063859,"0 -1","-1: 15, 0: 10, +1: 5",1.00610946155292,1.00043997176719,1.01630320458881,34.6375827403099
140,15,10,5,40,0,-1,1,1,1,0.365980926595886,0.177235689412242,0.0186053585727634,0.713356494619008,FALSE,0.0284086842061385,0.110109155917717,-0.187401295760693,0.24421866417297,TRUE,-1.09942640209604,0.136737388636676,-1.36742675916398,-0.831426045028098,TRUE,1.01588384142064,1.00505966597741,0.967192981264888,0,0,67337.8309899456,67301.6616306755,"0 -1","-1: 15, 0: 10, +1: 5",1.01588920499445,1.00547852547355,0.965813892371046,36.1693592700758
141,15,10,5,41,0,-1,1,1,1,0.333031379873869,0.154676871432619,0.0298702826246035,0.636192477123135,FALSE,0.00209774440625492,0.108968626487846,-0.21147683895472,0.21567232776723,TRUE,-0.986104797564072,0.138043055581024,-1.25666421481874,-0.715545380309405,TRUE,1.00111113863936,1.02459177683024,0.972424165606945,0,0,67356.2750773505,67321.2287566091,"0 -1","-1: 15, 0: 10, +1: 5",1.00237116595793,1.02408745416946,0.972517447482564,35.0463207414286
142,15,10,5,42,0,-1,1,1,1,0.331633249434158,0.157487918296651,0.0229626015725352,0.64030389729578,FALSE,0.0090117189990282,0.117023149060276,-0.220349438516574,0.238372876514631,TRUE,-0.925295085323697,0.144276676308995,-1.20807217469847,-0.642517995948924,TRUE,0.980509848038309,0.986761146503068,1.05020584542294,0,0,67356.3340427123,67329.4795255965,"0 -1","-1: 15, 0: 10, +1: 5",0.98073456824853,0.987082845398161,1.05236047213988,26.8545171157602
143,15,10,5,43,0,-1,1,1,1,0.379975580019709,0.167147292182947,0.0523729072277391,0.707578252811679,FALSE,-0.00356748101703615,0.110839262031497,-0.220808442671768,0.213673480637696,TRUE,-1.13304827726079,0.136308922419453,-1.40020885597438,-0.865887698547194,TRUE,0.997222590353872,0.998269899662396,1.01676064467057,0,0,67345.0818726274,67297.577289223,"0 -1","-1: 15, 0: 10, +1: 5",0.99848041595227,0.999622040631353,1.01933995693807,47.504583404414
144,15,10,5,44,0,-1,1,1,1,0.41206139949267,0.185345207182265,0.0487914687083155,0.775331330277024,FALSE,0.0372100488151845,0.117526061398631,-0.193136798770975,0.267556896401344,TRUE,-1.10029542271007,0.144186582533978,-1.38289593153057,-0.817694913889556,TRUE,0.982930626735761,1.04825173512762,1.02006304747046,0,0,67331.545672648,67300.8328740992,"0 -1","-1: 15, 0: 10, +1: 5",0.98220911609379,1.04922604725854,1.02067078008328,30.7127985488914
145,15,10,5,45,0,-1,1,1,1,0.256707916707079,0.170152375155718,-0.0767846104820761,0.590200443896234,TRUE,-0.0447717535083768,0.117382596188007,-0.274837414448678,0.185293907431925,TRUE,-0.953512232438158,0.145583780129465,-1.23885119822511,-0.668173266651208,TRUE,0.986809357339146,1.02326603571197,1.07610124617315,0,0,67352.3452194448,67327.1492036047,"0 -1","-1: 15, 0: 10, +1: 5",0.986688078734142,1.02336927794068,1.0757780818245,25.1960158401052
146,15,10,5,46,0,-1,1,1,1,0.3849708715516,0.178911938858846,0.0343099149840284,0.735631828119171,FALSE,0.00772135300024035,0.11049370397033,-0.208842327300036,0.224285033300517,TRUE,-1.15648666653046,0.13622655189067,-1.42348580197425,-0.889487531086672,TRUE,1.00059119397349,0.998732921190032,1.00370165557809,0,0,67338.2521521458,67295.8777565792,"0 -1","-1: 15, 0: 10, +1: 5",1.00178884152995,0.998681488958701,1.00378395349659,42.3743955666432
147,15,10,5,47,0,-1,1,1,1,0.431291545820455,0.158402825460887,0.120827712867732,0.741755378773178,FALSE,0.152352909176032,0.110540306792073,-0.0643021109764395,0.369007929328503,TRUE,-0.905059065904633,0.135589575678463,-1.17080975091349,-0.639308380895777,TRUE,0.974288238817828,1.04378040054178,1.01865098732963,0,0,67346.6350581374,67319.3473809641,"0 -1","-1: 15, 0: 10, +1: 5",0.974633590123786,1.04399978327613,1.01921866646487,27.2876771732699
148,15,10,5,48,0,-1,1,1,1,0.400018033060692,0.15498950324565,0.0962441887174645,0.703791877403919,FALSE,0.104461579096549,0.110816849796308,-0.1127354553844,0.321658613577498,TRUE,-0.912597719630266,0.135387235431236,-1.17795182504193,-0.647243614218599,TRUE,1.03944263691123,0.954161258401162,1.01494547252658,0,0,67349.0213249111,67319.6396050232,"0 -1","-1: 15, 0: 10, +1: 5",1.03917369613359,0.955551494901299,1.01621530333131,29.3817198878969
149,15,10,5,49,0,-1,1,1,1,0.154236331998795,0.15989336610017,-0.159148906924415,0.467621570922005,TRUE,-0.123375834071182,0.127232490195039,-0.372746932516804,0.125995264374439,TRUE,-0.825056383501716,0.156783067646958,-1.13234554947546,-0.517767217527972,TRUE,1.00130493288774,0.990061077569047,1.03196957694838,0,0,67364.2603664453,67345.8077609529,"0 -1","-1: 15, 0: 10, +1: 5",1.00143255170649,0.990048302579523,1.03062417903656,18.4526054924354
150,15,10,5,50,0,-1,1,1,1,0.231552807372849,0.160151508145193,-0.0823383806615026,0.5454439954072,TRUE,-0.0719209825766014,0.112187512515282,-0.29180446662169,0.147962501468487,TRUE,-0.922809817199535,0.137627895526327,-1.19255553569918,-0.653064098699893,TRUE,0.994942469177505,1.03404949118689,0.968421583669159,0,0,67357.9163991154,67330.7419947182,"0 -1","-1: 15, 0: 10, +1: 5",0.994437962651712,1.03594210255515,0.968532986611628,27.1744043972139
151,15,10,5,51,0,-1,1,1,1,0.452617791435434,0.17826034222983,0.103233940793182,0.802001642077686,FALSE,0.0587984690913355,0.118086492423659,-0.172646803119697,0.290243741302368,TRUE,-1.14695471686291,0.143044266487092,-1.42731632737257,-0.866593106353263,TRUE,0.981207286315937,0.9878908780538,1.00886463872048,0,0,67335.1153076216,67296.6372508102,"0 -1","-1: 15, 0: 10, +1: 5",0.98161294307375,0.988872643442583,1.0090076546487,38.4780568114074
152,15,10,5,52,0,-1,1,1,1,0.267391413455435,0.184537285443989,-0.0942950198195713,0.629077846730442,TRUE,-0.108986145428669,0.120396486750898,-0.344958923325583,0.126986632468245,TRUE,-1.07334197143483,0.147107429842399,-1.36166723578418,-0.785016707085477,TRUE,0.963445701008309,1.04622970306093,1.0126242272188,0,0,67340.6397389299,67312.0700771567,"0 -1","-1: 15, 0: 10, +1: 5",0.963200771381167,1.04734515287404,1.01362910399196,28.5696617731737
153,15,10,5,53,0,-1,1,1,1,0.400801973312326,0.172594866299707,0.0625222514483941,0.739081695176258,FALSE,0.0661832953671987,0.111883026852016,-0.153103407744081,0.285469998478478,TRUE,-1.02911356250997,0.137945367376263,-1.29948151440159,-0.758745610618346,TRUE,1.00714560611275,0.994093475712699,1.01783670347197,0,0,67337.500228587,67308.9611576642,"0 -1","-1: 15, 0: 10, +1: 5",1.00772437567674,0.993714124940141,1.01803042956662,28.5390709228523
154,15,10,5,54,0,-1,1,1,1,0.320875281957517,0.15380720218418,0.019418705113654,0.62233185880138,FALSE,0.00761343887058172,0.113986714212599,-0.215796415702173,0.231023293443336,TRUE,-0.922572918930872,0.140789443598051,-1.19851515778649,-0.646630680075258,TRUE,0.962553823817057,1.0435021409338,0.977229072079118,0,0,67355.4059711092,67327.7501644844,"0 -1","-1: 15, 0: 10, +1: 5",0.961862791527448,1.04614140118328,0.97808870755763,27.6558066247089
155,15,10,5,55,0,-1,1,1,1,0.400365418174822,0.170417822974704,0.0663526228206803,0.734378213528964,FALSE,0.0348488698717366,0.112167866674547,-0.184996109033067,0.25469384877654,TRUE,-1.06339414432649,0.134632242930858,-1.32726849162882,-0.799519797024161,TRUE,0.971795501454058,1.01570966630675,1.00013958648104,0,0,67338.2339981446,67301.5689253661,"0 -1","-1: 15, 0: 10, +1: 5",0.973141591424809,1.01570848463357,1.00177331297342,36.6650727784581
156,15,10,5,56,0,-1,1,1,1,0.379498594397439,0.201363620069638,-0.0151668487356588,0.774164037530537,TRUE,-0.0125740831786242,0.128037287700231,-0.263522555749271,0.238374389392023,TRUE,-1.17207854777706,0.157823454387776,-1.4814068342928,-0.862750261261319,TRUE,0.967161635524602,1.0490166155362,1.02894351155479,0,0,67323.3390848957,67294.2299145446,"0 -1","-1: 15, 0: 10, +1: 5",0.967393088869969,1.04798534147286,1.02775410154289,29.1091703510901
157,15,10,5,57,0,-1,1,1,1,0.173819756575742,0.179302771135971,-0.177607217178989,0.525246730330472,TRUE,-0.22227183090575,0.112494120204266,-0.442756254978631,-0.00178740683286971,FALSE,-1.17402047665104,0.138627128204794,-1.44572465521266,-0.90231629808943,TRUE,1.03810414081713,0.976815353088091,0.961150988085059,0,0,67347.3820131284,67305.7922016093,"0 -1","-1: 15, 0: 10, +1: 5",1.03791095791881,0.978359243986589,0.961641524243949,41.589811519123
158,15,10,5,58,0,-1,1,1,1,0.328639782672294,0.168833927165936,-0.0022686339413987,0.659548199285988,TRUE,0.0050917695082148,0.115515934176684,-0.221315301118585,0.231498840135015,TRUE,-0.965500210585596,0.142904136309677,-1.24558717099437,-0.685413250176826,TRUE,0.976577524335065,1.02903459902039,0.970857558188502,0,0,67347.5468050296,67320.9834365755,"0 -1","-1: 15, 0: 10, +1: 5",0.975955337142221,1.03171224347788,0.971574190271999,26.5633684541826
159,15,10,5,59,0,-1,1,1,1,0.391258407068856,0.175316515671815,0.0476443504570462,0.734872463680666,FALSE,0.0653645817583186,0.12821901710607,-0.185940073902703,0.31666923741934,TRUE,-0.97697214138985,0.157020659825436,-1.28472697947642,-0.669217303303279,TRUE,0.988370264687014,0.98405770778554,0.96592108895037,0,0,67342.4195564111,67319.2453602492,"0 -1","-1: 15, 0: 10, +1: 5",0.988796886880323,0.98313016824707,0.966807585378154,23.1741961619264
160,15,10,5,60,0,-1,1,1,1,0.379936123970778,0.130909913992467,0.123357407326307,0.63651484061525,FALSE,0.155124574754042,0.110776004354104,-0.0619924041312533,0.372241553639337,TRUE,-0.703874736461367,0.137733108484236,-0.973826668569216,-0.433922804353517,FALSE,0.964660324452841,1.0030536962528,0.968101024349581,0,0,67363.0761406148,67342.533359178,"0 -1","-1: 15, 0: 10, +1: 5",0.965194313233459,1.00425326854672,0.968639883312232,20.542781436714
161,15,10,5,61,0,-1,1,1,1,0.327262369495499,0.195034184452428,-0.0549976077854024,0.7095223467764,TRUE,-0.0846514239463715,0.112476173726899,-0.305100673569964,0.135797825677221,TRUE,-1.23734720474733,0.138182935090269,-1.50818078080229,-0.966513628692366,TRUE,1.00409304767026,1.02159530393732,0.996938399872202,0,0,67330.7700900499,67291.0902189127,"0 -1","-1: 15, 0: 10, +1: 5",1.00487899244257,1.01874872793593,0.997440035959484,39.6798711372248
162,15,10,5,62,0,-1,1,1,1,0.249640693788205,0.178207201773265,-0.0996390034730561,0.598920391049467,TRUE,-0.082466415760145,0.118847914578733,-0.315404047972155,0.150471216451865,TRUE,-1.02245920189855,0.146892453343317,-1.31036312005218,-0.734555283744923,TRUE,1.01900836595365,1.00108716763627,1.03324355127335,0,0,67345.8413601769,67318.657733478,"0 -1","-1: 15, 0: 10, +1: 5",1.01994577336703,0.999464050298141,1.03419495182159,27.1836266989412
163,15,10,5,63,0,-1,1,1,1,0.48641604737797,0.185472778780437,0.122896080855749,0.84993601390019,FALSE,0.134519862131788,0.126184959324388,-0.112798113534663,0.38183783779824,TRUE,-1.04308359093312,0.154921753974046,-1.34672464914403,-0.739442532722219,TRUE,1.01124268255197,0.986300938414081,0.997173871082212,0,0,67325.1133292796,67299.6979083975,"0 -1","-1: 15, 0: 10, +1: 5",1.01036485887415,0.98910557147589,0.998283414183145,25.4154208820109
164,15,10,5,64,0,-1,1,1,1,0.34708704666713,0.174597962382644,0.00488132862306817,0.689292764711191,FALSE,-0.0106023351113719,0.114064034788787,-0.234163735228717,0.212959065005974,TRUE,-1.12804815009743,0.143612450903105,-1.40952338159905,-0.846572918595819,TRUE,0.998636298739913,0.987267511682252,1.01532962197949,0,0,67346.0925984203,67306.7442502785,"0 -1","-1: 15, 0: 10, +1: 5",0.999857097516256,0.986605461009123,1.01667101052133,39.3483481418516
165,15,10,5,65,0,-1,1,1,1,0.234319276433511,0.153378371904828,-0.0662968085073408,0.534935361374364,TRUE,-0.0601537026426728,0.111776247422773,-0.279231121918345,0.158923716633,TRUE,-0.916674433627288,0.136888413569141,-1.18497079412363,-0.648378073130948,TRUE,0.988675563205462,1.00869473159042,0.995357246385841,0,0,67360.6972150832,67330.8212155291,"0 -1","-1: 15, 0: 10, +1: 5",0.989578719446025,1.0092195135762,0.995054728209142,29.8759995540604
166,15,10,5,66,0,-1,1,1,1,0.245857890559557,0.157695479351155,-0.063219569493487,0.554935350612602,TRUE,-0.0453748379049245,0.115633029016281,-0.27201141020011,0.181261734390261,TRUE,-0.863903371055172,0.142166543215339,-1.14254467556379,-0.585262066546551,TRUE,1.01803936408102,0.95766552142721,1.00306616449057,0,0,67360.5053666582,67337.0631331191,"0 -1","-1: 15, 0: 10, +1: 5",1.01905322735637,0.954899542251934,1.00118453242815,23.4422335390409
167,15,10,5,67,0,-1,1,1,1,0.47295107039869,0.150031664714055,0.178894411018554,0.767007729778826,FALSE,0.185528669570945,0.112379706071316,-0.0347315069220303,0.405788846063921,TRUE,-0.891900856677173,0.138210482135569,-1.1627884239488,-0.621013289405542,TRUE,1.02202952852213,0.967664526574236,0.974875023716127,0,0,67351.2956780392,67321.597451535,"0 -1","-1: 15, 0: 10, +1: 5",1.0228719787493,0.968432420337784,0.975667888559592,29.698226504217
168,15,10,5,68,0,-1,1,1,1,0.453756646118733,0.192564472390282,0.0763372155318238,0.831176076705642,FALSE,0.0268381365250284,0.115825519086339,-0.200175709374852,0.253851982424909,TRUE,-1.22215917949788,0.140825421553866,-1.49817193385113,-0.946146425144633,TRUE,1.02298084183834,0.964786393134304,0.986946090207984,0,0,67323.6523048895,67286.3698144053,"0 -1","-1: 15, 0: 10, +1: 5",1.0240795005403,0.963334692148689,0.989256612053331,37.2824904841982
169,15,10,5,69,0,-1,1,1,1,0.429180638609202,0.16775519457065,0.100386499031219,0.757974778187184,FALSE,0.108995860406111,0.117324803367231,-0.120956528686906,0.338948249499127,TRUE,-0.948565089206958,0.144612186623446,-1.2319997667145,-0.665130411699419,TRUE,1.01046627594626,0.959275930605301,0.988540618520763,0,0,67341.9389537699,67316.9614315325,"0 -1","-1: 15, 0: 10, +1: 5",1.0105096699494,0.958521352798592,0.988501681755912,24.9775222374592
170,15,10,5,70,0,-1,1,1,1,0.340225700365374,0.179662719340635,-0.0119067589067988,0.692358159637546,TRUE,0.0352829179778262,0.146811223103555,-0.252461791831416,0.323027627787069,TRUE,-0.8842411930486,0.179690573937713,-1.23642824632785,-0.532054139769352,TRUE,1.01196820585023,0.97865595138683,1.03012301082295,0,0,67344.2154342163,67328.5606774839,"0 -1","-1: 15, 0: 10, +1: 5",1.01193940145326,0.978987059974276,1.03058323463658,15.654756732416
171,15,10,5,71,0,-1,1,1,1,0.371949220969171,0.180463657064558,0.01824695260425,0.725651489334091,FALSE,-0.0201668999030901,0.112607815050872,-0.240874161780547,0.200540361974367,TRUE,-1.17279978307991,0.137687414625391,-1.44266215687011,-0.902937409289711,TRUE,1.01616128563762,0.979796575378342,1.02524750423774,0,0,67336.5033241482,67293.8126428191,"0 -1","-1: 15, 0: 10, +1: 5",1.01702758074845,0.980188204894473,1.02528817328095,42.6906813290989
172,15,10,5,72,0,-1,1,1,1,0.521834454492212,0.164515345043972,0.199390303301846,0.844278605682577,FALSE,0.180124613900913,0.111844092608005,-0.0390857794943387,0.399335007296164,TRUE,-1.01749949546156,0.137898779008098,-1.28777613582948,-0.747222855093639,TRUE,1.00320282738417,1.0147726205324,0.965398678342574,0,0,67331.4498582536,67297.9398056717,"0 -1","-1: 15, 0: 10, +1: 5",1.00319839652283,1.01621559808311,0.96612048921658,33.510052581958
173,15,10,5,73,0,-1,1,1,1,0.551938696972688,0.169241619715159,0.220231217645753,0.883646176299624,FALSE,0.240816250183419,0.108462819424682,0.0282330304493719,0.453399469917467,FALSE,-0.969732753155161,0.134569508838721,-1.2334841438963,-0.705981362414023,TRUE,0.988869868143426,1.03505024411138,1.02084690588155,0,0,67329.4157769901,67300.4068497485,"0 -1","-1: 15, 0: 10, +1: 5",0.989102681709288,1.03264132471034,1.0217156529414,29.0089272415789
174,15,10,5,74,0,-1,1,1,1,0.499058935508523,0.16720935437582,0.171334623053721,0.826783247963325,FALSE,0.159135644478778,0.113500261803525,-0.0633207808919974,0.381592069849553,TRUE,-0.992947136656526,0.140349054040132,-1.26802622783945,-0.717868045473602,TRUE,0.993611125922188,1.00404223149394,0.950542027095223,0,0,67337.422744667,67308.5550155755,"0 -1","-1: 15, 0: 10, +1: 5",0.993459308878752,1.00453400594018,0.951513802230018,28.8677290914929
175,15,10,5,75,0,-1,1,1,1,0.166939241157912,0.166672303993339,-0.159732471889343,0.493610954205167,TRUE,-0.150967397302789,0.111118301708588,-0.368755266674878,0.0668204720692991,TRUE,-0.992285939430647,0.137194358343001,-1.26118194066501,-0.723389938196284,TRUE,1.01653294341502,0.958434462794982,0.983379282218032,0,0,67356.0531637734,67326.0731260091,"0 -1","-1: 15, 0: 10, +1: 5",1.01601513418454,0.959706177045273,0.984358053110309,29.9800377642387
176,15,10,5,76,0,-1,1,1,1,0.261413758618593,0.156484908730499,-0.0452910266172222,0.568118543854408,TRUE,-0.0865206690378146,0.112812846676411,-0.307629785517019,0.134588447441389,TRUE,-1.027299191469,0.13896879781585,-1.2996730301629,-0.754925352775108,TRUE,0.984623890808433,1.02158271260477,0.981131151534674,0,0,67357.748577008,67319.2029070906,"0 -1","-1: 15, 0: 10, +1: 5",0.986646528460504,1.02039675451716,0.98051194230624,38.545669917381
177,15,10,5,77,0,-1,1,1,1,0.257059622770759,0.1560843094026,-0.048860002210143,0.562979247751661,TRUE,-0.0523032410691101,0.116107625542314,-0.279870005462508,0.175263523324288,TRUE,-0.855319059207832,0.139585633290047,-1.12890187321554,-0.581736245200125,TRUE,1.00746000583959,0.948113006929219,0.989919227019451,0,0,67360.3305832851,67337.7295365463,"0 -1","-1: 15, 0: 10, +1: 5",1.00736129362977,0.948490458285004,0.989722484095759,22.601046738826
178,15,10,5,78,0,-1,1,1,1,0.388660504983376,0.124556578228325,0.144534097618313,0.632786912348439,FALSE,0.145412658609532,0.113925422264985,-0.0778770659533551,0.36870238317242,TRUE,-0.677862983947489,0.137506802841374,-0.947371365145831,-0.408354602749146,FALSE,0.996976266712551,0.995364004063323,1.02207551699878,0,0,67362.771309515,67343.0187475495,"0 -1","-1: 15, 0: 10, +1: 5",0.997571922553617,0.996479620709355,1.02399508095159,19.7525619655789
179,15,10,5,79,0,-1,1,1,1,0.351269427022396,0.141108259572592,0.0747023203389863,0.627836533705806,FALSE,0.120843659575214,0.119187805223258,-0.112760146058746,0.354447465209174,TRUE,-0.671598012413175,0.144692433826483,-0.955189971548526,-0.388006053277823,FALSE,0.944358285654425,1.05370788155178,0.999285625336219,0,0,67359.3885147936,67345.2934065873,"0 -1","-1: 15, 0: 10, +1: 5",0.944807142794958,1.05262749054769,0.999015189605049,14.095108206282
180,15,10,5,80,0,-1,1,1,1,0.369785118638693,0.163808515149992,0.0487263285837248,0.690843908693662,FALSE,0.0669687406241224,0.122744875317816,-0.173606794285657,0.307544275533902,TRUE,-0.885147749698971,0.149216458132408,-1.17760663353912,-0.592688865858822,TRUE,1.00766857977965,0.981881045374641,0.947934951574929,0,0,67348.3471761831,67326.0470692572,"0 -1","-1: 15, 0: 10, +1: 5",1.0078305696177,0.982570637945413,0.948224555969017,22.3001069258898
181,15,10,5,81,0,-1,1,1,1,0.449561866528106,0.157468498485677,0.140929280796578,0.758194452259633,FALSE,0.15053485565905,0.118134979868373,-0.0810054501973257,0.382075161515425,TRUE,-0.861486284453552,0.145485142659599,-1.14663192435204,-0.576340644555066,TRUE,1.0334410776316,0.988969024337321,1.01387456707865,0,0,67342.6284102012,67320.6031535921,"0 -1","-1: 15, 0: 10, +1: 5",1.03314024757401,0.98957366781303,1.01466111146088,22.0252566091076
182,15,10,5,82,0,-1,1,1,1,0.241938896337331,0.170785408673572,-0.0927943537478254,0.576672146422488,TRUE,-0.103362893952845,0.107251415359359,-0.313571805348135,0.106846017442444,TRUE,-1.07585156299102,0.132095436254379,-1.3347538605717,-0.816949265410327,TRUE,0.990220755094956,1.04362322201219,1.02807449697383,0,0,67348.0293466153,67309.0509503782,"0 -1","-1: 15, 0: 10, +1: 5",0.991211354810611,1.04381584541605,1.02754250094214,38.978396237042
183,15,10,5,83,0,-1,1,1,1,0.391928579071169,0.205523340679781,-0.0108897666435583,0.794746924785896,TRUE,0.0256326638795389,0.155118259419368,-0.278393537926963,0.329658865686041,TRUE,-1.08142319162984,0.190075503825159,-1.45396433347045,-0.708882049789219,TRUE,1.01107080158884,0.981577837560588,0.998966668871211,0,0,67309.6466150624,67290.0775338761,"0 -1","-1: 15, 0: 10, +1: 5",1.01092111680452,0.982304225954902,0.999230177512872,19.5690811862733
184,15,10,5,84,0,-1,1,1,1,0.27665597943742,0.187774384815326,-0.0913750520197849,0.644687010894624,TRUE,-0.152485605902723,0.11626488271377,-0.380360588688486,0.07538937688304,TRUE,-1.2132533291556,0.142985460790619,-1.49349968261808,-0.93300697569312,TRUE,0.988208472087818,1.00128693107064,0.97776493549843,0,0,67339.4010432128,67300.4505843449,"0 -1","-1: 15, 0: 10, +1: 5",0.988681842134069,1.00200758414574,0.977461823524933,38.9504588678246
185,15,10,5,85,0,-1,1,1,1,0.379678153786371,0.198364993408543,-0.00911008908789845,0.76846639666064,TRUE,-0.0250558717569673,0.131672678407126,-0.283129579182859,0.233017835668925,TRUE,-1.16326006839986,0.162841113028631,-1.48242278513839,-0.844097351661324,TRUE,1.00125014408466,0.976703002168065,0.982748289999257,0,0,67331.4643156756,67302.703204344,"0 -1","-1: 15, 0: 10, +1: 5",1.00231470604797,0.975285752123552,0.98256865618909,28.7611113316234
186,15,10,5,86,0,-1,1,1,1,0.19322336172599,0.19225994204149,-0.183599200345089,0.570045923797069,TRUE,-0.241629438357235,0.115550352761459,-0.468103968170593,-0.0151549085438769,FALSE,-1.24386144712033,0.141561849448355,-1.52131757362399,-0.966405320616674,TRUE,0.983765603876374,1.01069673077522,1.0052922172858,0,0,67340.883023361,67299.9225557389,"0 -1","-1: 15, 0: 10, +1: 5",0.984489185461926,1.0107060229201,1.00741170411599,40.9604676221643
187,15,10,5,87,0,-1,1,1,1,0.128609578816777,0.158017718893432,-0.181099459133523,0.438318616767077,TRUE,-0.206936170754946,0.114517674654857,-0.431386688671741,0.0175143471618487,TRUE,-0.993684954756163,0.142180149257008,-1.27235292661643,-0.715016982895899,TRUE,0.972666340392468,1.02326470284592,1.01922072330131,0,0,67364.6808020788,67330.9491681331,"0 -1","-1: 15, 0: 10, +1: 5",0.9733477165147,1.02394009472032,1.02054633795289,33.7316339457175
188,15,10,5,88,0,-1,1,1,1,0.230722853902481,0.118826796541982,-0.00217338771807263,0.463619095523034,TRUE,0.0268190279449733,0.113148888852508,-0.194948719096669,0.248586774986615,TRUE,-0.590925439944304,0.138334953315911,-0.862056966246519,-0.319793913642088,FALSE,1.00979537796907,0.955648646644805,1.01134770784557,0,0,67373.38755967,67358.4677177999,"0 -1","-1: 15, 0: 10, +1: 5",1.00967340333504,0.95712501609094,1.0119175525944,14.9198418700835
189,15,10,5,89,0,-1,1,1,1,0.422596218300794,0.152122144578398,0.12444229367614,0.720750142925448,FALSE,0.118336458948633,0.111433729761087,-0.100069638046067,0.336742555943332,TRUE,-0.949309150438177,0.138201327916346,-1.22017877576982,-0.67843952510653,TRUE,0.984531487864289,1.02377212914407,0.989438223183483,0,0,67351.7789429559,67317.6513011192,"0 -1","-1: 15, 0: 10, +1: 5",0.985614966205079,1.02358714950269,0.990825648300946,34.1276418367488
190,15,10,5,90,0,-1,1,1,1,0.551017931216282,0.162615883443368,0.232296656353118,0.869739206079445,FALSE,0.234063103924876,0.11123778247956,0.0160410565448375,0.452085151304915,FALSE,-0.955467533304724,0.137222762954447,-1.22441920655452,-0.68651586005493,TRUE,1.00908111679422,1.03631932215096,1.05792699884056,0,0,67331.8197723858,67303.4321938532,"0 -1","-1: 15, 0: 10, +1: 5",1.00900633146447,1.03720106154362,1.0584184307622,28.3875785326381
191,15,10,5,91,0,-1,1,1,1,0.192814122311722,0.137695218029749,-0.0770635458699765,0.462691790493421,TRUE,-0.0444960895418318,0.110840525108708,-0.261739526782406,0.172747347698743,TRUE,-0.7635971198032,0.136879205744266,-1.03187543329441,-0.495318806311991,TRUE,0.991501339949988,1.02385947958439,0.928006750851209,0,0,67370.4406480433,67347.1073026152,"0 -1","-1: 15, 0: 10, +1: 5",0.992149994414908,1.02361236327161,0.927813151326093,23.3333454281237
192,15,10,5,92,0,-1,1,1,1,0.310188570900127,0.174498822468503,-0.0318228364827872,0.652199978283041,TRUE,-0.048745316126134,0.110440725934065,-0.265205161383361,0.167714529131093,TRUE,-1.08308702474534,0.136586176581908,-1.35079101163191,-0.815383037858774,TRUE,0.976140831253209,1.01037362334863,0.955303503578281,0,0,67346.3953212263,67310.025231216,"0 -1","-1: 15, 0: 10, +1: 5",0.97750193908705,1.00757542962282,0.956455649227591,36.370090010314
193,15,10,5,93,0,-1,1,1,1,0.322602159762942,0.177414203619937,-0.0251232896779913,0.670327609203874,TRUE,-0.0414773103526715,0.116027504440085,-0.268887040271299,0.185932419565956,TRUE,-1.05314866554294,0.142003527605487,-1.33147046532734,-0.774826865758549,TRUE,0.9956431185444,1.01522948083107,1.09457539069418,0,0,67343.8126706337,67313.7073373631,"0 -1","-1: 15, 0: 10, +1: 5",0.995590460334219,1.01520519286973,1.09486414191094,30.1053332706069
194,15,10,5,94,0,-1,1,1,1,0.35874576456178,0.163349675280102,0.038586284126467,0.678905244997093,FALSE,0.0366614331310699,0.113187430450511,-0.185181854054564,0.258504720316704,TRUE,-0.994105668939298,0.140561716398095,-1.2696015706847,-0.718609767193899,TRUE,1.03906789479288,0.943918988813109,0.979882171855401,0,0,67351.6079213736,67319.6630428723,"0 -1","-1: 15, 0: 10, +1: 5",1.04055003753767,0.942661006249878,0.980327344278778,31.9448785012501
195,15,10,5,95,0,-1,1,1,1,0.459943652933797,0.17786046005209,0.111343556957976,0.808543748909618,FALSE,0.106960882957122,0.118170595282825,-0.124649227828874,0.338570993743118,TRUE,-1.01767799570245,0.143784940701938,-1.29949130099748,-0.735864690407426,TRUE,0.994842507500498,0.986393653181461,1.00356727269183,0,0,67335.4753850803,67307.7026665029,"0 -1","-1: 15, 0: 10, +1: 5",0.99505047067928,0.986507027984133,1.00544935208206,27.7727185773838
196,15,10,5,96,0,-1,1,1,1,0.405593645296363,0.202817924729661,0.00807781740707147,0.803109473185654,FALSE,-0.0471404442119068,0.114915583665693,-0.272370849459064,0.17808996103525,TRUE,-1.33155385650073,0.141810293294701,-1.6094969239954,-1.05361078900605,FALSE,0.992549799196345,1.02154983455145,1.03688304492378,0,0,67321.5496416982,67277.3039679101,"0 -1","-1: 15, 0: 10, +1: 5",0.992771945271931,1.0227963668288,1.03667489214692,44.2456737880566
197,15,10,5,97,0,-1,1,1,1,0.359952149404155,0.184548207719816,-0.00175569113810031,0.72165998994641,TRUE,0.000985237513781485,0.110345994015102,-0.215288936594091,0.217259411621654,TRUE,-1.12384994887004,0.134948826614516,-1.38834478879043,-0.859355108949651,TRUE,1.04775048150847,0.952666934756332,1.0185767092305,0,0,67330.8292833857,67297.1263738105,"0 -1","-1: 15, 0: 10, +1: 5",1.04791815382076,0.952281783374332,1.02009584725455,33.7029095751059
198,15,10,5,98,0,-1,1,1,1,0.308733968802426,0.146724815106751,0.0211586155548952,0.596309322049956,FALSE,0.0186856784149029,0.111414384689748,-0.199682502936695,0.2370538597665,TRUE,-0.845686399874156,0.134931694352853,-1.11014766117872,-0.581225138569597,TRUE,0.996750735357909,1.01509717524372,0.957328066840537,0,0,67360.8053957931,67333.4705368985,"0 -1","-1: 15, 0: 10, +1: 5",0.996697392346985,1.01699369010418,0.958371608074366,27.3348588945519
199,15,10,5,99,0,-1,1,1,1,0.171243681657779,0.198684736229658,-0.21817124563019,0.560658608945748,TRUE,-0.201045113507858,0.129335857897996,-0.454538736897521,0.0524485098818037,TRUE,-1.16150949919147,0.159125621994558,-1.47338998731833,-0.849629011064597,TRUE,1.03714370682906,0.961050253164505,0.983714183774843,0,0,67338.6593276689,67309.4400279883,"0 -1","-1: 15, 0: 10, +1: 5",1.03709494486452,0.959970576586942,0.982722387959746,29.2192996806261
200,15,10,5,100,0,-1,1,1,1,0.387046916915215,0.1729081583854,0.0481531538466846,0.725940679983745,FALSE,0.0561342452562442,0.117779609681238,-0.174709547832167,0.286978038344656,TRUE,-0.970521553998892,0.143977409834935,-1.25271209186273,-0.688331016135057,TRUE,1.01994561974632,0.977047413144988,1.04645408188491,0,0,67343.6958130931,67318.1153673081,"0 -1","-1: 15, 0: 10, +1: 5",1.02050402006245,0.976736793683498,1.04623843054368,25.5804457849881
201,10,10,10,1,0.5,1,1,1,1,0.362290954999074,0.174111981046491,0.0210377428710323,0.703544167127116,TRUE,0.372598176241714,0.102495613814646,0.171710464591682,0.573485887891745,TRUE,0.943548615285735,0.124332687639674,0.699861025410906,1.18723620516056,TRUE,0.987432160002679,1.01970399355972,1.00619735911599,0,0,67343.3265440078,67310.2789693201,"0.5 1","-1: 10, 0: 10, +1: 10",0.988077419901703,1.01984711371714,1.00545755180592,33.0475746877491
202,10,10,10,2,0.5,1,1,1,1,0.426096775594456,0.148977893943511,0.134105468972546,0.718088082216365,TRUE,0.419388795949759,0.101272361925052,0.220898613947351,0.617878977952167,TRUE,0.857889767064854,0.125144362295627,0.612611324097193,1.10316821003252,TRUE,1.01082605327898,0.97742274947235,0.926242934067219,0,0,67351.5711400671,67317.1617873939,"0.5 1","-1: 10, 0: 10, +1: 10",1.01243415498922,0.976583283744415,0.928438133319369,34.4093526731886
203,10,10,10,3,0.5,1,1,1,1,0.418854279134537,0.191097867912857,0.044309340502945,0.793399217766129,TRUE,0.368917533174888,0.10699677194486,0.159207713700917,0.578627352648859,TRUE,1.05196120454574,0.130355062576174,0.796469976693978,1.30745243239751,TRUE,1.00364361602901,0.997280564388744,0.960819075693367,0,0,67327.138636582,67293.9417679646,"0.5 1","-1: 10, 0: 10, +1: 10",1.00397492851923,0.996527301393316,0.961864168661206,33.1968686174223
204,10,10,10,4,0.5,1,1,1,1,0.33567223317566,0.187931614667933,-0.0326669631299476,0.704011429481267,TRUE,0.349543418373596,0.106686411667334,0.140441893865807,0.558644942881385,TRUE,1.01333806531912,0.130094456320516,0.758357616342586,1.26831851429565,TRUE,0.977382432212435,1.02111613101741,1.00991495097377,0,0,67339.2943396516,67308.4228729061,"0.5 1","-1: 10, 0: 10, +1: 10",0.97715754171992,1.02151243196648,1.00871048774797,30.8714667455351
205,10,10,10,5,0.5,1,1,1,1,0.566659029627447,0.190035954278377,0.194195403474127,0.939122655780766,TRUE,0.552832973005059,0.100141285834321,0.356559659404259,0.749106286605859,TRUE,1.13380546874172,0.122978130290472,0.892772762486325,1.37483817499712,TRUE,1.03158114331226,0.985072092420437,0.976102442806644,0,0,67309.3145920548,67264.2475540934,"0.5 1","-1: 10, 0: 10, +1: 10",1.03277578796218,0.983892766062481,0.976371614358052,45.0670379614312
206,10,10,10,6,0.5,1,1,1,1,0.520112753315895,0.178249297565308,0.170750549818329,0.86947495681346,TRUE,0.526249689070468,0.104056507763419,0.322302681497154,0.730196696643781,TRUE,1.04710213866997,0.126391979690858,0.799378410541171,1.29482586679877,TRUE,0.984560188505839,1.00057760712169,0.972562867216054,0,0,67329.4738573336,67287.6886378327,"0.5 1","-1: 10, 0: 10, +1: 10",0.985179475411421,1.001224969366,0.973548419479535,41.7852195009182
207,10,10,10,7,0.5,1,1,1,1,0.551798805772609,0.194709233258,0.170175721129521,0.933421890415697,TRUE,0.54614553974455,0.125913285079162,0.299360035814268,0.792931043674832,TRUE,0.976764987885604,0.153375547586823,0.676154438506321,1.27737553726489,TRUE,1.02408504712539,0.942919605956291,1.01457720098209,0,0,67318.5048538647,67294.4170645209,"0.5 1","-1: 10, 0: 10, +1: 10",1.02529654374248,0.940978072027337,1.0149318586357,24.0877893437719
208,10,10,10,8,0.5,1,1,1,1,0.522222019853478,0.184696135889428,0.160224245426484,0.884219794280473,TRUE,0.525660684388597,0.103414137699981,0.322972699004369,0.728348669772825,TRUE,1.04999599161593,0.125340271983177,0.804333572716452,1.29565841051542,TRUE,1.00729269767484,0.988232889583347,1.06348074665823,0,0,67321.7823331415,67284.8037893075,"0.5 1","-1: 10, 0: 10, +1: 10",1.00811233362082,0.988290225861269,1.06498088306633,36.9785438339895
209,10,10,10,9,0.5,1,1,1,1,0.471662082999275,0.144515214358983,0.188417467637582,0.754906698360968,TRUE,0.465008606431855,0.103148354598024,0.262841546355161,0.667175666508549,TRUE,0.792721184844533,0.125325348118019,0.547088016183271,1.0383543535058,TRUE,1.01363424802483,0.96694292632358,0.974738428827368,0,0,67350.6707237349,67320.5495325756,"0.5 1","-1: 10, 0: 10, +1: 10",1.01518818261029,0.965580895600656,0.975874039468983,30.1211911593564
210,10,10,10,10,0.5,1,1,1,1,0.504813081042281,0.169419602286618,0.17275676228541,0.836869399799151,TRUE,0.511263820341555,0.115849686956437,0.284202606286699,0.738325034396411,TRUE,0.829618515188263,0.142217005448441,0.550878306520183,1.10835872385634,TRUE,0.97892303334989,1.00960861752947,0.972540017763167,0,0,67333.1167109443,67312.6137598084,"0.5 1","-1: 10, 0: 10, +1: 10",0.979383534030349,1.0087948016633,0.972421326896327,20.502951135888
211,10,10,10,11,0.5,1,1,1,1,0.553109024279916,0.17095275258942,0.218047786146665,0.888170262413166,TRUE,0.550417533612344,0.105181079355301,0.344266406220905,0.756568661003783,TRUE,1.02471316218807,0.130332426463138,0.769266300302603,1.28016002407353,TRUE,0.990470766474078,1.01663635148083,1.01908231479799,0,0,67331.7571196073,67290.986428902,"0.5 1","-1: 10, 0: 10, +1: 10",0.991877187809818,1.01560951726577,1.0194305772149,40.7706907053507
212,10,10,10,12,0.5,1,1,1,1,0.774537326866164,0.177023606302421,0.427577434100021,1.12149721963231,TRUE,0.769758268641677,0.105066686601185,0.563831346928398,0.975685190354956,FALSE,1.06341611745099,0.1334043733248,0.801948350354243,1.32488388454773,TRUE,1.0039484448988,0.976429220128055,1.00436695269201,0,0,67300.7500238103,67260.5410765634,"0.5 1","-1: 10, 0: 10, +1: 10",1.0054154802548,0.976475101937215,1.00571267888397,40.2089472468797
213,10,10,10,13,0.5,1,1,1,1,0.509637988993259,0.167351085311564,0.181635889008903,0.837640088977614,TRUE,0.512987530633392,0.105743160966926,0.305734743526794,0.720240317739989,TRUE,1.02854906853852,0.130108313685534,0.773541459625637,1.28355667745141,TRUE,0.99424653041349,0.974919624406346,0.946621066584481,0,0,67340.2881345931,67296.8496083659,"0.5 1","-1: 10, 0: 10, +1: 10",0.995057986505549,0.976336807063932,0.947645565492539,43.4385262272117
214,10,10,10,14,0.5,1,1,1,1,0.415307999442003,0.196752425234929,0.0296803321106319,0.800935666773375,TRUE,0.409993804553694,0.11933823669667,0.176095158649705,0.643892450457684,TRUE,1.05902703628052,0.147812827571919,0.769319217786525,1.34873485477451,TRUE,0.955786098153538,1.05548048302156,1.01998470991734,0,0,67325.3811844408,67296.2824103603,"0.5 1","-1: 10, 0: 10, +1: 10",0.956474217238139,1.05482819002252,1.02090596719136,29.0987740805431
215,10,10,10,15,0.5,1,1,1,1,0.618341030368218,0.165823365699938,0.293333205801125,0.94334885493531,TRUE,0.615567226423469,0.102764576857451,0.414152356896367,0.81698209595057,TRUE,0.910172529214414,0.124556824046777,0.666045640054038,1.15429941837479,TRUE,1.02233943824441,0.967705971235296,0.955729334572242,0,0,67322.2292470908,67287.4474038766,"0.5 1","-1: 10, 0: 10, +1: 10",1.02317542084131,0.968209724775011,0.957271902153535,34.7818432142085
216,10,10,10,16,0.5,1,1,1,1,0.522827625005816,0.148932049213536,0.23092617240354,0.814729077608093,TRUE,0.506672419591329,0.102565097274989,0.305648522861504,0.707696316321154,TRUE,0.752908480662177,0.126820308364518,0.504345243759459,1.0014717175649,TRUE,0.991990603001836,1.03109256092603,1.03216955259176,0,0,67343.4531434762,67320.9586690377,"0.5 1","-1: 10, 0: 10, +1: 10",0.992669556099914,1.02897615696897,1.03174027145467,22.4944744385721
217,10,10,10,17,0.5,1,1,1,1,0.621309616161891,0.176467414332436,0.27543983962541,0.967179392698371,TRUE,0.636143269307155,0.103700375969382,0.432894267223903,0.839392271390408,TRUE,1.04263273357291,0.12768456323559,0.792375588249428,1.2928898788964,TRUE,1.00503081259727,1.03098285037038,0.991150182626595,0,0,67318.9718770884,67277.7553847592,"0.5 1","-1: 10, 0: 10, +1: 10",1.00555792667705,1.0310047684798,0.991939935425843,41.2164923292148
218,10,10,10,18,0.5,1,1,1,1,0.400010248049385,0.195457692308028,0.0169202106243392,0.78310028547443,TRUE,0.397743114467175,0.104491850772776,0.1929428502746,0.602543378659749,TRUE,1.15088322994995,0.130146435092117,0.89580090445312,1.40596555544678,TRUE,1.00334244265226,0.963748517621501,1.036541866339,0,0,67328.5330189415,67286.989087065,"0.5 1","-1: 10, 0: 10, +1: 10",1.00341811574191,0.963467251930424,1.03704818370759,41.543931876542
219,10,10,10,19,0.5,1,1,1,1,0.47974464020573,0.186330796626601,0.114542989606935,0.844946290804526,TRUE,0.465847294999444,0.126827215287132,0.217270520777158,0.71442406922173,TRUE,0.923750727376306,0.155803956785153,0.618380583428571,1.22912087132404,TRUE,0.973877593768368,1.02267511096184,0.981427856662961,0,0,67324.5792740569,67302.960915014,"0.5 1","-1: 10, 0: 10, +1: 10",0.97370008616563,1.02292120780403,0.982172731601305,21.6183590429282
220,10,10,10,20,0.5,1,1,1,1,0.526822337719567,0.190808124995491,0.152845284770788,0.900799390668346,TRUE,0.526061467487866,0.121753407988852,0.287429172834705,0.764693762141027,TRUE,0.943683965964809,0.147870238420002,0.653863624276254,1.23350430765336,TRUE,0.982994464287355,1.01801865167524,0.964959881385701,0,0,67325.8866090248,67302.0449531108,"0.5 1","-1: 10, 0: 10, +1: 10",0.98287954099674,1.01763216892074,0.966644444919725,23.8416559140605
221,10,10,10,21,0.5,1,1,1,1,0.379153559888368,0.169446136636443,0.047045234761487,0.711261885015248,TRUE,0.400947539534045,0.107915020368149,0.189437986221567,0.612457092846523,TRUE,0.87829580707599,0.132414257943781,0.618768630466582,1.1378229836854,TRUE,0.958001935762988,1.04736595408166,0.987848568765256,0,0,67347.4654309481,67322.2554200204,"0.5 1","-1: 10, 0: 10, +1: 10",0.958018787861397,1.04804801990464,0.988243367389784,25.2100109277671
222,10,10,10,22,0.5,1,1,1,1,0.54373687777234,0.187696893921599,0.175857725675971,0.911616029868709,TRUE,0.536458889905549,0.113954509300652,0.313112155800336,0.759805624010763,TRUE,1.0042730436781,0.13856588883107,0.732688892083421,1.27585719527278,TRUE,0.976403987984363,1.04979970524233,0.950711094900572,0,0,67313.4694061618,67285.1180274117,"0.5 1","-1: 10, 0: 10, +1: 10",0.976807167882546,1.04877604509984,0.952371856626703,28.3513787501288
223,10,10,10,23,0.5,1,1,1,1,0.540924370019036,0.165226158076769,0.217087050884647,0.864761689153426,TRUE,0.549237358406415,0.103786874006751,0.345818823285188,0.752655893527643,TRUE,0.917421335293357,0.127759423293799,0.667017466951905,1.16782520363481,TRUE,0.982990484433092,1.00480209692727,1.03965833786349,0,0,67334.8065422359,67302.2061048626,"0.5 1","-1: 10, 0: 10, +1: 10",0.983767539042744,1.00441603991901,1.04138496841881,32.6004373733304
224,10,10,10,24,0.5,1,1,1,1,0.478142281199042,0.18682318828429,0.111975560684889,0.844309001713195,TRUE,0.473592782012739,0.118306950848384,0.241715419229156,0.705470144796322,TRUE,0.96581827048346,0.143999405059665,0.683584622771322,1.2480519181956,TRUE,1.01989622225395,0.965163863508537,0.967696497144618,0,0,67322.5543705768,67296.4823376297,"0.5 1","-1: 10, 0: 10, +1: 10",1.02024598250709,0.965255629865635,0.968712482559463,26.0720329471224
225,10,10,10,25,0.5,1,1,1,1,0.529855600931435,0.187080654965156,0.163184254995565,0.896526946867304,TRUE,0.541455291317174,0.103495667613963,0.338607510237878,0.744303072396469,TRUE,1.04111119461516,0.128769665512345,0.788727287909689,1.29349510132062,TRUE,1.02380494958825,0.968478945803982,0.985124694623244,0,0,67323.6099392831,67289.7651579621,"0.5 1","-1: 10, 0: 10, +1: 10",1.02532213318541,0.964920475566732,0.983912668811517,33.8447813209787
226,10,10,10,26,0.5,1,1,1,1,0.355391804498745,0.16083804919358,0.040155020735647,0.670628588261843,TRUE,0.368182797240445,0.101476505847468,0.169292500502439,0.567073093978451,TRUE,0.842428314148779,0.124939741729487,0.597550920121248,1.08730570817631,TRUE,1.03721038272231,0.971428295911776,0.990586116558369,0,0,67349.2923812501,67322.7926542206,"0.5 1","-1: 10, 0: 10, +1: 10",1.03784518075187,0.971819047014477,0.990381024871385,26.4997270294843
227,10,10,10,27,0.5,1,1,1,1,0.526723873944942,0.192934542002413,0.148579120246482,0.904868627643401,TRUE,0.513118217798162,0.114175436106293,0.289338475110673,0.73689796048565,TRUE,1.04550550837152,0.14008616285432,0.770941674444645,1.3200693422984,TRUE,0.999892204898764,1.02577802043457,0.989609248743948,0,0,67314.7730806759,67284.7717516898,"0.5 1","-1: 10, 0: 10, +1: 10",1.00013984513698,1.0250155415766,0.988442755179452,30.001328986109
228,10,10,10,28,0.5,1,1,1,1,0.441996480174281,0.175055287487716,0.0988944213950534,0.785098538953509,TRUE,0.437420250250788,0.108965181757067,0.223852418438076,0.6509880820635,TRUE,0.957819432762198,0.136685023151038,0.689921710160139,1.22571715536426,TRUE,0.992818374789118,0.963706657424267,1.00014267861938,0,0,67335.9640509002,67307.9981920454,"0.5 1","-1: 10, 0: 10, +1: 10",0.992894211940834,0.963590566734213,1.00069225487137,27.9658588548336
229,10,10,10,29,0.5,1,1,1,1,0.501660059687785,0.173952451873096,0.16071951899408,0.84260060038149,TRUE,0.503442820639285,0.102185617012446,0.303162691556887,0.703722949721682,TRUE,0.988841746457113,0.126789461557278,0.740338968185623,1.2373445247286,TRUE,0.992545710321452,1.00414181137479,1.00702657672899,0,0,67331.6937957485,67296.426898643,"0.5 1","-1: 10, 0: 10, +1: 10",0.99304201256207,1.00487952291388,1.00762376165284,35.2668971054809
230,10,10,10,30,0.5,1,1,1,1,0.258761860706669,0.218580083545034,-0.169647230779353,0.687170952192691,TRUE,0.259353255951438,0.103462026388903,0.0565714104616548,0.462135101441221,FALSE,1.27608288606525,0.127848714072171,1.02550401101403,1.52666176111646,FALSE,1.00158658966373,1.03221599606904,0.988309772706252,0,0,67317.1735431746,67273.6336745513,"0.5 1","-1: 10, 0: 10, +1: 10",1.00198589657756,1.03193363264965,0.986935203709019,43.5398686233239
231,10,10,10,31,0.5,1,1,1,1,0.310801437796496,0.19454762409794,-0.0705048987133021,0.692107774306295,TRUE,0.331279977438888,0.105076735893997,0.125333359473627,0.537226595404149,TRUE,1.08610625416437,0.131114060349143,0.82912741801324,1.3430850903155,TRUE,1.04717504306741,0.953279340450513,1.01048325678182,0,0,67339.1598826265,67304.3554995039,"0.5 1","-1: 10, 0: 10, +1: 10",1.04681745625736,0.953702668259363,1.01027878175452,34.804383122595
232,10,10,10,32,0.5,1,1,1,1,0.566542970949932,0.191805757697227,0.190610593835951,0.942475348063914,TRUE,0.565048496980962,0.105176530391955,0.358906285393849,0.771190708568076,TRUE,1.05728453207988,0.128076517541899,0.80625917043245,1.30830989372732,TRUE,1.03539183392049,0.968953674046752,0.954212427798717,0,0,67314.1566865235,67281.2850865591,"0.5 1","-1: 10, 0: 10, +1: 10",1.03592334611978,0.967290965040351,0.953936226273672,32.87159996439
233,10,10,10,33,0.5,1,1,1,1,0.572698073052479,0.183534672821449,0.212976724408096,0.932419421696862,TRUE,0.576977340148461,0.107666962710335,0.365953970911388,0.788000709385534,TRUE,1.00473737791353,0.133038796499724,0.743986128227513,1.26548862759954,TRUE,0.973767562664543,1.0330979744368,1.03255642172438,0,0,67318.5861894242,67287.9685585002,"0.5 1","-1: 10, 0: 10, +1: 10",0.973480704538875,1.03377175648404,1.0329501849792,30.6176309240545
234,10,10,10,34,0.5,1,1,1,1,0.644127109852416,0.15039005034759,0.349368027537974,0.938886192166857,TRUE,0.657640745784167,0.101333414868871,0.459030902210725,0.856250589357609,TRUE,0.850823753720358,0.125930863193119,0.604003797319805,1.09764371012091,TRUE,0.989338050399641,0.983125845456103,1.02081667056055,0,0,67326.6818988964,67294.9920728366,"0.5 1","-1: 10, 0: 10, +1: 10",0.989385473216943,0.985707849920106,1.02174222734044,31.6898260598682
235,10,10,10,35,0.5,1,1,1,1,0.47097060846245,0.163511140587012,0.150494661840842,0.791446555084058,TRUE,0.482767597616467,0.101622029664236,0.283592079438702,0.681943115794231,TRUE,0.845725542862214,0.12330940345009,0.604043553144919,1.08740753257951,TRUE,0.998028785347859,0.989945672447469,0.997950140393739,0,0,67343.0901258116,67314.7579296371,"0.5 1","-1: 10, 0: 10, +1: 10",0.998508718430318,0.988621963791308,0.996763964554178,28.3321961745678
236,10,10,10,36,0.5,1,1,1,1,0.427940971606117,0.173158631989593,0.0885562892942889,0.767325653917945,TRUE,0.422435721511871,0.129661296097496,0.168304250971995,0.676567192051747,TRUE,0.76480118352086,0.160011714234334,0.451183986517049,1.07841838052467,TRUE,1.0161334595327,0.946459663115748,0.970952915938708,0,0,67339.7302036423,67324.7076334694,"0.5 1","-1: 10, 0: 10, +1: 10",1.01619827109435,0.946126031970593,0.9714148386555,15.0225701729505
237,10,10,10,37,0.5,1,1,1,1,0.577607889387729,0.18220183265785,0.22049885946115,0.934716919314308,TRUE,0.584139156900119,0.118968818837013,0.350964556696304,0.817313757103934,TRUE,0.935692766112198,0.1464154025683,0.648723850296397,1.222661681928,TRUE,1.01694418690114,1.02181255792364,0.984183383190303,0,0,67317.7368294564,67292.7820373338,"0.5 1","-1: 10, 0: 10, +1: 10",1.01690585078607,1.02185374927924,0.985489480603712,24.9547921226185
238,10,10,10,38,0.5,1,1,1,1,0.615466755914386,0.143118514352983,0.334959622261662,0.895973889567111,TRUE,0.595924468917734,0.102621347525929,0.394790323721945,0.797058614113523,TRUE,0.704354661837512,0.124167855746979,0.460990136535868,0.947719187139156,FALSE,0.979555874479657,1.01564258264973,1.00577816373801,0,0,67335.1753756616,67312.9953661806,"0.5 1","-1: 10, 0: 10, +1: 10",0.979141277361293,1.0172929002349,1.00669683639926,22.1800094810169
239,10,10,10,39,0.5,1,1,1,1,0.553969162215314,0.173692716443325,0.213537693609469,0.89440063082116,TRUE,0.546841989531169,0.103845935966736,0.343307695095514,0.750376283966824,TRUE,0.992878973910925,0.126023629133465,0.745877199608301,1.23988074821355,TRUE,0.973136047459953,1.02195473018399,1.00129278141817,0,0,67325.7858164853,67288.7760077386,"0.5 1","-1: 10, 0: 10, +1: 10",0.973498456372653,1.02239537230813,1.001471391859,37.0098087466904
240,10,10,10,40,0.5,1,1,1,1,0.521352778583192,0.152062577983339,0.223315602339534,0.819389954826849,TRUE,0.51855681702066,0.10464979671766,0.31344698446461,0.723666649576711,TRUE,0.777662804948078,0.129452974025417,0.523939638166663,1.03138597172949,TRUE,0.986287997210936,0.997152981460234,1.05411589207998,0,0,67344.5939606976,67320.3262692008,"0.5 1","-1: 10, 0: 10, +1: 10",0.986545438176917,0.997624413992957,1.05349890795721,24.2676914967305
241,10,10,10,41,0.5,1,1,1,1,0.334552558660665,0.172888435081948,-0.00430254744344516,0.673407664764774,TRUE,0.332166716846391,0.1019277922588,0.132391914995463,0.53194151869732,TRUE,0.944691920728958,0.126721495451707,0.696322353576557,1.19306148788136,TRUE,1.02601354751463,0.977937357130334,1.03560579133976,0,0,67343.6490689861,67314.304088862,"0.5 1","-1: 10, 0: 10, +1: 10",1.02602742950853,0.977906193207347,1.03567416627989,29.3449801240931
242,10,10,10,42,0.5,1,1,1,1,0.454162285590194,0.188792115645006,0.0841365383608624,0.824188032819526,TRUE,0.458637978145505,0.116628925907205,0.230049483811792,0.687226472479218,TRUE,1.00565695908386,0.143212023553987,0.724966550764944,1.28634736740278,TRUE,0.987730855445568,1.00824730325876,1.00566259030792,0,0,67326.6363433876,67299.1316726597,"0.5 1","-1: 10, 0: 10, +1: 10",0.987263658599148,1.01002190840793,1.00551308630954,27.5046707278962
243,10,10,10,43,0.5,1,1,1,1,0.550603830087428,0.169055401655818,0.219261331450072,0.881946328724784,TRUE,0.556810075685185,0.102392926449837,0.356123627571845,0.757496523798525,TRUE,0.93134446157654,0.126378966871851,0.68364623810433,1.17904268504875,TRUE,1.01663692400852,0.976401518882104,1.02574141430588,0,0,67330.1023251219,67299.4658900228,"0.5 1","-1: 10, 0: 10, +1: 10",1.01640375581905,0.977963068468228,1.02703689942518,30.6364350991207
244,10,10,10,44,0.5,1,1,1,1,0.463913832646375,0.185063272873406,0.101196482953391,0.82663118233936,TRUE,0.478242464381021,0.10297854274141,0.276408229427439,0.680076699334603,TRUE,1.02296394348193,0.125659894196928,0.776675076554841,1.26925281040903,TRUE,1.07015223159591,0.925305356603958,0.977603177130089,0,0,67326.6133774687,67292.5066393052,"0.5 1","-1: 10, 0: 10, +1: 10",1.07067617075385,0.925047302120097,0.977453713839656,34.1067381634784
245,10,10,10,45,0.5,1,1,1,1,0.472905556195805,0.154242986460261,0.170594857865795,0.775216254525816,TRUE,0.464095716922074,0.102734880827542,0.262739050544077,0.665452383300071,TRUE,0.8710046266743,0.12635786281834,0.623347766386901,1.1186614869617,TRUE,0.99368186810879,1.01550466302981,1.01873666600061,0,0,67344.7785881625,67312.3154548813,"0.5 1","-1: 10, 0: 10, +1: 10",0.995606595146426,1.01292484382515,1.01939831811665,32.4631332812278
246,10,10,10,46,0.5,1,1,1,1,0.414822915879409,0.152748175816165,0.115441992575534,0.714203839183284,TRUE,0.399657710762979,0.0986880072692362,0.206232770809249,0.593082650716709,TRUE,0.811314571123724,0.121743365869071,0.572701958663662,1.04992718358378,TRUE,1.01880788490109,1.01236552101196,0.95046296913532,0,0,67344.9596339943,67317.5331063258,"0.5 1","-1: 10, 0: 10, +1: 10",1.01852846827521,1.01372619162376,0.950513996814818,27.4265276685619
247,10,10,10,47,0.5,1,1,1,1,0.587144126043797,0.198573871558481,0.197946489518491,0.976341762569102,TRUE,0.600551654014255,0.124848835808175,0.355852432318477,0.845250875710032,TRUE,1.03185376299919,0.153568072641323,0.730865871446967,1.33284165455142,TRUE,0.999796637233414,1.00977502600264,1.01199153496443,0,0,67310.2092555531,67284.4823050077,"0.5 1","-1: 10, 0: 10, +1: 10",1.00022863968265,1.00902505791873,1.0106777736383,25.726950545446
248,10,10,10,48,0.5,1,1,1,1,0.440354523629687,0.17851903508085,0.0904636443163794,0.790245402942994,TRUE,0.441539854313358,0.102204578686225,0.241222561033268,0.641857147593449,TRUE,1.0573918220352,0.124394638723348,0.813582810267565,1.30120083380283,TRUE,0.97921307721201,1.02912637775815,0.99570121581916,0,0,67336.7352658305,67292.4106916023,"0.5 1","-1: 10, 0: 10, +1: 10",0.979927945182195,1.02964720667709,0.99738344816786,44.324574228187
249,10,10,10,49,0.5,1,1,1,1,0.569090864257963,0.186720656090413,0.203125103151065,0.935056625364862,TRUE,0.581146630333686,0.101252203573238,0.382695957974823,0.77959730269255,TRUE,1.08146610360641,0.123972824838406,0.838483831861442,1.32444837535138,TRUE,1.01232559813824,0.995976359249805,0.960994008944753,0,0,67317.7691009243,67275.0388132369,"0.5 1","-1: 10, 0: 10, +1: 10",1.01373905651274,0.994582979631574,0.961542018371626,42.730287687431
250,10,10,10,50,0.5,1,1,1,1,0.51952931907558,0.208385893605198,0.111100472723196,0.927958165427964,TRUE,0.543219578058334,0.11600725582822,0.315849534689698,0.77058962142697,TRUE,1.15568410640483,0.143956544954736,0.873534462954723,1.43783374985493,TRUE,1.00455273698591,1.0159432013748,1.0538815069029,0,0,67309.5915468474,67276.3751068427,"0.5 1","-1: 10, 0: 10, +1: 10",1.00473780527016,1.0148929422055,1.05393928741389,33.2164400046167
251,10,10,10,51,0.5,1,1,1,1,0.447988976877885,0.184622214699392,0.0861360853210561,0.809841868434714,TRUE,0.449534370888469,0.103321155905253,0.247028626473126,0.652040115303812,TRUE,1.07397964749252,0.127484423059988,0.824114769705073,1.32384452527996,TRUE,0.970595601373804,1.057635051951,1.03342758772166,0,0,67330.335688973,67290.1389651599,"0.5 1","-1: 10, 0: 10, +1: 10",0.971166009229985,1.05906746150506,1.0357706500828,40.1967238130746
252,10,10,10,52,0.5,1,1,1,1,0.334509584347517,0.203907234325965,-0.0651412511185442,0.734160419813579,TRUE,0.305294375007981,0.121443281392395,0.0672699173145246,0.543318832701438,TRUE,1.06264794582705,0.148117958438627,0.772342081823736,1.35295380983035,TRUE,0.999904368847312,1.01153143421962,0.972180046146323,0,0,67330.4001289983,67301.901967778,"0.5 1","-1: 10, 0: 10, +1: 10",1.00018447334765,1.01096829296391,0.972182543998844,28.4981612202391
253,10,10,10,53,0.5,1,1,1,1,0.410119601308286,0.198001207496324,0.0220443657200479,0.798194836896523,TRUE,0.418978932967291,0.128377653565181,0.167363355559775,0.670594510374806,TRUE,1.01506302208047,0.157618134947334,0.706137154273316,1.32398888988761,TRUE,0.98691541852279,0.993997511857561,1.04684108187127,0,0,67321.2323704377,67297.0001328272,"0.5 1","-1: 10, 0: 10, +1: 10",0.987260628242816,0.992945796797859,1.04735470010793,24.232237610544
254,10,10,10,54,0.5,1,1,1,1,0.699375079735134,0.16401986054336,0.377902060320865,1.0208480991494,TRUE,0.705179223651557,0.103238322738096,0.502835829260566,0.907522618042548,FALSE,0.97812603368783,0.127194312774185,0.728829761612104,1.22742230576356,TRUE,0.998611908606734,1.00020143634419,0.981853321206374,0,0,67317.5624847451,67278.1381878222,"0.5 1","-1: 10, 0: 10, +1: 10",0.999075666461178,1.00208139127601,0.982281698863807,39.4242969228508
255,10,10,10,55,0.5,1,1,1,1,0.398261979563618,0.168357796178616,0.068286762536995,0.72823719659024,TRUE,0.416866795185055,0.102389201913575,0.216187647028649,0.61754594334146,TRUE,0.995040485846118,0.125727608582825,0.748618901161432,1.2414620705308,TRUE,0.983605420136444,1.00692123132701,0.986034336307655,0,0,67347.8325908522,67306.9556696339,"0.5 1","-1: 10, 0: 10, +1: 10",0.986032347696501,1.00337860472659,0.987911014541317,40.8769212183106
256,10,10,10,56,0.5,1,1,1,1,0.403525955445278,0.176644445087899,0.0573092050039338,0.749742705886623,TRUE,0.406971478121136,0.111325473177644,0.188777560131074,0.625165396111198,TRUE,0.923518814920161,0.136915751497133,0.655168873069544,1.19186875677078,TRUE,1.00736245247285,1.0041188931948,0.95618379262681,0,0,67336.3803001084,67310.8565906658,"0.5 1","-1: 10, 0: 10, +1: 10",1.00783307411637,1.00170862572595,0.955206805937929,25.5237094426557
257,10,10,10,57,0.5,1,1,1,1,0.533026515398925,0.171613247170365,0.196670731675041,0.86938229912281,TRUE,0.539543824168829,0.118221577086792,0.30783379088319,0.771253857454468,TRUE,0.808537191029822,0.144978215413216,0.524385110277028,1.09268927178262,TRUE,0.997714220233695,0.986351044317677,0.970362209041126,0,0,67333.8779996647,67315.1079039692,"0.5 1","-1: 10, 0: 10, +1: 10",0.997351221570445,0.988155285761905,0.971115498837332,18.7700956955814
258,10,10,10,58,0.5,1,1,1,1,0.58951753851465,0.177953741680765,0.240734613906205,0.938300463123094,TRUE,0.590024094798006,0.10410026964193,0.385991315518915,0.794056874077096,TRUE,1.00271955496425,0.129416373340818,0.749068124206456,1.25637098572204,TRUE,0.995051041200821,0.981679172583515,1.05227214503328,0,0,67318.5094972074,67285.1806018164,"0.5 1","-1: 10, 0: 10, +1: 10",0.995757644224791,0.980736594811319,1.05225329830773,33.3288953910524
259,10,10,10,59,0.5,1,1,1,1,0.538517134929906,0.177433688782374,0.190753495272365,0.886280774587448,TRUE,0.53519745440292,0.103341771897134,0.332651303385984,0.737743605419855,TRUE,0.974058999966911,0.12898876771259,0.721245660840032,1.22687233909379,TRUE,0.9901937935001,1.01598221056144,0.98380962014557,0,0,67329.8643987697,67298.7459083243,"0.5 1","-1: 10, 0: 10, +1: 10",0.990379897542814,1.01776361974025,0.985482366976521,31.118490445413
260,10,10,10,60,0.5,1,1,1,1,0.662467840799006,0.217852634993118,0.235484522275343,1.08945115932267,TRUE,0.673070757074574,0.116239711858019,0.445245108259543,0.900896405889605,TRUE,1.21839300514649,0.142370229485645,0.939352482883924,1.49743352740906,TRUE,0.981293137834721,1.03045200866278,0.955441120345575,0,0,67280.7679842788,67246.1064990028,"0.5 1","-1: 10, 0: 10, +1: 10",0.981192234307388,1.02989883520894,0.954670202500664,34.6614852759667
261,10,10,10,61,0.5,1,1,1,1,0.444426812140264,0.153246247082047,0.144069687093525,0.744783937187002,TRUE,0.432268738516315,0.102971742562353,0.230447831668772,0.634089645363857,TRUE,0.845221878683391,0.126799328025675,0.596699762489189,1.09374399487759,TRUE,0.976287950989796,0.978413812702682,1.01318483260731,0,0,67349.5686626724,67318.9918372791,"0.5 1","-1: 10, 0: 10, +1: 10",0.97660841428849,0.979418821930648,1.01647669977612,30.5768253932183
262,10,10,10,62,0.5,1,1,1,1,0.533435190485473,0.161590029764999,0.216724551885319,0.850145829085627,TRUE,0.547692654988744,0.0999161991004884,0.351860503279653,0.743524806697834,TRUE,0.936152203339734,0.122490071453228,0.696076074827669,1.1762283318518,TRUE,1.00679681929197,1.03236348945904,0.982245971786957,0,0,67333.1594291336,67296.2420593366,"0.5 1","-1: 10, 0: 10, +1: 10",1.00779374689878,1.03164342102162,0.984052261311656,36.9173697970109
263,10,10,10,63,0.5,1,1,1,1,0.434827634940972,0.205343415472221,0.0323619361529738,0.83729333372897,TRUE,0.441724433493615,0.139342681758644,0.168617795737446,0.714831071249784,TRUE,1.00240500462318,0.172900000598262,0.663527230523628,1.34128277872272,TRUE,0.986880107677452,0.997705698347522,0.933498625179055,0,0,67314.5211229724,67293.6368364456,"0.5 1","-1: 10, 0: 10, +1: 10",0.986488420852812,0.998058744261755,0.933755575415205,20.8842865267652
264,10,10,10,64,0.5,1,1,1,1,0.555461341708305,0.187266295155745,0.188426147684798,0.922496535731812,TRUE,0.563600214298095,0.117240282000204,0.333813484040376,0.793386944555814,TRUE,0.977897575753638,0.144578652088037,0.694528624727739,1.26126652677954,TRUE,0.968473500269318,1.04343124229262,0.966828786615224,0,0,67319.4111358178,67293.2898788549,"0.5 1","-1: 10, 0: 10, +1: 10",0.968393476560468,1.04424518083577,0.968192742303251,26.121256962957
265,10,10,10,65,0.5,1,1,1,1,0.573180859548114,0.201891024812609,0.177481722113519,0.96887999698271,TRUE,0.571034377490663,0.110273197216266,0.3549028824867,0.787165872494627,TRUE,1.11117793486435,0.134131394983339,0.848285231500893,1.37407063822782,TRUE,1.01972873078496,0.997168158291978,0.968482077786252,0,0,67303.1300127562,67270.4068252111,"0.5 1","-1: 10, 0: 10, +1: 10",1.01997131831265,0.995570917502455,0.968108340440647,32.7231875450525
266,10,10,10,66,0.5,1,1,1,1,0.394875425412622,0.174068854246031,0.0537067402602496,0.736044110564995,TRUE,0.391203910339728,0.0997348111203645,0.195727272538909,0.586680548140548,TRUE,1.0649121160102,0.122811051783309,0.82420687761143,1.30561735440897,TRUE,0.965398717099536,1.0396659033883,1.01102437142553,0,0,67334.5008705251,67288.7668137074,"0.5 1","-1: 10, 0: 10, +1: 10",0.96631857658137,1.04075878002182,1.01264475628705,45.7340568176587
267,10,10,10,67,0.5,1,1,1,1,0.660975442753375,0.175748522973079,0.316514667390029,1.00543621811672,TRUE,0.659184897118286,0.102649528512742,0.457995518203293,0.860374276033278,TRUE,1.05851597556086,0.125715290740683,0.812118533403141,1.30491341771858,TRUE,1.02577410916113,1.00097510332513,1.02526401256183,0,0,67313.651023096,67269.1188422871,"0.5 1","-1: 10, 0: 10, +1: 10",1.02677884384272,1.00123233380038,1.02691286312429,44.5321808088629
268,10,10,10,68,0.5,1,1,1,1,0.376425476968976,0.183271141397075,0.0172206404251616,0.73563031351279,TRUE,0.372935990979051,0.102692325636946,0.171662731241978,0.574209250716125,TRUE,1.06594468105666,0.129314540519066,0.812492838961946,1.31939652315138,TRUE,0.993569186570677,1.02996652742958,0.993982933970499,0,0,67336.7141107732,67298.8455068,"0.5 1","-1: 10, 0: 10, +1: 10",0.993908023391438,1.02980756723861,0.994708429784127,37.868603973242
269,10,10,10,69,0.5,1,1,1,1,0.51046800621787,0.160443306510096,0.196004903897561,0.824931108538179,TRUE,0.521418707751202,0.102657886758716,0.320212946975127,0.722624468527276,TRUE,0.898176187763556,0.125658793749153,0.65188947767447,1.14446289785264,TRUE,0.967948433642375,1.03910276473082,0.993539135441427,0,0,67338.886662223,67305.8888915742,"0.5 1","-1: 10, 0: 10, +1: 10",0.968761186720117,1.03970373783448,0.994505281676764,32.9977706487989
270,10,10,10,70,0.5,1,1,1,1,0.366703411578635,0.166650792596176,0.0400738600950748,0.693332963062195,TRUE,0.362827430159573,0.101881047187187,0.163144246965461,0.562510613353685,TRUE,0.897498285957808,0.125591931494204,0.651342623480347,1.14365394843527,TRUE,0.996323145836503,1.00887469656748,1.05538118897449,0,0,67347.0297342926,67317.5615316583,"0.5 1","-1: 10, 0: 10, +1: 10",0.99572456176291,1.00999215058386,1.05494668136661,29.4682026343216
271,10,10,10,71,0.5,1,1,1,1,0.497850091663955,0.182069364868936,0.141000693832758,0.854699489495153,TRUE,0.496916360904777,0.104516904596136,0.292066992120742,0.701765729688812,TRUE,1.09878881148609,0.128207409408868,0.847506906493531,1.35007071647865,TRUE,1.03053060547303,0.942893415646017,1.04094955403716,0,0,67327.0733942477,67283.5328769556,"0.5 1","-1: 10, 0: 10, +1: 10",1.03164101737366,0.942475432005501,1.04370072189877,43.540517292131
272,10,10,10,72,0.5,1,1,1,1,0.393740002272498,0.181015067965811,0.0389569884004387,0.748523016144557,TRUE,0.3799158680446,0.0992219819871138,0.185444356875175,0.574387379214025,TRUE,1.0936667182204,0.121442418997236,0.855643950790391,1.3316894856504,TRUE,1.00670974211802,1.02402875039825,1.00305618164249,0,0,67327.5002385188,67282.4365933663,"0.5 1","-1: 10, 0: 10, +1: 10",1.00844867510376,1.0222162336141,1.00579847595543,45.063645152477
273,10,10,10,73,0.5,1,1,1,1,0.383834654017496,0.188532915344556,0.0143169300418276,0.753352377993165,TRUE,0.384729529448845,0.101699140864688,0.185402876095391,0.5840561828023,TRUE,1.04734431120716,0.12519382401903,0.801968925043012,1.2927196973713,TRUE,1.01410087146737,0.985969112127199,0.933235569766885,0,0,67333.2373008039,67297.7274856941,"0.5 1","-1: 10, 0: 10, +1: 10",1.0142057704895,0.98595434646631,0.933789431111374,35.5098151097336
274,10,10,10,74,0.5,1,1,1,1,0.615004029789425,0.138354294237437,0.343834595977592,0.886173463601258,TRUE,0.606149137226521,0.104501498805808,0.401329963236682,0.810968311216359,TRUE,0.779926653488555,0.129587284383023,0.525940243243481,1.03391306373363,TRUE,0.994134583502449,1.00125367846485,0.999640657012585,0,0,67339.6217255759,67310.3172917926,"0.5 1","-1: 10, 0: 10, +1: 10",0.995525322867139,1.00234395978457,1.0016237440114,29.3044337832689
275,10,10,10,75,0.5,1,1,1,1,0.520564341874297,0.182097109990025,0.163660564605019,0.877468119143576,TRUE,0.51035339566128,0.105593484284356,0.303393969461845,0.717312821860714,TRUE,1.05169393993172,0.128536615288812,0.79976680327097,1.30362107659247,TRUE,1.01613049361345,0.976727158607972,1.03266850126437,0,0,67327.1369688033,67288.1450510057,"0.5 1","-1: 10, 0: 10, +1: 10",1.01629180729007,0.977636406251041,1.03393383638364,38.9919177975971
276,10,10,10,76,0.5,1,1,1,1,0.586081999348781,0.186344901863865,0.220852702992955,0.951311295704606,TRUE,0.588915789995452,0.105633379266881,0.381878171067105,0.7959534089238,TRUE,1.0395218010308,0.130855216167547,0.783050290153209,1.2959933119084,TRUE,1.00859256551663,0.98186903776255,1.02602159804803,0,0,67322.9249452191,67289.6473694597,"0.5 1","-1: 10, 0: 10, +1: 10",1.00835491877465,0.982929815209196,1.02582568196414,33.2775757594209
277,10,10,10,77,0.5,1,1,1,1,0.451553088333394,0.168734703024523,0.120839147463267,0.782267029203521,TRUE,0.453527911377891,0.103787172375264,0.250108791465123,0.656947031290659,TRUE,0.888507500869133,0.127702398114643,0.638215399825037,1.13879960191323,TRUE,1.04079315505764,0.946136744988247,0.964346227260457,0,0,67339.2854815145,67311.6807665454,"0.5 1","-1: 10, 0: 10, +1: 10",1.04017529409988,0.947311460120003,0.965903999167852,27.6047149690567
278,10,10,10,78,0.5,1,1,1,1,0.590957750846114,0.206163268336504,0.186885169971499,0.995030331720728,TRUE,0.584823833463901,0.102881746830214,0.383179315010113,0.786468351917689,TRUE,1.14514101608341,0.12370506636561,0.902683541301673,1.38759849086514,TRUE,1.03089401500291,0.972714536325872,0.972879922527811,0,0,67294.5002439024,67257.0823763898,"0.5 1","-1: 10, 0: 10, +1: 10",1.03151131183036,0.970556954605147,0.972591787034382,37.4178675125586
279,10,10,10,79,0.5,1,1,1,1,0.65803705710435,0.194325841678444,0.277165406149168,1.03890870805953,TRUE,0.651954128927209,0.103461571600428,0.449173174806457,0.85473508304796,TRUE,1.17065430803264,0.129001421005651,0.917816168907072,1.4234924471582,TRUE,1.02285451093686,0.969664942491896,1.02352605831616,0,0,67304.3550464439,67258.5404661837,"0.5 1","-1: 10, 0: 10, +1: 10",1.02322194302643,0.969769764889164,1.02526500472248,45.8145802601794
280,10,10,10,80,0.5,1,1,1,1,0.35991099177047,0.183655705929811,-4.75774072387081e-05,0.719869560948179,TRUE,0.343253851576846,0.103859882220787,0.139692222985532,0.546815480168161,TRUE,1.01963551714086,0.127432404989303,0.769872592898507,1.26939844138322,TRUE,0.991994749539506,1.016088228887,0.998351157284923,0,0,67336.2592290806,67302.5753064985,"0.5 1","-1: 10, 0: 10, +1: 10",0.991697454445647,1.01850269762457,0.997149601182835,33.6839225820295
281,10,10,10,81,0.5,1,1,1,1,0.381491221312936,0.183093635205361,0.0226342905119131,0.740348152113958,TRUE,0.369486050400932,0.102444598040573,0.168698327830727,0.570273772971137,TRUE,0.991234287578087,0.124252772854668,0.747703327803701,1.23476524735247,TRUE,0.99451084546401,0.993434367193526,0.998910092543423,0,0,67333.6881259377,67302.2001490902,"0.5 1","-1: 10, 0: 10, +1: 10",0.994722004743804,0.99232554543722,0.999055645545035,31.4879768474493
282,10,10,10,82,0.5,1,1,1,1,0.544899348024117,0.198982921930131,0.154899987502514,0.934898708545719,TRUE,0.535418425304145,0.128570995878051,0.283423903926718,0.787412946681573,TRUE,1.02326851215045,0.157973144709321,0.713646837995643,1.33289018630525,TRUE,1.00485541511705,1.00423414204114,1.03145628327904,0,0,67316.8770178922,67292.235870336,"0.5 1","-1: 10, 0: 10, +1: 10",1.00427361008822,1.00529618249732,1.03167414833059,24.6411475561617
283,10,10,10,83,0.5,1,1,1,1,0.47382758604537,0.197721451320012,0.0863006624871559,0.861354509603584,TRUE,0.464210763371052,0.103123939632935,0.262091555746617,0.666329970995487,TRUE,1.07660325209416,0.126748089344725,0.828181561869238,1.32502494231909,TRUE,1.0061748828572,0.964626379455727,0.961647486336364,0,0,67319.0801171162,67284.3326050686,"0.5 1","-1: 10, 0: 10, +1: 10",1.00603267445598,0.96555964889891,0.962555643324831,34.7475120476593
284,10,10,10,84,0.5,1,1,1,1,0.442032325271283,0.17590995100358,0.097255156782061,0.786809493760505,TRUE,0.443800742865039,0.104493604073908,0.238997042265392,0.648604443464685,TRUE,1.00621565657377,0.129724828287378,0.751959665229864,1.26047164791767,TRUE,0.979651048871206,1.03412758502999,0.949693957895725,0,0,67339.6911926259,67304.6998693051,"0.5 1","-1: 10, 0: 10, +1: 10",0.979783722185594,1.03534176460265,0.950303869639416,34.9913233207335
285,10,10,10,85,0.5,1,1,1,1,0.51494593858657,0.176047145297484,0.169899874222411,0.859992002950728,TRUE,0.522943512117763,0.10970999015766,0.307915882664506,0.73797114157102,TRUE,0.911076123114932,0.134725762314131,0.647018481189531,1.17513376504033,TRUE,1.08713227818281,0.904298858020395,0.965030962705346,0,0,67329.249414967,67303.6526260873,"0.5 1","-1: 10, 0: 10, +1: 10",1.08606164183491,0.905962388643667,0.965904177974899,25.5967888797168
286,10,10,10,86,0.5,1,1,1,1,0.394282734581576,0.187363068798149,0.0270578677043031,0.761507601458848,TRUE,0.40081444983767,0.102028055092356,0.200843136443984,0.600785763231356,TRUE,1.13313413607276,0.125772229017881,0.886625096942391,1.37964317520313,TRUE,0.987713860947244,1.04088931183432,0.969717482876213,0,0,67329.8317386894,67285.3454881436,"0.5 1","-1: 10, 0: 10, +1: 10",0.988832803122219,1.04076702764365,0.971358977685028,44.4862505457859
287,10,10,10,87,0.5,1,1,1,1,0.442080669869372,0.20159454649647,0.0469626192566056,0.837198720482139,TRUE,0.460764594555131,0.115149912258701,0.23507491370513,0.686454275405132,TRUE,1.10305042136702,0.141629669529596,0.825461369946702,1.38063947278734,TRUE,1.03480762876838,0.975521447447972,0.975546655057002,0,0,67313.668388457,67283.2245916749,"0.5 1","-1: 10, 0: 10, +1: 10",1.03437795294505,0.976502426074386,0.976608693344361,30.4437967820995
288,10,10,10,88,0.5,1,1,1,1,0.419000379238243,0.163151558919688,0.0992291997340902,0.738771558742396,TRUE,0.435872073539397,0.103083897234488,0.233831347573772,0.637912799505022,TRUE,0.878125544654763,0.127617037135707,0.628000748055066,1.12825034125446,TRUE,0.960005710698,1.05761173668015,0.937238585953422,0,0,67345.3893322017,67316.9818852871,"0.5 1","-1: 10, 0: 10, +1: 10",0.95943231510583,1.05908012953899,0.936023277085497,28.4074469145562
289,10,10,10,89,0.5,1,1,1,1,0.368830713853036,0.173922177511018,0.0279495098186588,0.709711917887413,TRUE,0.363661057931987,0.102481188686134,0.162801619014311,0.564520496849664,TRUE,0.971805975348814,0.127280573954206,0.722340634466983,1.22127131623065,TRUE,1.03714219479098,0.971921201622088,0.97623463546862,0,0,67343.690360011,67309.2265094002,"0.5 1","-1: 10, 0: 10, +1: 10",1.03760483617198,0.972020410347072,0.977612964020293,34.4638506108167
290,10,10,10,90,0.5,1,1,1,1,0.454942363486377,0.208617379656549,0.0460598128104223,0.863824914162332,TRUE,0.451367059401277,0.122612892151104,0.21105020674482,0.691683912057734,TRUE,1.14452467343204,0.151109713762449,0.848355076743487,1.4406942701206,TRUE,1.05129645196996,0.936645338345099,0.980475831827461,0,0,67312.658176856,67281.6550816031,"0.5 1","-1: 10, 0: 10, +1: 10",1.0506098186645,0.93713791530499,0.980901077570217,31.0030952528323
291,10,10,10,91,0.5,1,1,1,1,0.604776169210278,0.168398160028279,0.274721840492039,0.934830497928517,TRUE,0.605229778710965,0.102234092706939,0.404854639013235,0.805604918408695,TRUE,0.910558756075836,0.124847532110616,0.66586208958032,1.15525542257135,TRUE,0.992672909075398,1.02743696272065,1.02747588893086,0,0,67323.7704613725,67292.7750582927,"0.5 1","-1: 10, 0: 10, +1: 10",0.992175781402344,1.02983646318583,1.02995496663063,30.9954030798108
292,10,10,10,92,0.5,1,1,1,1,0.350284168161164,0.166468144421632,0.024012600521553,0.676555735800775,TRUE,0.352710413378858,0.114860038434933,0.127588874783503,0.577831951974214,TRUE,0.800265405400157,0.139325254605564,0.527192924236378,1.07333788656394,TRUE,0.985256887863865,1.00876633802406,0.995149207824701,0,0,67349.731486927,67329.4005716326,"0.5 1","-1: 10, 0: 10, +1: 10",0.985083247338367,1.01006917393533,0.995463231448997,20.3309152943839
293,10,10,10,93,0.5,1,1,1,1,0.68523670442343,0.182366176931636,0.327805565639164,1.0426678432077,TRUE,0.66191563119611,0.1203139336017,0.426104654498434,0.897726607893786,TRUE,0.879161065387155,0.146602714570586,0.591825024793001,1.16649710598131,TRUE,1.01541746044011,0.962429289937886,1.0275363516823,0,0,67312.8967816421,67291.583565879,"0.5 1","-1: 10, 0: 10, +1: 10",1.01612460222402,0.961510709978068,1.0276406373158,21.3132157631335
294,10,10,10,94,0.5,1,1,1,1,0.378824611821655,0.192763661247398,0.00101477824867624,0.756634445394635,TRUE,0.387289041936068,0.110954873846878,0.169821485287002,0.604756598585134,TRUE,1.06569279854828,0.136375797084491,0.79840114789974,1.33298444919683,TRUE,0.993402562122502,1.00980038250459,0.947632226475723,0,0,67325.2346678481,67293.8325522945,"0.5 1","-1: 10, 0: 10, +1: 10",0.993859886176604,1.00865893862671,0.947747517886444,31.4021155536611
295,10,10,10,95,0.5,1,1,1,1,0.625786446244823,0.180899663262804,0.271229621434304,0.980343271055342,TRUE,0.619177360481377,0.111203760824158,0.401221994320622,0.837132726642132,TRUE,0.932498730054954,0.137630470593206,0.662747964516971,1.20224949559294,TRUE,1.01480460068841,0.999077791206739,1.00646579024131,0,0,67319.5261867868,67293.2442880032,"0.5 1","-1: 10, 0: 10, +1: 10",1.01524853998599,0.997642214729752,1.00720534909214,26.2818987835926
296,10,10,10,96,0.5,1,1,1,1,0.487521778312684,0.181030460381615,0.132708595860013,0.842334960765355,TRUE,0.470673445079317,0.102057486505816,0.270644447175235,0.670702442983398,TRUE,1.05846653631196,0.127261879155005,0.809037836563261,1.30789523606066,TRUE,0.979282032587735,1.04143340835205,0.9993811504727,0,0,67331.9091913411,67291.7495361539,"0.5 1","-1: 10, 0: 10, +1: 10",0.97910341790083,1.04346685101039,1.00085350620233,40.1596551871626
297,10,10,10,97,0.5,1,1,1,1,0.536525689945116,0.173562900339093,0.196348656228178,0.876702723662053,TRUE,0.55403769318327,0.102812269046303,0.352529348683674,0.755546037682866,TRUE,0.931905407831509,0.124767543237857,0.687365516645766,1.17644529901725,TRUE,0.980794823558496,1.01877394531295,0.976096033446746,0,0,67328.4527222428,67297.0038721597,"0.5 1","-1: 10, 0: 10, +1: 10",0.981086523060616,1.01913507348034,0.97538554739991,31.4488500830776
298,10,10,10,98,0.5,1,1,1,1,0.432441089543967,0.209560901873818,0.0217092693035504,0.843172909784383,TRUE,0.438266904817014,0.146604508177292,0.150927348818314,0.725606460815714,TRUE,0.964958181070534,0.178672975553053,0.614765583975944,1.31515077816512,TRUE,0.998624455567658,0.985702089500409,1.01434277592681,0,0,67316.649549602,67298.8306683028,"0.5 1","-1: 10, 0: 10, +1: 10",0.997682342934459,0.987523859536864,1.01399194998374,17.8188812991866
299,10,10,10,99,0.5,1,1,1,1,0.662342781082974,0.174167091730379,0.320981553999347,1.0037040081666,TRUE,0.662189545901728,0.102108646088613,0.4620602770579,0.862318814745557,TRUE,0.950965396142873,0.125970573043146,0.704067609866436,1.19786318241931,TRUE,0.974898050436661,1.02923803874894,0.992927777887837,0,0,67310.3955562924,67278.5874295602,"0.5 1","-1: 10, 0: 10, +1: 10",0.974865135013518,1.0293392602946,0.994056807017463,31.8081267321395
300,10,10,10,100,0.5,1,1,1,1,0.450146499329764,0.178864782594269,0.0995779673424095,0.800715031317119,TRUE,0.446783110718916,0.103998016122824,0.242950744654565,0.650615476783266,TRUE,0.973796400804935,0.127494563202313,0.723911648703736,1.22368115290613,TRUE,1.03097165306588,0.957546491380694,1.07893192150783,0,0,67336.4533101146,67305.2082052774,"0.5 1","-1: 10, 0: 10, +1: 10",1.03100109098703,0.958990138555657,1.08033832185252,31.2451048372313
301,10,10,10,1,0,-1,1,1,1,0.0319963030957258,0.179155973075315,-0.31914295174712,0.383135557938571,TRUE,0.0381205909887444,0.104324579215161,-0.166351826975266,0.242593008952755,TRUE,-0.978127029258038,0.128138291680897,-1.22927346599308,-0.726980592522992,TRUE,0.9829939096684,0.992715951516019,1.01022342471391,0,0,67355.212099865,67322.9310871269,"0 -1","-1: 10, 0: 10, +1: 10",0.984047322895873,0.991822379124376,1.00987567257415,32.2810127381381
302,10,10,10,2,0,-1,1,1,1,-0.0358564863408552,0.196897408054902,-0.42176831477775,0.350055342096039,TRUE,-0.045060113468842,0.104676408494343,-0.250222104148756,0.160101877211072,TRUE,-1.15541544890736,0.127696500642047,-1.40569599111757,-0.905134906697152,TRUE,1.02005196852258,0.983392328144526,1.03273194776913,0,0,67342.7728106619,67299.0157224924,"0 -1","-1: 10, 0: 10, +1: 10",1.02084247988557,0.981899045567443,1.03309203575233,43.7570881694992
303,10,10,10,3,0,-1,1,1,1,0.0425866244556181,0.189380819970102,-0.328592962048446,0.413766210959682,TRUE,0.0476263598018988,0.123863242775055,-0.19514113504555,0.290393854649347,TRUE,-0.960913746231657,0.150829525353128,-1.25653418372906,-0.665293308734256,TRUE,1.02281374135052,0.975119340876482,1.01516968950523,0,0,67345.6115664148,67321.7679886184,"0 -1","-1: 10, 0: 10, +1: 10",1.02263941125145,0.974933030462216,1.01590596629353,23.8435777964041
304,10,10,10,4,0,-1,1,1,1,-0.00360101469551679,0.177622139282884,-0.351734010546927,0.344531981155893,TRUE,0.0126095243604753,0.109299687385821,-0.20161392643722,0.226832975158171,TRUE,-0.922231884053259,0.134721481592734,-1.18628113591889,-0.658182632187625,TRUE,0.995571700905934,1.01858995711182,1.01567253125488,0,0,67357.2683479687,67331.132229228,"0 -1","-1: 10, 0: 10, +1: 10",0.996169785195957,1.01799666650251,1.01549042199409,26.1361187407019
305,10,10,10,5,0,-1,1,1,1,-0.0626391771464198,0.162745198882225,-0.381613905612389,0.256335551319549,TRUE,-0.0662200333697352,0.100176938131241,-0.262563224188465,0.130123157448995,TRUE,-0.893058885816633,0.124381264998258,-1.13684168556475,-0.649276086068516,TRUE,0.978002484050584,1.02509144839383,0.993222955175397,0,0,67361.5957184868,67330.0302478822,"0 -1","-1: 10, 0: 10, +1: 10",0.978601880211991,1.02368194161709,0.993047938577234,31.5654706045461
306,10,10,10,6,0,-1,1,1,1,-0.0483222293897528,0.185712017387754,-0.412311094966027,0.315666636186521,TRUE,-0.0343113661796561,0.102168163776613,-0.234557287548407,0.165934555189095,TRUE,-1.0693773238784,0.124795316227199,-1.313971649123,-0.824782998633803,TRUE,0.977207805571057,1.02608303849526,0.956152968169817,0,0,67344.9940418845,67307.2576524188,"0 -1","-1: 10, 0: 10, +1: 10",0.976222454133251,1.02941343608866,0.957359104500564,37.7363894657319
307,10,10,10,7,0,-1,1,1,1,-0.0705130280076833,0.187069092830693,-0.437161712576421,0.296135656561054,TRUE,-0.0520250796748688,0.103654446422901,-0.255184061501191,0.151133902151453,TRUE,-1.05479505714242,0.129492586383057,-1.30859586271816,-0.800994251566689,TRUE,0.963003958043776,1.03497462150401,0.98137943771109,0,0,67348.6407345988,67314.5254345295,"0 -1","-1: 10, 0: 10, +1: 10",0.962215290524957,1.03735323246022,0.981798428234885,34.1153000693739
308,10,10,10,8,0,-1,1,1,1,0.127051340163836,0.198809123014926,-0.262607380743413,0.516710061071084,TRUE,0.126913217497014,0.102202173833357,-0.0733993623580686,0.327225797352096,TRUE,-1.20516148934952,0.124597668324541,-1.44936843182329,-0.960954546875753,TRUE,1.00357768348047,0.987491188888229,1.04451053933548,0,0,67332.7360148927,67284.6419576764,"0 -1","-1: 10, 0: 10, +1: 10",1.00476431515135,0.986794406276338,1.04505594213328,48.0940572162654
309,10,10,10,9,0,-1,1,1,1,0.00316830601856062,0.185298047007241,-0.360009192521242,0.366345804558364,TRUE,-0.0141995611831619,0.102014276980793,-0.21414386997441,0.185744747608086,TRUE,-1.08665732985445,0.125181523401072,-1.33200860725041,-0.84130605245849,TRUE,1.02974903944188,0.968665328283176,1.01880514327568,0,0,67347.4062423035,67305.6157081068,"0 -1","-1: 10, 0: 10, +1: 10",1.03129882393039,0.967028176789436,1.01968877518555,41.790534196698
310,10,10,10,10,0,-1,1,1,1,-0.052476572378488,0.148058047070579,-0.342665012258159,0.237711867501183,TRUE,-0.0465045761544077,0.101591859706316,-0.245620962301233,0.152611809992417,TRUE,-0.803663596005983,0.122889825837694,-1.04452322871426,-0.562803963297703,TRUE,1.01740371265005,0.985742301299344,1.01506952961499,0,0,67368.0103937915,67338.5960057217,"0 -1","-1: 10, 0: 10, +1: 10",1.01868897829358,0.984649789707864,1.01659320277815,29.4143880698393
311,10,10,10,11,0,-1,1,1,1,-0.146456691056447,0.176516883801557,-0.492423425970741,0.199510043857847,TRUE,-0.142958826905125,0.104615681835442,-0.348001795520692,0.0620841417104413,TRUE,-0.938610785477807,0.128754341024213,-1.19096465673845,-0.686256914217161,TRUE,1.0101054487858,0.992075912270639,1.01255233066567,0,0,67351.8919783185,67322.9999268086,"0 -1","-1: 10, 0: 10, +1: 10",1.01027491758395,0.991874506235214,1.01257096346239,28.8920515099162
312,10,10,10,12,0,-1,1,1,1,0.00674826943370497,0.164282620732707,-0.315239750488253,0.328736289355663,TRUE,0.0114791258809734,0.109519068689077,-0.203174304369986,0.226132556131932,TRUE,-0.830291401773465,0.134043118062568,-1.09301108555155,-0.567571717995382,TRUE,1.01738317566322,0.960421502819046,1.01356616035631,0,0,67361.7598578114,67337.6474335476,"0 -1","-1: 10, 0: 10, +1: 10",1.01788381422788,0.96011076597873,1.01307336831347,24.1124242637452
313,10,10,10,13,0,-1,1,1,1,0.138166759483179,0.17790858548865,-0.21052766061504,0.486861179581399,TRUE,0.14004868820045,0.102150293375101,-0.0601622078249474,0.340259584225848,TRUE,-1.04302709547931,0.126150237245643,-1.29027701712195,-0.795777173836664,TRUE,1.01866245372575,1.00559326379225,1.00566084612274,0,0,67350.9965815454,67310.4964044491,"0 -1","-1: 10, 0: 10, +1: 10",1.01976730142858,1.00429035290687,1.00598169209347,40.500177096299
314,10,10,10,14,0,-1,1,1,1,-0.0803155446425041,0.200423319042989,-0.473138031628743,0.312506942343734,TRUE,-0.0956152001809491,0.101669103494928,-0.294882981371484,0.103652581009586,TRUE,-1.15004409598012,0.123189741136458,-1.39149155187239,-0.908596640087848,TRUE,1.02911721074544,0.966715432503178,0.975161805857331,0,0,67333.228707793,67293.0962084973,"0 -1","-1: 10, 0: 10, +1: 10",1.02889586845835,0.96759152990891,0.976640303857427,40.1324992956943
315,10,10,10,15,0,-1,1,1,1,0.0915628536829161,0.176221305791389,-0.253824558976825,0.436950266342658,TRUE,0.086700924630004,0.103131166800097,-0.115432447981779,0.288834297241788,TRUE,-0.999060970791308,0.126213371168512,-1.24643463264898,-0.751687308933638,TRUE,1.04057516291871,0.955984110823972,1.0503828882319,0,0,67354.0206363522,67318.4739055701,"0 -1","-1: 10, 0: 10, +1: 10",1.04006065500358,0.959276716752637,1.0512719099532,35.5467307820363
316,10,10,10,16,0,-1,1,1,1,0.0189665251049054,0.211770457518925,-0.396095944621757,0.434028994831567,TRUE,0.0248683571564416,0.11545016641941,-0.201409811034758,0.251146525347641,TRUE,-1.19011052541882,0.141473288666576,-1.46739307597974,-0.91282797485789,TRUE,0.992856392437125,1.00040746815549,0.990556385255102,0,0,67323.900728864,67289.5765715294,"0 -1","-1: 10, 0: 10, +1: 10",0.993012022698084,0.998996460190117,0.991140969139659,34.3241573345585
317,10,10,10,17,0,-1,1,1,1,0.0270545455043309,0.168913681330873,-0.304010186400257,0.358119277408918,TRUE,0.0338237622067926,0.10034554975504,-0.162849901321958,0.230497425735543,TRUE,-0.913222374874985,0.121635839335576,-1.15162423920201,-0.674820510547956,TRUE,1.01737563711286,0.995092746404734,1.02460182884807,0,0,67355.9259500132,67324.8721488149,"0 -1","-1: 10, 0: 10, +1: 10",1.01854430507608,0.993150377256942,1.02586872432584,31.0538011983735
318,10,10,10,18,0,-1,1,1,1,0.0941154723646688,0.195985415061386,-0.290008882650781,0.478239827380119,TRUE,0.0924561795390799,0.101457765089702,-0.106397385988661,0.291309745066821,TRUE,-1.10545347699147,0.126307554272093,-1.35301173434011,-0.857895219642827,TRUE,1.0167139075792,1.00754521580078,1.01360349712624,0,0,67341.6491952506,67303.2384270743,"0 -1","-1: 10, 0: 10, +1: 10",1.0176391546626,1.00528941429143,1.01322113653825,38.410768176298
319,10,10,10,19,0,-1,1,1,1,0.012139334693952,0.144592147411501,-0.271256066679896,0.2955347360678,TRUE,0.00396870005288921,0.0989895013563777,-0.19004715745319,0.197984557558968,TRUE,-0.748265795513267,0.121877092013658,-0.987140506400511,-0.509391084626023,FALSE,1.01566584563469,0.993469283039265,0.999370339750196,0,0,67368.6170548479,67343.8524082048,"0 -1","-1: 10, 0: 10, +1: 10",1.01592528173705,0.994108992869805,1.00037433187519,24.7646466431179
320,10,10,10,20,0,-1,1,1,1,0.0264454050333231,0.147550174893125,-0.262747623669788,0.315638433736434,TRUE,0.0174696692662467,0.105491454966104,-0.189289783144046,0.22422912167654,TRUE,-0.748173469738203,0.129356612288484,-1.00170777098574,-0.494639168490662,TRUE,0.986390689416291,0.99639225362486,0.944776908796776,0,0,67371.0385001092,67348.2889807347,"0 -1","-1: 10, 0: 10, +1: 10",0.986825043768965,0.995601735264035,0.945175821430409,22.7495193745563
321,10,10,10,21,0,-1,1,1,1,0.173550416431677,0.169974082085065,-0.159592662760304,0.506693495623659,TRUE,0.166567389299893,0.11460914155904,-0.0580624004548786,0.391197179054665,TRUE,-0.850223227776117,0.140059285115263,-1.12473438230246,-0.575712073249776,TRUE,0.981115753410262,1.03434516465656,0.960532938062959,0,0,67349.8881477757,67328.011605111,"0 -1","-1: 10, 0: 10, +1: 10",0.98071039173715,1.03551427727239,0.960306186948848,21.876542664686
322,10,10,10,22,0,-1,1,1,1,-0.247913362313127,0.210222115235477,-0.659941136928491,0.164114412302238,TRUE,-0.230679402472546,0.102953648743543,-0.432464846086878,-0.0288939588582138,FALSE,-1.23759144288184,0.123871746166937,-1.48037560407112,-0.994807281692554,TRUE,0.966990165436492,1.02291824147661,1.00576975595335,0,0,67320.2754781639,67275.1563626288,"0 -1","-1: 10, 0: 10, +1: 10",0.968786473214093,1.01909499092499,1.00699779141996,45.1191155351262
323,10,10,10,23,0,-1,1,1,1,0.0704516033407345,0.178619793449813,-0.279636758746883,0.420539965428352,TRUE,0.0577824363171816,0.104852336854163,-0.14772436761184,0.263289240246203,TRUE,-1.01749464266187,0.126676731408841,-1.26577647390245,-0.769212811421286,TRUE,0.993000025479124,1.01751562711469,1.01590895986565,0,0,67353.2966593132,67315.8683567664,"0 -1","-1: 10, 0: 10, +1: 10",0.992921358487842,1.01927234050268,1.01714102965496,37.4283025468176
324,10,10,10,24,0,-1,1,1,1,-0.0606577060912536,0.173949817409196,-0.401593083330596,0.280277671148089,TRUE,-0.0487703118279475,0.106394883861444,-0.257300452335699,0.159759828679804,TRUE,-0.925316386911251,0.130514126187944,-1.18111937371334,-0.669513400109164,TRUE,1.01501446539212,1.01227880968547,0.991452930635773,0,0,67354.4709639487,67327.0075666605,"0 -1","-1: 10, 0: 10, +1: 10",1.01530856624687,1.01176882920074,0.991994105775763,27.4633972882148
325,10,10,10,25,0,-1,1,1,1,0.251121326874192,0.179114931311849,-0.0999374875903971,0.60218014133878,TRUE,0.233471213150143,0.102913865143524,0.0317637439590248,0.435178682341262,FALSE,-1.02338031735753,0.125052155445165,-1.26847803821916,-0.778282596495903,TRUE,0.998000622806413,1.0125187895756,0.989418890305963,0,0,67345.6512086165,67308.0822055811,"0 -1","-1: 10, 0: 10, +1: 10",0.999331368754198,1.01132171827248,0.991173796132056,37.5690030353144
326,10,10,10,26,0,-1,1,1,1,0.223120663694208,0.155597006549858,-0.0818438652457567,0.528085192634173,TRUE,0.222662808599389,0.100074056726221,0.0265212616291775,0.4188043555696,FALSE,-0.889251257398918,0.120584847990264,-1.12559321654107,-0.652909298256763,TRUE,1.00725724237715,1.01573690545497,0.987629892211611,0,0,67357.7089173469,67321.7580532258,"0 -1","-1: 10, 0: 10, +1: 10",1.00777714558898,1.01649701546368,0.989484928607635,35.950864121085
327,10,10,10,27,0,-1,1,1,1,-0.0524738076698974,0.184029500051899,-0.413164999864531,0.308217384524736,TRUE,-0.066212892133316,0.104581143744865,-0.271188167335257,0.138762383068626,TRUE,-1.04686372082237,0.130048012410416,-1.3017531414078,-0.791974300236936,TRUE,0.985102738235535,1.00661870098284,0.982238706571566,0,0,67352.8047216434,67316.2221469733,"0 -1","-1: 10, 0: 10, +1: 10",0.98496966846646,1.00795651563675,0.98184437783708,36.5825746700866
328,10,10,10,28,0,-1,1,1,1,0.210183114625959,0.193208532424936,-0.168498650432755,0.588864879684674,TRUE,0.22502519170386,0.103010576133897,0.0231281724546998,0.42692221095302,FALSE,-1.12573305867551,0.127182647929361,-1.3750064680755,-0.876459649275529,TRUE,1.01947554832866,0.999822681760018,1.02289883166694,0,0,67339.8430114089,67298.6185852569,"0 -1","-1: 10, 0: 10, +1: 10",1.02000980116854,1.00034732472895,1.02323892519067,41.2244261519809
329,10,10,10,29,0,-1,1,1,1,-0.0457745102844326,0.149913952294907,-0.339600457562506,0.24805143699364,TRUE,-0.0550397758194768,0.100465018196925,-0.251947593191611,0.141868041552657,TRUE,-0.876805021786667,0.123718505863579,-1.11928883750039,-0.634321206072945,TRUE,0.990546893508288,1.01991718464683,0.997471773948748,0,0,67367.2219073356,67331.2496711072,"0 -1","-1: 10, 0: 10, +1: 10",0.991467925731386,1.02096409845012,0.997947045355649,35.9722362284228
330,10,10,10,30,0,-1,1,1,1,0.151285525269294,0.193279963059384,-0.22753624126033,0.530107291798918,TRUE,0.151258068741612,0.114118608453826,-0.0724102937937147,0.37492643127694,TRUE,-1.02738002219976,0.139788081013501,-1.30135962645419,-0.753400417945334,TRUE,0.997659422190762,0.990739620568671,1.01073837334597,0,0,67343.0125210327,67314.330905429,"0 -1","-1: 10, 0: 10, +1: 10",0.999078220192478,0.986911698353428,1.00927901325655,28.6816156036657
331,10,10,10,31,0,-1,1,1,1,0.0131859381631347,0.179864818927661,-0.339342629020898,0.365714505347168,TRUE,0.0149218534102163,0.113168335382556,-0.206884008129942,0.236727714950375,TRUE,-0.948226047734984,0.138979367720677,-1.22062060306166,-0.675831492408308,TRUE,1.00931158158476,0.996275025449522,1.02209755272661,0,0,67352.7397377631,67325.951708032,"0 -1","-1: 10, 0: 10, +1: 10",1.00894783419878,0.997578985784988,1.02360372349078,26.7880297311058
332,10,10,10,32,0,-1,1,1,1,0.29413042027488,0.176750650329435,-0.0522944886148455,0.640555329164606,TRUE,0.306094835036595,0.101669694842648,0.106825894825827,0.505363775247362,FALSE,-1.00531420879987,0.125916266654697,-1.25210555651082,-0.75852286108892,TRUE,0.953394856396875,1.02690802267129,1.02595223862306,0,0,67344.7749996222,67308.3725967348,"0 -1","-1: 10, 0: 10, +1: 10",0.954409138665227,1.02579896265286,1.0266969810766,36.4024028874119
333,10,10,10,33,0,-1,1,1,1,-0.0438851211865651,0.167411298899163,-0.372005237633994,0.284234995260864,TRUE,-0.0461932335206902,0.101247942837523,-0.244635554991006,0.152249087949625,TRUE,-0.906653084685754,0.124591306696206,-1.1508475585971,-0.662458610774407,TRUE,0.994134837764176,0.995517566114081,0.95000313692761,0,0,67358.5927646825,67328.3458595721,"0 -1","-1: 10, 0: 10, +1: 10",0.995618786321789,0.992498045914921,0.950163564870658,30.2469051103544
334,10,10,10,34,0,-1,1,1,1,-0.0858372077812443,0.175358079375262,-0.429532727754873,0.257858312192385,TRUE,-0.111026938645718,0.103677744801723,-0.31423158445543,0.0921777071639935,TRUE,-0.974846944209924,0.129084438878478,-1.2278477953763,-0.721846093043545,TRUE,1.0116608569294,0.994599569587803,0.994686462957132,0,0,67355.7650435075,67323.0912911534,"0 -1","-1: 10, 0: 10, +1: 10",1.0121980359987,0.994613474104981,0.995254794461568,32.6737523541524
335,10,10,10,35,0,-1,1,1,1,0.0681751441928156,0.174014065857193,-0.272886157690664,0.409236446076295,TRUE,0.0714412213778806,0.108209454822582,-0.140645412861094,0.283527855616856,TRUE,-0.921530960314094,0.132433197937217,-1.1810952586285,-0.661966661999684,TRUE,0.999988405866451,0.977485644856793,1.03106942792872,0,0,67357.899592536,67330.5821036893,"0 -1","-1: 10, 0: 10, +1: 10",0.999402590275752,0.979052360941464,1.02959252510651,27.3174888467329
336,10,10,10,36,0,-1,1,1,1,0.056428917435195,0.161379837824572,-0.259869752531882,0.372727587402272,TRUE,0.0560557534390846,0.101868642145124,-0.143603116319358,0.255714623197527,TRUE,-0.833802084658535,0.12555251194743,-1.07988048624403,-0.587723683073038,TRUE,0.9905890083894,1.0163354919665,1.0036942327054,0,0,67361.809185458,67336.3769046661,"0 -1","-1: 10, 0: 10, +1: 10",0.990723392044301,1.01690043067402,1.0041013312485,25.4322807919525
337,10,10,10,37,0,-1,1,1,1,0.0221768151737787,0.172094431807769,-0.315122073109333,0.35947570345689,TRUE,0.0335563400982539,0.103976772092724,-0.170234388432214,0.237347068628722,TRUE,-0.917321664880022,0.127778814835078,-1.16776353994399,-0.666879789816055,TRUE,0.955849793514213,1.03375635472498,0.973817560661973,0,0,67359.19944667,67329.8796797145,"0 -1","-1: 10, 0: 10, +1: 10",0.955811060549837,1.03521278805145,0.974829118063246,29.3197669554938
338,10,10,10,38,0,-1,1,1,1,-0.0143401251441448,0.183927266022793,-0.374830942323737,0.346150692035447,TRUE,-0.0145431124770411,0.102337472419065,-0.215120872687269,0.186034647733187,TRUE,-0.984612859674429,0.12504133831447,-1.22968937934948,-0.739536339999378,TRUE,0.964428456338506,1.04239669011446,1.00072392502233,0,0,67351.4737942074,67319.3044657307,"0 -1","-1: 10, 0: 10, +1: 10",0.963985365758601,1.04365475834736,1.00047282918721,32.169328476768
339,10,10,10,39,0,-1,1,1,1,0.0410351485248827,0.166618619414169,-0.285531344680674,0.367601641730439,TRUE,0.0433426675086052,0.102559921175606,-0.15767108425285,0.24435641927006,TRUE,-0.894066297328718,0.128690702133267,-1.14629543865509,-0.641837156002342,TRUE,0.977700599743214,1.01753358966224,0.96925929753171,0,0,67361.2427539353,67333.1113289856,"0 -1","-1: 10, 0: 10, +1: 10",0.978234804164179,1.01664697743068,0.968752387911448,28.13142494965
340,10,10,10,40,0,-1,1,1,1,-0.138827917879975,0.184358934182801,-0.500164789106455,0.222508953346504,TRUE,-0.146733438494745,0.106142443907723,-0.354768805784945,0.0613019287954562,TRUE,-1.07359424662956,0.129890574288778,-1.32817509416679,-0.819013399092334,TRUE,1.00139506884584,0.979044530749034,0.995269180596886,0,0,67351.2174797497,67311.095562306,"0 -1","-1: 10, 0: 10, +1: 10",1.00145404919345,0.980044299803745,0.996271498918329,40.1219174437138
341,10,10,10,41,0,-1,1,1,1,0.0617030666697062,0.181372381436967,-0.29378026873701,0.417186402076422,TRUE,0.0874652389321912,0.103777838276438,-0.11593558648305,0.290866064347433,TRUE,-1.00983866097542,0.127756888262073,-1.26023756074599,-0.759439761204846,TRUE,1.02164146670959,0.987376477898678,1.01183496886801,0,0,67347.3985326955,67316.3498475819,"0 -1","-1: 10, 0: 10, +1: 10",1.0210855640577,0.988203676125099,1.01105295507119,31.0486851135211
342,10,10,10,42,0,-1,1,1,1,-0.0356185099292699,0.201849784123554,-0.431236817098621,0.359999797240081,TRUE,-0.0273475234066413,0.103087307478719,-0.229394933328137,0.174699886514854,TRUE,-1.24212214623903,0.128759060552951,-1.49448526760602,-0.989759024872032,TRUE,0.993184568116928,1.01403575588598,0.999885791020882,0,0,67335.6592715808,67287.1683104529,"0 -1","-1: 10, 0: 10, +1: 10",0.994120323587193,1.0136490241394,1.00002973490659,48.4909611278854
343,10,10,10,43,0,-1,1,1,1,0.00716219700124516,0.191903249031273,-0.368961259616271,0.383285653618762,TRUE,0.0155480360217515,0.113045908316293,-0.206017872877799,0.237113944921302,TRUE,-1.03241664625526,0.139894361426376,-1.30660455629118,-0.758228736219329,TRUE,0.988792930863108,1.02238931662319,1.0120635786908,0,0,67347.9509029788,67317.4045269684,"0 -1","-1: 10, 0: 10, +1: 10",0.989207739572696,1.02204897419659,1.01208955317751,30.5463760104321
344,10,10,10,44,0,-1,1,1,1,0.226950168638638,0.213614536427115,-0.191726629332726,0.645626966610002,TRUE,0.237269851039564,0.115806832668729,0.0102926298451983,0.464247072233929,FALSE,-1.19273433673732,0.143034061831693,-1.47307594648991,-0.912392726984726,TRUE,1.0168222810564,0.991550688660274,0.992272586737693,0,0,67327.3129561189,67292.3718536872,"0 -1","-1: 10, 0: 10, +1: 10",1.0174974918214,0.990344961781314,0.993379400418145,34.9411024317524
345,10,10,10,45,0,-1,1,1,1,0.234101027857968,0.18853873474714,-0.135428101937177,0.603630157653114,TRUE,0.226296770592823,0.124543257870468,-0.0178035293505795,0.470397070536226,TRUE,-0.955620543625364,0.151479258307802,-1.2525144343135,-0.658726652937233,TRUE,1.00717533351368,1.01423297030502,1.02037854839202,0,0,67340.3095697845,67316.2364907881,"0 -1","-1: 10, 0: 10, +1: 10",1.00803690595841,1.01374025671358,1.01964327618799,24.0730789964437
346,10,10,10,46,0,-1,1,1,1,-0.0488332602891295,0.171251955689497,-0.384480925722592,0.286814405144333,TRUE,-0.0549988828499443,0.104875469469359,-0.260551025871619,0.15055326017173,TRUE,-0.893273561928897,0.127917482002992,-1.14398721964781,-0.642559904209981,TRUE,1.00770280829778,0.985101330469072,0.955802293188781,0,0,67359.1093360579,67332.3557937418,"0 -1","-1: 10, 0: 10, +1: 10",1.00750904452607,0.986066438737963,0.956799928588867,26.7535423161316
347,10,10,10,47,0,-1,1,1,1,-0.118256987939019,0.197032495260396,-0.504433582433453,0.267919606555416,TRUE,-0.113224156202194,0.123637855531284,-0.355549900169277,0.129101587764888,TRUE,-1.02901237031786,0.1527870700706,-1.32846952495963,-0.729555215676086,TRUE,0.981649498259839,1.01033899266159,1.02179118601764,0,0,67342.847435081,67317.6429130948,"0 -1","-1: 10, 0: 10, +1: 10",0.981534236927054,1.01047129492464,1.02236426489053,25.2045219862484
348,10,10,10,48,0,-1,1,1,1,-0.0251518692925041,0.165985016220862,-0.35047652305869,0.300172784473681,TRUE,-0.0343275415408253,0.102831353565816,-0.235873291011329,0.167218207929679,TRUE,-0.969477235697137,0.125185334966105,-1.21483598362329,-0.724118487770988,TRUE,0.979546538386333,1.0304648814172,0.990023963644185,0,0,67358.6779750854,67321.0688970399,"0 -1","-1: 10, 0: 10, +1: 10",0.980310268835413,1.03129618008011,0.990818171402786,37.609078045527
349,10,10,10,49,0,-1,1,1,1,0.13453390687912,0.150575063667718,-0.160587794879433,0.429655608637673,TRUE,0.138201397387994,0.103992028405956,-0.0656192329669469,0.342022027742935,TRUE,-0.793765751197672,0.127722155926476,-1.04409657684137,-0.543434925553971,TRUE,1.01071184435732,0.990965352906693,1.0801656000547,0,0,67367.986171038,67340.269445121,"0 -1","-1: 10, 0: 10, +1: 10",1.01213491964494,0.988879584306661,1.08042262231439,27.7167259169801
350,10,10,10,50,0,-1,1,1,1,0.0171288478126248,0.174167802045068,-0.32423377146221,0.35849146708746,TRUE,0.026966172922134,0.102750015273023,-0.174420156423931,0.228352502268199,TRUE,-0.941961115195633,0.12810631875971,-1.19304488615667,-0.690877344234595,TRUE,0.969634147222424,1.0003178211719,0.939212387897845,0,0,67356.5484555354,67327.2815503971,"0 -1","-1: 10, 0: 10, +1: 10",0.96916271646855,1.00136800870895,0.939401503176525,29.2669051382982
351,10,10,10,51,0,-1,1,1,1,0.0459081767159395,0.197320792032458,-0.340833469068596,0.432649822500475,TRUE,0.0454063911944175,0.127206203374262,-0.203913186029213,0.294725968418048,TRUE,-0.999068612404386,0.15526150525083,-1.30337557088149,-0.694761653927282,TRUE,1.00157824508716,0.99134293062885,1.05123357913172,0,0,67339.2903140743,67315.5260026089,"0 -1","-1: 10, 0: 10, +1: 10",1.00218014723921,0.990663758903465,1.05206923676575,23.7643114653183
352,10,10,10,52,0,-1,1,1,1,0.0123679671210794,0.170073732298347,-0.320970422899987,0.345706357142146,TRUE,0.031337206891476,0.10807373388343,-0.180483419194813,0.243157832977764,TRUE,-0.886357020470879,0.133276844310025,-1.14757483529168,-0.625139205650079,TRUE,1.00164899639781,0.994590220587742,1.00994705413092,0,0,67358.8987147828,67332.8887196559,"0 -1","-1: 10, 0: 10, +1: 10",1.00209237551647,0.993969862699838,1.01007066062157,26.009995126893
353,10,10,10,53,0,-1,1,1,1,0.0517032088923348,0.178234170453905,-0.297629346011692,0.401035763796361,TRUE,0.0401889998286611,0.10363018702609,-0.162922434453626,0.243300434110948,TRUE,-0.95612484903306,0.127349731970555,-1.20572573713618,-0.706523960929943,TRUE,0.961332130335378,1.04942688827785,0.98683782389508,0,0,67352.6208238876,67322.4796004639,"0 -1","-1: 10, 0: 10, +1: 10",0.961370933279407,1.04974629223734,0.986973521529099,30.1412234237068
354,10,10,10,54,0,-1,1,1,1,0.1492193143245,0.179830674765066,-0.203242331530566,0.501680960179566,TRUE,0.17790872622698,0.104641419958319,-0.0271846881824554,0.383002140636415,TRUE,-1.00839621023172,0.128087193151259,-1.25944249568901,-0.757349924774426,TRUE,1.02640328728555,0.973265266909367,1.02779169671422,0,0,67350.9433087122,67317.0647145,"0 -1","-1: 10, 0: 10, +1: 10",1.02642198496905,0.973788226703449,1.02925442455206,33.878594212234
355,10,10,10,55,0,-1,1,1,1,0.018102683907165,0.170041690689662,-0.315172905714873,0.351378273529203,TRUE,0.00920486153117946,0.103156417968535,-0.192978002461309,0.211387725523668,TRUE,-1.0189250798859,0.125824053396905,-1.26553569293268,-0.772314466839123,TRUE,1.02943079171058,0.94779280011924,0.928053088349162,0,0,67357.7898716389,67315.7560103073,"0 -1","-1: 10, 0: 10, +1: 10",1.03033877822014,0.948002328056005,0.928623428815525,42.033861331598
356,10,10,10,56,0,-1,1,1,1,-0.188592299577532,0.184058699064923,-0.549340720786076,0.172156121631013,TRUE,-0.184111022218354,0.103006355189168,-0.385999768567864,0.0177777241311567,TRUE,-1.12581723627732,0.127040476680186,-1.37481199514928,-0.876822477405354,TRUE,0.986360347127685,0.984195264036859,1.05496793180673,0,0,67344.4760254366,67297.5032153735,"0 -1","-1: 10, 0: 10, +1: 10",0.986997009460667,0.986016374576773,1.0550770769066,46.9728100631619
357,10,10,10,57,0,-1,1,1,1,0.0751954419481847,0.159896154968011,-0.238195263055551,0.388586146951921,TRUE,0.0796413760934504,0.102350383053739,-0.120961688495756,0.280244440682657,TRUE,-0.872584134150647,0.125815039284908,-1.11917707986256,-0.625991188438736,TRUE,1.02756721331144,0.995482196359577,0.966855028885848,0,0,67362.1021815535,67332.7627079078,"0 -1","-1: 10, 0: 10, +1: 10",1.02727543190897,0.996930730186985,0.967065783705796,29.3394736457558
358,10,10,10,58,0,-1,1,1,1,0.0499228691729471,0.190049865988159,-0.322568023430508,0.422413761776402,TRUE,0.0574582460934939,0.119429777425217,-0.176619816341566,0.291536308528554,TRUE,-0.984804805712054,0.146608749584657,-1.27215267471643,-0.697456936707676,TRUE,1.00494707689745,0.997695847734794,1.02228481799383,0,0,67343.7242395427,67317.5042146773,"0 -1","-1: 10, 0: 10, +1: 10",1.00475130485861,0.998827410759578,1.02450717707909,26.2200248654699
359,10,10,10,59,0,-1,1,1,1,0.0315044131552274,0.206451154186674,-0.37313241361738,0.436141239927835,TRUE,0.0257645600065994,0.105580762688808,-0.181169932323735,0.232699052336934,TRUE,-1.22246390973013,0.130982276086469,-1.47918445347269,-0.965743365987566,TRUE,0.980589564862239,1.00175231399216,1.06953296209559,0,0,67336.738627733,67293.5220064478,"0 -1","-1: 10, 0: 10, +1: 10",0.980650199564554,1.00241795304867,1.0705936919312,43.2166212852317
360,10,10,10,60,0,-1,1,1,1,0.119079450004102,0.193900155183077,-0.260957870751456,0.49911677075966,TRUE,0.110520909850905,0.111458299857314,-0.107933343647496,0.328975163349305,TRUE,-1.06377291861183,0.137251864273692,-1.33278162939924,-0.794764207824412,TRUE,1.003282527516,0.981080269619546,0.992300839185198,0,0,67339.1838255346,67308.4254153032,"0 -1","-1: 10, 0: 10, +1: 10",1.00263674550321,0.982560708819973,0.991815599745572,30.7584102313995
361,10,10,10,61,0,-1,1,1,1,0.154724456234077,0.152043398183907,-0.143275128293464,0.452724040761617,TRUE,0.171279753683387,0.102541186656749,-0.0296972790958399,0.372256786462615,TRUE,-0.885093845825553,0.124914633381836,-1.12992202839598,-0.64026566325513,TRUE,1.00386483245357,0.994130858241827,0.986534782621574,0,0,67366.2992772456,67329.2774967848,"0 -1","-1: 10, 0: 10, +1: 10",1.00510180504845,0.995628750292469,0.987690186189621,37.0217804607964
362,10,10,10,62,0,-1,1,1,1,0.0310142473327333,0.170096217342507,-0.302368212565078,0.364396707230544,TRUE,0.0403212454017118,0.100527941302187,-0.156709898990532,0.237352389793956,TRUE,-0.939542401301733,0.123137983652221,-1.18088841438897,-0.698196388214498,TRUE,1.00215959898699,1.04549009642583,0.972488335255913,0,0,67356.9264260144,67323.2412475543,"0 -1","-1: 10, 0: 10, +1: 10",1.00267973776118,1.04469163741366,0.972843958734343,33.6851784601022
363,10,10,10,63,0,-1,1,1,1,0.0486141952801613,0.145177463334517,-0.235928404222376,0.333156794782699,TRUE,0.0536002701530062,0.102948987475604,-0.148176037544044,0.255376577850056,TRUE,-0.805967997274878,0.125533411703494,-1.05200896307017,-0.55992703147959,TRUE,0.95478967520972,1.05633293423141,1.00749444086449,0,0,67370.936518389,67340.3739630301,"0 -1","-1: 10, 0: 10, +1: 10",0.955598407560547,1.05689935944618,1.00777938682711,30.5625553588616
364,10,10,10,64,0,-1,1,1,1,-0.01157131949438,0.186355451636141,-0.376821293023912,0.353678654035152,TRUE,-0.00853275163394938,0.135263869004173,-0.273645063291672,0.256579560023773,TRUE,-0.841915192572714,0.166114601382985,-1.16749382858959,-0.516336556555836,TRUE,0.989443684640509,1.01747638754556,0.976955418362877,0,0,67350.8834068708,67334.2125963281,"0 -1","-1: 10, 0: 10, +1: 10",0.989889304757057,1.01570875558549,0.977430976652203,16.6708105427388
365,10,10,10,65,0,-1,1,1,1,-0.029263026723715,0.19133358627739,-0.404269964860287,0.345743911412857,TRUE,-0.0442647621763655,0.104127298015007,-0.248350516093248,0.159820991740517,TRUE,-1.09365850645335,0.126689047868227,-1.34196447751074,-0.845352535395951,TRUE,1.0009265650201,0.982108173524572,1.01152096331609,0,0,67345.8883367768,67306.5351476749,"0 -1","-1: 10, 0: 10, +1: 10",1.00152588571701,0.981775860281937,1.01202231081084,39.3531891018501
366,10,10,10,66,0,-1,1,1,1,-0.0256849759174422,0.166170576381831,-0.351373320916094,0.300003369081209,TRUE,-0.0344974266587925,0.102219510749694,-0.234843986245498,0.165849132927913,TRUE,-0.877280156718438,0.125071861842469,-1.12241650140905,-0.632143812027829,TRUE,0.990902936275735,0.998069636934861,1.0378473891013,0,0,67359.3274483268,67332.378826808,"0 -1","-1: 10, 0: 10, +1: 10",0.990766969778563,0.998497139091284,1.03791547644881,26.9486215188081
367,10,10,10,67,0,-1,1,1,1,0.161068340532463,0.169905296901537,-0.171939922177135,0.49407660324206,TRUE,0.137750034949706,0.103123033328766,-0.0643673963511995,0.339867466250612,TRUE,-0.937870865399433,0.125670539081803,-1.1841805959175,-0.691561134881366,TRUE,1.0470450272555,0.945815153594718,0.966284379441074,0,0,67354.7993633187,67322.883522818,"0 -1","-1: 10, 0: 10, +1: 10",1.04684526209496,0.947214489757988,0.965289324028222,31.9158405007038
368,10,10,10,68,0,-1,1,1,1,-0.091701381511608,0.166192693304248,-0.417433074881645,0.234030311858429,TRUE,-0.0897617452970107,0.103657818699182,-0.29292733666339,0.113403846069368,TRUE,-0.942208070010193,0.127344407854919,-1.19179852303841,-0.692617616981973,TRUE,0.988093161834329,1.02854746314171,1.00636938224397,0,0,67360.2011818775,67325.9693961618,"0 -1","-1: 10, 0: 10, +1: 10",0.989176522709534,1.02826441725476,1.00844469561608,34.2317857157468
369,10,10,10,69,0,-1,1,1,1,0.00337132657189454,0.199761593680922,-0.388154202537037,0.394896855680826,TRUE,0.0253823039479804,0.107173574646008,-0.184674042452611,0.235438650348571,TRUE,-1.11496636956077,0.132366729728849,-1.37440039258066,-0.855532346540878,TRUE,0.989716335459115,1.00247811651947,0.941413649812446,0,0,67340.8858751759,67305.8425860525,"0 -1","-1: 10, 0: 10, +1: 10",0.988801080607284,1.00461872616355,0.94073544151853,35.0432891234523
370,10,10,10,70,0,-1,1,1,1,-0.0320264575313534,0.192079643956965,-0.408495641850281,0.344442726787574,TRUE,-0.0421963244801328,0.118667399883813,-0.27478015439142,0.190387505431154,TRUE,-1.00591643839575,0.147914824229002,-1.29582416666417,-0.716008710127336,TRUE,1.00878423852,1.00259042993062,1.05285402837661,0,0,67349.6638384641,67324.1044479286,"0 -1","-1: 10, 0: 10, +1: 10",1.00871604841923,1.00301186302288,1.05302432422526,25.5593905355636
371,10,10,10,71,0,-1,1,1,1,-0.00941855179558868,0.173047398322201,-0.34858522012546,0.329748116534283,TRUE,-0.00638681903663574,0.099557282522805,-0.201515507180012,0.188741869106741,TRUE,-1.02283559725973,0.12175893328264,-1.26147872128972,-0.784192473229735,TRUE,0.991179962285091,1.014469728213,1.01633013533411,0,0,67352.9129002092,67310.6728492057,"0 -1","-1: 10, 0: 10, +1: 10",0.992544396849258,1.0134665718809,1.01748187969277,42.2400510034931
372,10,10,10,72,0,-1,1,1,1,0.160870226664909,0.175144814343633,-0.182407301527566,0.504147754857384,TRUE,0.15227150430695,0.106743622668824,-0.0569421517032792,0.361485160317179,TRUE,-0.922454945587617,0.130681499523339,-1.17858597809905,-0.666323913076183,TRUE,0.988512411858582,0.986926562496249,0.986254023489319,0,0,67355.653687736,67329.0629549903,"0 -1","-1: 10, 0: 10, +1: 10",0.988606461445427,0.988030416367039,0.985362916692509,26.5907327456516
373,10,10,10,73,0,-1,1,1,1,0.22387917349929,0.184409401190331,-0.137556611244356,0.585314958242936,TRUE,0.226992525463401,0.102084183986253,0.0269112014591854,0.427073849467617,FALSE,-1.05788269876069,0.125096941450882,-1.30306819858053,-0.81269719894084,TRUE,1.03531824577174,0.986753089992832,0.990326411410032,0,0,67340.3411692109,67303.2690558419,"0 -1","-1: 10, 0: 10, +1: 10",1.0370736846845,0.984208567950038,0.99065963624653,37.0721133690095
374,10,10,10,74,0,-1,1,1,1,-0.0022292662900311,0.1589716902907,-0.313808053821258,0.309349521241196,TRUE,0.00979915824332407,0.100882377132357,-0.187926667610882,0.20752498409753,TRUE,-0.867296789141451,0.126446149113409,-1.11512668738751,-0.619466890895389,TRUE,1.00524732002288,0.977948205895758,0.970366551476494,0,0,67362.7554625302,67334.3380406269,"0 -1","-1: 10, 0: 10, +1: 10",1.00476992448048,0.979324449782966,0.970589990363381,28.4174219032575
375,10,10,10,75,0,-1,1,1,1,0.0921400306567844,0.188373100530333,-0.277064462038812,0.46134452335238,TRUE,0.0968982365282013,0.108632330803617,-0.116017219403528,0.309813692459931,TRUE,-0.999016634416135,0.133704157121784,-1.26107196695812,-0.736961301874154,TRUE,1.02617945280657,0.962385160249865,0.965614710400794,0,0,67346.9895322485,67317.9159281931,"0 -1","-1: 10, 0: 10, +1: 10",1.02660433552163,0.961220851099743,0.9660174688173,29.0736040553602
376,10,10,10,76,0,-1,1,1,1,-0.205623588307463,0.166591521761137,-0.532136971089011,0.120889794474086,TRUE,-0.194059866049944,0.103624898544858,-0.397160935099483,0.00904120299959432,TRUE,-0.937588586709683,0.127751396266121,-1.18797672236599,-0.687200451053381,TRUE,1.04283375672311,0.982644303062188,0.962267307095392,0,0,67357.3047541358,67324.3392245146,"0 -1","-1: 10, 0: 10, +1: 10",1.04267994210179,0.983527580479669,0.963302978409241,32.9655296211859
377,10,10,10,77,0,-1,1,1,1,0.0168972250321541,0.17992777197322,-0.335754727853892,0.3695491779182,TRUE,0.0215681626233714,0.104461948380236,-0.183173493956773,0.226309819203516,TRUE,-1.03593698593275,0.12992194186996,-1.29057931279938,-0.781294659066119,TRUE,0.983241558777835,0.986259458132763,0.979428845340852,0,0,67354.3133672447,67317.66231562,"0 -1","-1: 10, 0: 10, +1: 10",0.983863352299211,0.985227407089881,0.977962081706985,36.6510516246926
378,10,10,10,78,0,-1,1,1,1,0.00563718473929695,0.181277834335438,-0.34966084175358,0.360935211232174,TRUE,0.0214695635785461,0.103217469989789,-0.180832960176784,0.223772087333876,TRUE,-1.09061344289713,0.128066772867699,-1.3416197053341,-0.839607180460172,TRUE,0.976754107543231,1.02130167363981,1.02561953598359,0,0,67351.3347321109,67308.1289679138,"0 -1","-1: 10, 0: 10, +1: 10",0.977752704095073,1.02225337107096,1.02622005987251,43.2057641971478
379,10,10,10,79,0,-1,1,1,1,-0.0590849526987193,0.174328268874989,-0.400762081180912,0.282592175783474,TRUE,-0.0459291672595189,0.105093145940638,-0.251907948325181,0.160049613806143,TRUE,-0.935309157576839,0.130634525671421,-1.1913481230303,-0.67927019212338,TRUE,0.992677781029382,1.02588799257949,1.02174454275137,0,0,67354.923610582,67325.5924546176,"0 -1","-1: 10, 0: 10, +1: 10",0.992712222961675,1.02672036996291,1.02179619484622,29.3311559644208
380,10,10,10,80,0,-1,1,1,1,0.089708917687648,0.179377309641384,-0.261864148853155,0.44128198422845,TRUE,0.085751371251725,0.104432922166655,-0.118933394995194,0.290436137498644,TRUE,-1.01852411840242,0.128364293615852,-1.27011351079041,-0.766934726014423,TRUE,1.01720436714171,0.99976417745445,1.02446044912697,0,0,67352.3195333243,67317.5999475854,"0 -1","-1: 10, 0: 10, +1: 10",1.01673087875631,1.00133758660571,1.02437005593896,34.7195857389888
381,10,10,10,81,0,-1,1,1,1,-0.148217176492392,0.179035441568879,-0.499120193923621,0.202685840938836,TRUE,-0.139761459736468,0.107865700539367,-0.351174347960811,0.0716514284878748,TRUE,-0.941617079284155,0.131390859839912,-1.19913843246813,-0.684095726100177,TRUE,0.996155222567023,0.962507470445069,0.953293328926054,0,0,67352.5959002837,67325.6409457736,"0 -1","-1: 10, 0: 10, +1: 10",0.997672607237711,0.959331818297537,0.954641920563148,26.9549545100599
382,10,10,10,82,0,-1,1,1,1,0.0254761183357094,0.183687896202304,-0.334545542616738,0.385497779288157,TRUE,0.0341445594547271,0.104308016061833,-0.170295395325291,0.238584514234745,TRUE,-1.02230339573055,0.1282160658622,-1.27360226705988,-0.771004524401224,TRUE,1.0209982276918,0.967205091810489,1.03128456668849,0,0,67348.7282712851,67316.6651845634,"0 -1","-1: 10, 0: 10, +1: 10",1.02163457728996,0.966184803306194,1.03038349204025,32.0630867217114
383,10,10,10,83,0,-1,1,1,1,0.210773977237138,0.180367004153116,-0.142738854902356,0.564286809376632,TRUE,0.197838461072697,0.102577546604814,-0.00320983589521759,0.398886758040611,TRUE,-1.05384743443437,0.125391051755046,-1.29960937985786,-0.808085489010885,TRUE,1.04238674315776,0.970690649152582,1.03286434183434,0,0,67345.2634750627,67304.9570749726,"0 -1","-1: 10, 0: 10, +1: 10",1.04257453860315,0.97261180623267,1.03485431512416,40.3064000901504
384,10,10,10,84,0,-1,1,1,1,-0.0195567824693969,0.166441981191711,-0.345777071120644,0.306663506181851,TRUE,-0.0357553862595667,0.11036058532267,-0.252058158804759,0.180547386285626,TRUE,-0.847535609455422,0.136838259645095,-1.11573367006695,-0.579337548843895,TRUE,1.00072468774516,0.98333867426787,1.02266082264694,0,0,67360.0159092049,67336.8150907854,"0 -1","-1: 10, 0: 10, +1: 10",1.00009515166346,0.985429114759891,1.02280072980137,23.2008184195147
385,10,10,10,85,0,-1,1,1,1,0.0688757362775121,0.201800531151157,-0.326646036839809,0.464397509394834,TRUE,0.0704257318609109,0.105643366634566,-0.136631461948399,0.277482925670221,TRUE,-1.22679711811361,0.130655817255165,-1.48287781430438,-0.970716421922841,TRUE,0.976494839356094,0.999074203682711,0.975081853821552,0,0,67336.3484615806,67291.4990275057,"0 -1","-1: 10, 0: 10, +1: 10",0.977013285602479,1.00084376232117,0.975744311466709,44.8494340749166
386,10,10,10,86,0,-1,1,1,1,-0.0994662721612369,0.198755750815834,-0.48902038548049,0.290087841158016,TRUE,-0.114268180188884,0.106128919277551,-0.322277039691043,0.093740679313276,TRUE,-1.16799174345666,0.129816352595801,-1.42242711914878,-0.913556367764534,TRUE,1.00841100705581,1.00894091628446,1.02163967852488,0,0,67340.4027174687,67299.500540899,"0 -1","-1: 10, 0: 10, +1: 10",1.00846940109467,1.00993545769274,1.02237854656658,40.9021765696816
387,10,10,10,87,0,-1,1,1,1,-0.026845942793036,0.18026507114772,-0.380158989913118,0.326467104327046,TRUE,-0.0415365875375086,0.103726111247937,-0.244836029839861,0.161762854764843,TRUE,-0.978615134652606,0.126998807310246,-1.22752822306023,-0.729702046244981,TRUE,1.01419779913534,0.981674887233788,0.964310926845404,0,0,67352.3005728731,67320.4825521771,"0 -1","-1: 10, 0: 10, +1: 10",1.01347985888319,0.982927227904452,0.96463268381028,31.8180206960242
388,10,10,10,88,0,-1,1,1,1,-0.0767429400043345,0.168375805854994,-0.406753455348032,0.253267575339363,TRUE,-0.0726825864619811,0.103688040768995,-0.275907411996732,0.13054223907277,TRUE,-0.993274642281521,0.129244006738648,-1.24658824070692,-0.73996104385612,TRUE,1.03826375474665,0.958744062450677,1.04227704349578,0,0,67359.2028676116,67321.8598003845,"0 -1","-1: 10, 0: 10, +1: 10",1.03854639007949,0.960140479657066,1.04302159398659,37.3430672270188
389,10,10,10,89,0,-1,1,1,1,-0.0727601400459969,0.154721478698248,-0.376008665929345,0.230488385837351,TRUE,-0.0645641466237657,0.103116276168562,-0.266668334134034,0.137540040886503,TRUE,-0.873591662975263,0.127773394828993,-1.12402291502251,-0.623160410928021,TRUE,0.990687530393461,0.994238540904853,0.981715812358039,0,0,67366.8518620525,67334.2833967641,"0 -1","-1: 10, 0: 10, +1: 10",0.992865613248741,0.991890908530578,0.981800618499259,32.5684652883647
390,10,10,10,90,0,-1,1,1,1,-0.00308346775298363,0.18616647055311,-0.367963045166015,0.361796109660047,TRUE,0.00281105012651671,0.104912808590839,-0.202814276228473,0.208436376481506,TRUE,-1.05680554958045,0.129151658920121,-1.30993814960749,-0.803672949553415,TRUE,0.983881952270576,1.00455031653049,1.01155884922909,0,0,67350.6054676743,67314.3710746029,"0 -1","-1: 10, 0: 10, +1: 10",0.983188738493661,1.00663295271635,1.01187999202481,36.2343930713832
391,10,10,10,91,0,-1,1,1,1,-0.0442234877364941,0.17076572752546,-0.378918163480176,0.290471188007188,TRUE,-0.0407678107222229,0.103945845932613,-0.244497925092693,0.162962303648247,TRUE,-0.983139733220458,0.127229192346007,-1.23250436800075,-0.733775098440165,TRUE,0.987148912593571,0.995295962914938,0.986566677999525,0,0,67358.42421297,67321.4209780347,"0 -1","-1: 10, 0: 10, +1: 10",0.986865083693456,0.998279926391663,0.987132242960992,37.0032349353569
392,10,10,10,92,0,-1,1,1,1,0.0280765398290612,0.183043236600903,-0.330681611522352,0.386834691180474,TRUE,0.0156140974652449,0.103795859897025,-0.187822049677289,0.219050244607779,TRUE,-1.04967315748671,0.127863745937757,-1.30028149445309,-0.799064820520327,TRUE,0.997467500800157,1.00756363694845,0.965848479741895,0,0,67350.08137753,67313.4024578619,"0 -1","-1: 10, 0: 10, +1: 10",0.997104655006655,1.0101272616301,0.966506724921341,36.678919668193
393,10,10,10,93,0,-1,1,1,1,0.0124364281141274,0.178253255886579,-0.33693353355057,0.361806389778825,TRUE,0.000682947397453996,0.104186744815385,-0.203519320107165,0.204885214902073,TRUE,-0.971240976859149,0.126760853621353,-1.21968768460655,-0.722794269111743,TRUE,0.981388918634547,1.02221456195882,0.9667572267583,0,0,67354.7534075616,67322.5811370397,"0 -1","-1: 10, 0: 10, +1: 10",0.981290466085413,1.02424473455692,0.967380540417036,32.1722705218417
394,10,10,10,94,0,-1,1,1,1,-0.061757917741776,0.171189467312372,-0.397283108206622,0.27376727272307,TRUE,-0.0652170686105486,0.108829046612437,-0.278518080442755,0.148083943221658,TRUE,-0.878423481311815,0.133594063261826,-1.14026303385336,-0.616583928770271,TRUE,0.964937530427727,1.03126072572159,0.979048624982509,0,0,67358.5679607609,67334.010681537,"0 -1","-1: 10, 0: 10, +1: 10",0.964146555615881,1.03308626884102,0.980272065665962,24.5572792239545
395,10,10,10,95,0,-1,1,1,1,0.0344396106662966,0.186576647568756,-0.331243898924688,0.400123120257281,TRUE,0.0524312203329684,0.103605634487009,-0.150632091856991,0.255494532522928,TRUE,-1.01958813723889,0.126315283455808,-1.26716154350924,-0.772014730968537,TRUE,0.976326376740442,1.0097260984959,1.01931636311354,0,0,67348.7149602054,67315.6730701221,"0 -1","-1: 10, 0: 10, +1: 10",0.975615468215173,1.01170189058614,1.02202546750502,33.0418900833029
396,10,10,10,96,0,-1,1,1,1,-0.113919066235135,0.168945664845618,-0.445046484676721,0.21720835220645,TRUE,-0.110178997910898,0.102231670834023,-0.310549390824938,0.0901913950031417,TRUE,-0.907189892284275,0.125544789884223,-1.153253158904,-0.661126625664549,TRUE,0.971111130614778,1.0539917838476,0.971382454295407,0,0,67356.9122877933,67328.0917567452,"0 -1","-1: 10, 0: 10, +1: 10",0.971188954277693,1.0540828442566,0.970271834339522,28.820531048128
397,10,10,10,97,0,-1,1,1,1,0.182139954187167,0.179061619026792,-0.168814370118777,0.533094278493112,TRUE,0.170230273565676,0.105207884280579,-0.0359733905139168,0.37643393764527,TRUE,-1.01870154495167,0.129654503597112,-1.27281970243543,-0.764583387467915,TRUE,0.989610467658317,0.984380907395259,1.00530755467999,0,0,67352.9121968387,67316.3966674375,"0 -1","-1: 10, 0: 10, +1: 10",0.98965805577864,0.985159030777787,1.00451970916992,36.5155294012366
398,10,10,10,98,0,-1,1,1,1,-0.0485945902090827,0.177100573826259,-0.395705336549928,0.298516156131762,TRUE,-0.0574094187072329,0.109353232070173,-0.271737815157823,0.156918977743357,TRUE,-0.94678556970433,0.136501148691899,-1.2143229049888,-0.679248234419861,TRUE,1.02721959093415,0.981339088983277,0.971216488199376,0,0,67355.2110169335,67326.4901428023,"0 -1","-1: 10, 0: 10, +1: 10",1.02692678949303,0.982191340837223,0.970997165505892,28.7208741311915
399,10,10,10,99,0,-1,1,1,1,0.075935634472364,0.162831357112569,-0.243207961022051,0.395079229966779,TRUE,0.0832090601479475,0.103817873427407,-0.120270232721308,0.286688353017203,TRUE,-0.910516310255995,0.129216720153597,-1.16377642795744,-0.657256192554555,TRUE,0.953456749407763,1.02474145738327,0.956159178304637,0,0,67364.6443958068,67331.4271204791,"0 -1","-1: 10, 0: 10, +1: 10",0.953881114643056,1.02583655370082,0.956138297506236,33.2172753277118
400,10,10,10,100,0,-1,1,1,1,0.0344223223472162,0.167341012460472,-0.293560035211778,0.36240467990621,TRUE,0.0247367180075758,0.102477365506097,-0.176115227614921,0.225588663630073,TRUE,-0.908248182723834,0.128405808160937,-1.15991894212503,-0.656577423322638,TRUE,1.02626332872422,0.983665294455647,1.04686379458962,0,0,67361.6281916165,67331.4387164499,"0 -1","-1: 10, 0: 10, +1: 10",1.02571499400028,0.984595738701809,1.04791432407803,30.1894751665823
401,5,10,15,1,0.5,1,1,1,1,0.822452125559338,0.172692007944024,0.483982009571146,1.16092224154753,TRUE,0.485336416563984,0.115636436347857,0.258693166021626,0.711979667106343,TRUE,0.988669892887624,0.141457598457137,0.711418094572106,1.26592169120314,TRUE,0.97070172277884,1.05631345543762,1.05362607175695,0,0,67293.2633947549,67266.1270150007,"0.5 1","-1: 5, 0: 10, +1: 15",0.97025990264575,1.05771197399342,1.05458923823267,27.1363797542872
402,5,10,15,2,0.5,1,1,1,1,0.897885215350466,0.189191908540096,0.527075888445482,1.26869454225545,FALSE,0.496514538359552,0.111370850669311,0.278231682120114,0.714797394598989,TRUE,1.23490133369555,0.137725468393841,0.964964375889712,1.50483829150139,TRUE,0.993254712098782,1.02731968950908,1.00277380057154,0,0,67264.4938493981,67220.3213165216,"0.5 1","-1: 5, 0: 10, +1: 15",0.994173063121483,1.02801001427958,1.0039911998887,44.1725328764296
403,5,10,15,3,0.5,1,1,1,1,0.840327249127075,0.188627581251443,0.470623983383344,1.21003051487081,TRUE,0.465505908747038,0.117339701054864,0.235524320722809,0.695487496771268,TRUE,1.12233819174417,0.145753057223212,0.836667448950071,1.40800893453827,TRUE,0.997083236262456,0.998509193342568,1.04301956380165,0,0,67290.1596286127,67258.9559334648,"0.5 1","-1: 5, 0: 10, +1: 15",0.997404263473736,0.999009993631074,1.04321627543349,31.2036951478949
404,5,10,15,4,0.5,1,1,1,1,0.985422499660891,0.153785991038465,0.684007495898699,1.28683750342308,FALSE,0.69485243797066,0.112029100950304,0.475279434887663,0.914425441053658,TRUE,0.855132407378375,0.137255113133691,0.58611732894237,1.12414748581438,TRUE,1.0645250813396,0.923614643074,0.992387173058313,0,0,67279.0051721596,67253.8261912836,"0.5 1","-1: 5, 0: 10, +1: 15",1.06441971662286,0.924358208646815,0.994342350841132,25.178980875964
405,5,10,15,5,0.5,1,1,1,1,0.851932249928313,0.188654387129402,0.482176445629207,1.22168805422742,TRUE,0.488708881216719,0.133252335699487,0.227539102389884,0.749878660043554,TRUE,1.05839206637606,0.163908215234991,0.737137867745236,1.37964626500688,TRUE,0.996742058673905,0.985825021244415,1.01222364268946,0,0,67282.555654557,67258.0226145327,"0.5 1","-1: 5, 0: 10, +1: 15",0.99594565198786,0.987902601846881,1.01294840128837,24.5330400242965
406,5,10,15,6,0.5,1,1,1,1,0.846752539195287,0.172063403017508,0.50951446622357,1.183990612167,FALSE,0.523062431438882,0.125290790589873,0.27749699428818,0.768627868589583,TRUE,0.952133161151409,0.155163758988925,0.648017781827263,1.25624854047556,TRUE,0.99670340481143,1.03528521391589,0.944583700568889,0,0,67288.2235317139,67265.4834950865,"0.5 1","-1: 5, 0: 10, +1: 15",0.99679445317516,1.03550738561437,0.945468129841168,22.7400366273214
407,5,10,15,7,0.5,1,1,1,1,0.904120788667886,0.188290709770202,0.535077778894805,1.27316379844097,FALSE,0.499617565530806,0.109053770164033,0.285876103630992,0.713359027430619,TRUE,1.21737306762609,0.133262880575196,0.956182621222647,1.47856351402954,TRUE,0.969082870971753,1.04893535030789,1.0236948830336,0,0,67259.5929986772,67215.4178525912,"0.5 1","-1: 5, 0: 10, +1: 15",0.970749077961663,1.04613110649985,1.02506343243119,44.1751460860542
408,5,10,15,8,0.5,1,1,1,1,0.895509074133413,0.150182883180774,0.60115603200471,1.18986211626212,FALSE,0.626380691169076,0.113685492449459,0.403561220403436,0.849200161934716,TRUE,0.817526026717148,0.140349272765719,0.542446506839951,1.09260554659435,TRUE,0.977621187693727,1.03850162781763,1.04686736420682,0,0,67299.4877235174,67277.4139362098,"0.5 1","-1: 5, 0: 10, +1: 15",0.977594567301543,1.03765806787614,1.04664748381208,22.0737873076141
409,5,10,15,9,0.5,1,1,1,1,0.713587968131943,0.16789446116267,0.38452087104935,1.04265506521454,TRUE,0.390118626581813,0.112477076347405,0.169667607854538,0.610569645309089,TRUE,0.966747008758859,0.139896299614572,0.692555299943873,1.24093871757384,TRUE,1.02530300554559,0.991557798235246,0.99676171485743,0,0,67313.2417158535,67286.8541590414,"0.5 1","-1: 5, 0: 10, +1: 15",1.02491149265281,0.991229026089162,0.996396985269066,26.387556812042
410,5,10,15,10,0.5,1,1,1,1,1.0256665296578,0.171576486395394,0.6893827957289,1.3619502635867,FALSE,0.70075412111171,0.127382365483317,0.451089272498891,0.950418969724529,TRUE,0.919569143604938,0.155444467535667,0.614903585639025,1.22423470157085,TRUE,0.993177022244912,1.03653149980035,0.983523095689362,0,0,67258.930490229,67237.5050947635,"0.5 1","-1: 5, 0: 10, +1: 15",0.993468485949914,1.03617011821156,0.985281405391544,21.4253954655142
411,5,10,15,11,0.5,1,1,1,1,0.839450791879465,0.181397550828388,0.483918125372051,1.19498345838688,TRUE,0.462948899696771,0.113088806575522,0.241298911754131,0.684598887639411,TRUE,1.11656115789472,0.141824246278008,0.838590743055285,1.39453157273416,TRUE,1.00726761900566,1.00739603351063,1.03147686276249,0,0,67290.4370329491,67256.0482459559,"0.5 1","-1: 5, 0: 10, +1: 15",1.0062070367519,1.01087349701847,1.0322389847246,34.3887869931496
412,5,10,15,12,0.5,1,1,1,1,0.910578634488712,0.183511853922272,0.550902010064883,1.27025525891254,FALSE,0.550934175395227,0.129527632144953,0.297064681388366,0.804803669402088,TRUE,1.0129705095421,0.15755592476183,0.704166571458013,1.32177444762619,TRUE,0.975040213380551,1.00965765600709,1.00857705534493,0,0,67279.8998316795,67255.8079066992,"0.5 1","-1: 5, 0: 10, +1: 15",0.97563919229042,1.00846928400683,1.00872755366615,24.0919249803119
413,5,10,15,13,0.5,1,1,1,1,0.864132933840593,0.173793079513187,0.52350475723244,1.20476111044875,FALSE,0.572357840262051,0.123390714578571,0.33051648366139,0.814199196862711,TRUE,0.937544218801462,0.153751784156818,0.636196259295323,1.2388921783076,TRUE,0.984607669171122,0.989986005807,0.993083539527451,0,0,67293.2555056948,67271.0857449117,"0.5 1","-1: 5, 0: 10, +1: 15",0.98434958050443,0.989932779625246,0.991757786018678,22.1697607831156
414,5,10,15,14,0.5,1,1,1,1,0.860810743130429,0.144875888475255,0.576859219490688,1.14476226677017,FALSE,0.595630271333848,0.113896659812063,0.372396920142794,0.818863622524901,TRUE,0.868188881035876,0.143306317255978,0.587313660457089,1.14906410161466,TRUE,1.0118893975569,0.992943635609466,0.978539184117142,0,0,67306.6517873255,67278.6518210496,"0.5 1","-1: 5, 0: 10, +1: 15",1.01308427511726,0.992091047796538,0.978597332449246,27.9999662758783
415,5,10,15,15,0.5,1,1,1,1,0.945101565639801,0.221429789769018,0.511107152588249,1.37909597869135,FALSE,0.483860304675142,0.126644932988441,0.23564079719331,0.732079812156975,TRUE,1.34468206342901,0.156577761709792,1.03779528969793,1.6515688371601,FALSE,1.04591826672142,0.933837821936099,0.948016811412537,0,0,67245.2745983281,67210.1368009433,"0.5 1","-1: 5, 0: 10, +1: 15",1.04648544292511,0.933399699107453,0.949543039344042,35.1377973847557
416,5,10,15,16,0.5,1,1,1,1,0.789133315049567,0.191647576782008,0.413510966832456,1.16475566326668,TRUE,0.46478910580823,0.147421610454709,0.175848058774106,0.753730152842353,TRUE,0.986855885721598,0.182912478462088,0.628354015612948,1.34535775583025,TRUE,1.04879187004042,0.940437823617529,1.06418403819596,0,0,67289.3251428034,67271.0157975771,"0.5 1","-1: 5, 0: 10, +1: 15",1.04821202443662,0.941561790909224,1.06423029948753,18.3093452263129
417,5,10,15,17,0.5,1,1,1,1,0.893796957218275,0.182034239177647,0.537016404476937,1.25057750995961,FALSE,0.56005768466326,0.123348883077061,0.318298316298978,0.801817053027542,TRUE,1.01078657238427,0.151214548586211,0.714411503216814,1.30716164155173,TRUE,1.03092137230629,0.998820060540849,1.03910724688527,0,0,67271.6724287011,67246.8278731356,"0.5 1","-1: 5, 0: 10, +1: 15",1.03152041964604,0.997432535573083,1.03884806549777,24.8445555654762
418,5,10,15,18,0.5,1,1,1,1,0.691074730115505,0.146470398754652,0.403998023755167,0.978151436475843,TRUE,0.42871277336821,0.115081132842437,0.203157897696965,0.654267649039456,TRUE,0.772021138337968,0.142706341637769,0.492321848362472,1.05172042831346,TRUE,0.995332983452559,1.01019148602501,0.991342579244384,0,0,67326.0309510462,67307.0486671178,"0.5 1","-1: 5, 0: 10, +1: 15",0.99426399567088,1.01215959105041,0.991863533522934,18.9822839284025
419,5,10,15,19,0.5,1,1,1,1,0.926667822128334,0.188218991841744,0.557765376912077,1.29557026734459,FALSE,0.53228254886778,0.109609116780411,0.31745262760093,0.747112470134629,TRUE,1.1663628456242,0.134824907307423,0.902110883082695,1.4306148081657,TRUE,1.02527319059928,0.988544310464967,1.0807469897272,0,0,67258.6418067002,67221.5391196889,"0.5 1","-1: 5, 0: 10, +1: 15",1.02400404156658,0.99039327921762,1.08099904522751,37.1026870112837
420,5,10,15,20,0.5,1,1,1,1,0.776796974774862,0.160947112265576,0.461346431318608,1.09224751823112,TRUE,0.476197178758787,0.117270616730904,0.246350993521415,0.706043363996158,TRUE,0.881868768593621,0.144644412291617,0.598370929937089,1.16536660725015,TRUE,1.00436320261071,0.987461509102812,1.0200617034388,0,0,67312.5270871966,67289.9949971216,"0.5 1","-1: 5, 0: 10, +1: 15",1.00422597373125,0.988034787468777,1.02002840495466,22.5320900749502
421,5,10,15,21,0.5,1,1,1,1,0.852329185374257,0.182818696411355,0.494011124707439,1.21064724604108,TRUE,0.495264329856536,0.112241296611219,0.27527543092047,0.715253228792602,TRUE,1.08033855642656,0.136530073290174,0.812744529971203,1.34793258288191,TRUE,1.00160543108706,0.989211097797946,1.04630076530668,0,0,67280.5615669212,67250.2453254036,"0.5 1","-1: 5, 0: 10, +1: 15",1.00230059240514,0.988716857819498,1.04792409556315,30.3162415176485
422,5,10,15,22,0.5,1,1,1,1,0.83877761809589,0.194764991714265,0.457045248886689,1.22050998730509,TRUE,0.43605884134248,0.122911825892231,0.19515608931965,0.67696159336531,TRUE,1.14334995645048,0.150907779015707,0.847576144592765,1.4391237683082,TRUE,1.01534775402216,0.982711692482663,0.970497125636053,0,0,67285.4037236994,67255.0082989712,"0.5 1","-1: 5, 0: 10, +1: 15",1.01528778720724,0.982623339539803,0.972304815893199,30.3954247282381
423,5,10,15,23,0.5,1,1,1,1,0.992249763583302,0.164601434644719,0.66963687987603,1.31486264729057,FALSE,0.661759702019115,0.110874355427675,0.44444995857178,0.87906944546645,TRUE,0.98846651423787,0.136122369131432,0.721671573249996,1.25526145522574,TRUE,0.974213062882904,1.0352879015285,1.0048596050781,0,0,67274.3248598467,67241.1440490663,"0.5 1","-1: 5, 0: 10, +1: 15",0.974386901260215,1.03635156580033,1.00670829826409,33.1808107804536
424,5,10,15,24,0.5,1,1,1,1,1.03594703408631,0.174317987767226,0.694290056205056,1.37760401196757,FALSE,0.71813720295113,0.120712627509435,0.481544800553439,0.954729605348821,TRUE,0.977032661776806,0.149644311624036,0.683735200502406,1.27033012305121,TRUE,1.01172267698514,1.01532863623151,1.02829531186532,0,0,67251.644511573,67226.5329132578,"0.5 1","-1: 5, 0: 10, +1: 15",1.0113259475959,1.01624132332329,1.02797393213762,25.1115983151831
425,5,10,15,25,0.5,1,1,1,1,0.743910433429573,0.163120000191843,0.424201107895395,1.06361975896375,TRUE,0.44931567995192,0.118680799818953,0.216705586650365,0.681925773253475,TRUE,0.88530058796809,0.145585439767602,0.599958369350164,1.17064280658602,TRUE,0.98827485811592,1.03032345020688,1.01962297058422,0,0,67308.8524183685,67285.6943998399,"0.5 1","-1: 5, 0: 10, +1: 15",0.988268263337279,1.03092332510205,1.02055249420942,23.158018528673
426,5,10,15,26,0.5,1,1,1,1,0.851934768994595,0.163430192686794,0.531617477342037,1.17225206064715,FALSE,0.50921580564915,0.114865743538772,0.284083085255744,0.734348526042557,TRUE,1.05091733372759,0.143527837503813,0.7696079414412,1.33222672601398,TRUE,0.990852404943242,1.00234389785084,1.08716176533731,0,0,67294.6194215177,67258.5239845898,"0.5 1","-1: 5, 0: 10, +1: 15",0.99203624849104,1.00305928816861,1.08855289409112,36.0954369279352
427,5,10,15,27,0.5,1,1,1,1,0.845789075858758,0.157590541816702,0.536917289593868,1.15466086212365,FALSE,0.511221415547225,0.11386805844132,0.288044122012736,0.734398709081714,TRUE,0.929531494333834,0.141396709210398,0.652399036748971,1.2066639519187,TRUE,0.987935336438632,1.00587055509365,1.00905364134303,0,0,67296.6989017084,67269.4581232248,"0.5 1","-1: 5, 0: 10, +1: 15",0.988373582661472,1.00706030258319,1.00847708163319,27.2407784835814
428,5,10,15,28,0.5,1,1,1,1,0.793741758417027,0.165584601012768,0.469201904037568,1.11828161279649,TRUE,0.48485944970875,0.112334445281895,0.26468798273295,0.705030916684549,TRUE,0.947686408483421,0.140291964918513,0.672719209922779,1.22265360704406,TRUE,0.979366660475212,1.01880028538347,1.00573940645922,0,0,67303.6238223554,67276.8461179675,"0.5 1","-1: 5, 0: 10, +1: 15",0.979028919102707,1.01952015037173,1.00604446966462,26.7777043879614
429,5,10,15,29,0.5,1,1,1,1,0.842433336387052,0.147232224527857,0.553863478948738,1.13100319382537,FALSE,0.565807483030843,0.110738829162812,0.348763366181597,0.782851599880089,TRUE,0.854312281866426,0.136690854550135,0.586403129932159,1.12222143380069,TRUE,0.996969601886335,1.0151298936467,1.05769875095714,0,0,67303.7732687206,67276.7424140921,"0.5 1","-1: 5, 0: 10, +1: 15",0.998244908631113,1.01446264595666,1.05849023102234,27.0308546284505
430,5,10,15,30,0.5,1,1,1,1,0.743374604426132,0.17259322673181,0.405098096056229,1.08165111279603,TRUE,0.393367887041093,0.111019388081847,0.175773884814997,0.610961889267189,TRUE,1.04917772767371,0.136022310091354,0.782578898800715,1.3157765565467,TRUE,0.995919372177795,1.0099927633576,1.00544323672831,0,0,67300.3959941457,67268.6946132279,"0.5 1","-1: 5, 0: 10, +1: 15",0.997101471749943,1.00662318157816,1.00593851438413,31.7013809177297
431,5,10,15,31,0.5,1,1,1,1,0.839250612150524,0.162591769552306,0.520576599645367,1.15792462465568,FALSE,0.511128112045369,0.111039789397677,0.293494123975009,0.728762100115728,TRUE,0.973367299457229,0.136977832091913,0.704895681876704,1.24183891703775,TRUE,0.993053074883647,1.01565065576718,1.0151075793274,0,0,67294.9180725958,67263.485703944,"0.5 1","-1: 5, 0: 10, +1: 15",0.99271077863293,1.01788894737769,1.01644708001415,31.43236865176
432,5,10,15,32,0.5,1,1,1,1,0.685297913243731,0.171460259340181,0.34924198015708,1.02135384633038,TRUE,0.357012122359144,0.114272736942475,0.133041673537074,0.580982571181213,TRUE,1.00963778930435,0.141638021843155,0.732032367650272,1.28724321095844,TRUE,0.984655335651348,1.00234112493219,0.976719803483773,0,0,67319.5692396759,67289.7275742116,"0.5 1","-1: 5, 0: 10, +1: 15",0.985534333645909,1.00174726497986,0.976159698367064,29.8416654642642
433,5,10,15,33,0.5,1,1,1,1,0.95914580829434,0.160396980969237,0.64477350236568,1.273518114223,FALSE,0.655010942724619,0.109647334701063,0.440106115709727,0.869915769739511,TRUE,0.935296409046339,0.135038753751411,0.670625315176401,1.19996750291628,TRUE,1.01269727580044,0.987968404304782,0.954499623619095,0,0,67278.8538154389,67247.3541186852,"0.5 1","-1: 5, 0: 10, +1: 15",1.01317143783432,0.988754008802748,0.95561765561371,31.4996967537591
434,5,10,15,34,0.5,1,1,1,1,0.882186457092968,0.151586288096421,0.58508279187387,1.17929012231207,FALSE,0.611589085918509,0.109818311547965,0.396349150441499,0.826829021395519,TRUE,0.831979988222072,0.135451896609468,0.566499149229871,1.09746082721427,TRUE,1.04689754157904,0.986274789012002,1.02244528656517,0,0,67292.675364254,67269.5134783583,"0.5 1","-1: 5, 0: 10, +1: 15",1.04711455635083,0.986598368569709,1.02256019836407,23.1618858957081
435,5,10,15,35,0.5,1,1,1,1,0.645966450716471,0.174458671516895,0.304033737752653,0.987899163680288,TRUE,0.297896346128309,0.121144277500635,0.0604579252939394,0.535334766962679,TRUE,0.973334438239794,0.147416841289974,0.684402738596788,1.2622661378828,TRUE,1.02330744323724,0.974553198975952,1.06611624917339,0,0,67317.6589857872,67292.8628360048,"0.5 1","-1: 5, 0: 10, +1: 15",1.02327885453853,0.975022816843979,1.06702562279965,24.7961497824144
436,5,10,15,36,0.5,1,1,1,1,0.656503702154385,0.186761083367075,0.290458705041236,1.02254869926753,TRUE,0.249340686294602,0.112017622486428,0.0297901805873985,0.468891192001805,FALSE,1.23435814693641,0.138335038886214,0.963226452919483,1.50548984095334,TRUE,1.03551773042379,0.974028074046601,1.01844244648855,0,0,67302.9113163725,67258.2005733913,"0.5 1","-1: 5, 0: 10, +1: 15",1.03596886531004,0.974966788023921,1.01849860776984,44.7107429811731
437,5,10,15,37,0.5,1,1,1,1,0.704405723690951,0.137929880505827,0.434068125507617,0.974743321874286,TRUE,0.451136364123864,0.109883653985261,0.235768359823092,0.666504368424636,TRUE,0.768990956016684,0.135531400769368,0.503354291734459,1.03462762029891,TRUE,0.978911316360778,1.01044621784994,1.02848581670808,0,0,67325.8902577593,67302.3423465572,"0.5 1","-1: 5, 0: 10, +1: 15",0.979537529146407,1.01152400116812,1.029657140308,23.5479112020403
438,5,10,15,38,0.5,1,1,1,1,0.834052356601893,0.198917021302401,0.444182158937201,1.22392255426658,TRUE,0.404617292348042,0.11426848234356,0.180655182386614,0.628579402309469,TRUE,1.24741210948278,0.140160969625952,0.972701656977699,1.52212256198786,TRUE,0.992989503249057,0.990827665612758,1.01600275894646,0,0,67282.6591174096,67242.8358503277,"0.5 1","-1: 5, 0: 10, +1: 15",0.992705281045188,0.991712441911983,1.01591344103005,39.8232670818106
439,5,10,15,39,0.5,1,1,1,1,1.00670747942247,0.149798231641559,0.713108340457223,1.30030661838771,FALSE,0.72867882452153,0.111012177758133,0.511098954270231,0.946258694772829,FALSE,0.806742560184032,0.134194707347099,0.543725766867825,1.06975935350024,TRUE,0.993513789002599,1.02645518270012,1.02622055913434,0,0,67272.7188790729,67250.3501677389,"0.5 1","-1: 5, 0: 10, +1: 15",0.994582008187359,1.02558744922095,1.02750124870201,22.3687113339402
440,5,10,15,40,0.5,1,1,1,1,0.932227051071367,0.18388155988681,0.571825816272175,1.29262828587056,FALSE,0.580560068280393,0.123931717685033,0.337658365075543,0.823461771485243,TRUE,1.04494506515853,0.152585187638688,0.74588359281241,1.34400653750464,TRUE,0.961147488963945,1.06333837207944,1.03040253317034,0,0,67272.1106045477,67245.7459449722,"0.5 1","-1: 5, 0: 10, +1: 15",0.960302101540439,1.06483078703201,1.02986757135954,26.3646595754399
441,5,10,15,41,0.5,1,1,1,1,0.664560567076431,0.163011412235412,0.345064070026013,0.984057064126849,TRUE,0.356992197677206,0.115117642928605,0.131365763551997,0.582618631802414,TRUE,0.928105801256944,0.141333469153965,0.651097291905069,1.20511431060882,TRUE,0.955406255443033,1.05083268643801,1.02066992080039,0,0,67324.5414987572,67298.3884630061,"0.5 1","-1: 5, 0: 10, +1: 15",0.955485927969177,1.04936245223299,1.02236324977749,26.1530357510783
442,5,10,15,42,0.5,1,1,1,1,0.777425308383296,0.184107046773495,0.416582127407215,1.13826848935938,TRUE,0.380681917070591,0.110885701523965,0.163349935683161,0.59801389845802,TRUE,1.15993559603702,0.134328629355798,0.896656320407026,1.42321487166701,TRUE,0.987769452168335,1.0130072417875,0.990042961865691,0,0,67290.7923016323,67249.3369671455,"0.5 1","-1: 5, 0: 10, +1: 15",0.988533725409889,1.01305086433944,0.992315295853685,41.4553344867891
443,5,10,15,43,0.5,1,1,1,1,0.672095199060827,0.165448271076115,0.347822546447222,0.996367851674433,TRUE,0.357184419960876,0.11216537662299,0.137344321467446,0.577024518454307,TRUE,0.98686258883407,0.136380218224424,0.719562272910485,1.25416290475765,TRUE,0.975070775092386,1.00044848855252,0.951628238993137,0,0,67318.7200592204,67286.3046208905,"0.5 1","-1: 5, 0: 10, +1: 15",0.975225921469915,1.00122340903218,0.953920275100089,32.4154383299028
444,5,10,15,44,0.5,1,1,1,1,0.79669833752385,0.178633984797667,0.446582160905548,1.14681451414215,TRUE,0.41523663911938,0.123048842977794,0.17406533854358,0.656407939695181,TRUE,1.04009981333117,0.150040114161017,0.746026593339298,1.33417303332304,TRUE,1.00486931555749,0.981584943757374,0.9767053652289,0,0,67294.7409236397,67269.0772767884,"0.5 1","-1: 5, 0: 10, +1: 15",1.00698725790522,0.977772508653071,0.976610666005409,25.663646851317
445,5,10,15,45,0.5,1,1,1,1,0.829494212888817,0.159521593069709,0.516837635715733,1.1421507900619,FALSE,0.500678580145336,0.112598035062007,0.279990486693823,0.721366673596848,TRUE,0.970368485096599,0.140367775017699,0.695252701471887,1.24548426872131,TRUE,0.981652562521354,1.00622658641293,1.00236949598411,0,0,67303.8910612957,67271.518539984,"0.5 1","-1: 5, 0: 10, +1: 15",0.981979560211021,1.00766074943145,1.00464133406581,32.3725213116268
446,5,10,15,46,0.5,1,1,1,1,1.06519803074073,0.201230401321848,0.670793691555365,1.45960236992609,FALSE,0.672858906407781,0.12196265865616,0.433816487982956,0.911901324832606,TRUE,1.2039965404262,0.151347359126351,0.907361167383304,1.5006319134691,TRUE,0.991345138344378,1.00928522469946,0.95461708620619,0,0,67231.9105008287,67200.9674215562,"0.5 1","-1: 5, 0: 10, +1: 15",0.991949074573341,1.00742593614813,0.954000641316579,30.9430792725034
447,5,10,15,47,0.5,1,1,1,1,0.632912154712713,0.164039898441987,0.31139986173881,0.954424447686616,TRUE,0.30902049053748,0.112919756503384,0.087701834647815,0.530339146427145,TRUE,0.986561701931205,0.136516495579244,0.718994287300266,1.25412911656214,TRUE,1.02694237305515,0.961802222907614,1.00471977446615,0,0,67323.9580793833,67290.6496379379,"0.5 1","-1: 5, 0: 10, +1: 15",1.02744213443811,0.962578575441687,1.00592005436201,33.3084414454206
448,5,10,15,48,0.5,1,1,1,1,1.03594316339613,0.182681914036578,0.677893191257594,1.39399313553467,FALSE,0.650242962728888,0.114640199590386,0.425552300351248,0.874933625106528,TRUE,1.05726433456181,0.143039814259917,0.776911450257071,1.33761721886654,TRUE,0.997195374989223,0.985019238946775,1.034349374904,0,0,67265.4775010273,67237.1268922701,"0.5 1","-1: 5, 0: 10, +1: 15",0.997492753025528,0.985251855130899,1.03355961544762,28.3506087572896
449,5,10,15,49,0.5,1,1,1,1,0.634995796339959,0.163880156668366,0.313796591489181,0.956195001190738,TRUE,0.30033220867099,0.112504238349758,0.0798279533973548,0.520836463944624,TRUE,1.00372629876504,0.136724308484023,0.735751578325212,1.27170101920487,TRUE,1.0167125110011,1.02115825892759,1.02311819987362,0,0,67314.7313608173,67282.4720458291,"0.5 1","-1: 5, 0: 10, +1: 15",1.01801394539106,1.01911866092597,1.02327293462558,32.2593149881868
450,5,10,15,50,0.5,1,1,1,1,0.869220679639157,0.213224698838967,0.451307949300383,1.28713340997793,TRUE,0.445490738972027,0.133374336752331,0.184081842475542,0.706899635468513,TRUE,1.25125208084179,0.165102852496159,0.927656436204484,1.57484772547909,TRUE,1.0241794580461,0.957584298561879,1.02449045920719,0,0,67268.8605868505,67239.0020735683,"0.5 1","-1: 5, 0: 10, +1: 15",1.02432476958501,0.956994416436323,1.02471348782814,29.8585132821463
451,5,10,15,51,0.5,1,1,1,1,0.77173825059071,0.164154850086198,0.45000065653419,1.09347584464723,TRUE,0.450847678057098,0.111043104165501,0.233207193161186,0.66848816295301,TRUE,0.952449165325426,0.136172209616691,0.685556538781472,1.21934179186938,TRUE,1.01911841654664,0.976125107491365,0.985665627686554,0,0,67301.7596057598,67273.5709635883,"0.5 1","-1: 5, 0: 10, +1: 15",1.01916662456213,0.97586022116037,0.985775716079802,28.1886421714298
452,5,10,15,52,0.5,1,1,1,1,0.956746396954107,0.171119053507658,0.621359215010515,1.2921335788977,FALSE,0.634388585335782,0.123119310909257,0.39307917015225,0.875698000519315,TRUE,0.942725827467962,0.149693244413846,0.649332459687872,1.23611919524805,TRUE,0.989105011082562,1.02581868282722,0.999894043950852,0,0,67265.7594495108,67241.8437581512,"0.5 1","-1: 5, 0: 10, +1: 15",0.988928861549115,1.02618222144185,1.00005755755579,23.9156913596526
453,5,10,15,53,0.5,1,1,1,1,0.756474832871604,0.163980094198692,0.435079754060683,1.07786991168253,TRUE,0.477007179042635,0.128642502642835,0.22487250698158,0.72914185110369,TRUE,0.827112306013641,0.157438833981004,0.518537861642892,1.13568675038439,TRUE,0.995510591412869,1.00281842935594,0.97429284843194,0,0,67307.6541191962,67290.2776105647,"0.5 1","-1: 5, 0: 10, +1: 15",0.995192478889129,1.00295120990888,0.974113549828116,17.376508631467
454,5,10,15,54,0.5,1,1,1,1,0.804234944189983,0.176771729624451,0.457768720641208,1.15070116773876,TRUE,0.444413689943455,0.109925306719653,0.228964047783417,0.659863332103494,TRUE,1.07341402341932,0.136463519260913,0.805950440464347,1.3408776063743,TRUE,1.03791520644744,0.944026721741421,0.989644236571118,0,0,67288.231348627,67255.2181244173,"0.5 1","-1: 5, 0: 10, +1: 15",1.03667589757455,0.947294458128213,0.99039344163758,33.0132242096588
455,5,10,15,55,0.5,1,1,1,1,0.892128796860426,0.178006659330819,0.543242155563729,1.24101543815712,FALSE,0.550650026645429,0.119193252319927,0.317035544898177,0.78426450839268,TRUE,0.992244309141313,0.146140057651883,0.705815059445015,1.27867355883761,TRUE,0.945858334542,1.04001374229544,0.999467657931177,0,0,67281.7509204451,67255.8363279353,"0.5 1","-1: 5, 0: 10, +1: 15",0.946164520375507,1.04016081114645,0.997864598020098,25.91459250974
456,5,10,15,56,0.5,1,1,1,1,0.907161048391239,0.166643080893282,0.580546611567612,1.23377548521487,FALSE,0.550931741033281,0.114602038523242,0.326315872972854,0.775547609093707,TRUE,1.05956782475759,0.142328458928272,0.780609171283084,1.33852647823209,TRUE,1.01523007875519,0.937863889384951,0.994095908818849,0,0,67288.8306518572,67252.3499895884,"0.5 1","-1: 5, 0: 10, +1: 15",1.01613951732026,0.938361265151228,0.993497721256493,36.4806622688193
457,5,10,15,57,0.5,1,1,1,1,0.701988917352454,0.160520403883265,0.387374706957432,1.01660312774748,TRUE,0.423415223985499,0.11319971569058,0.201547858171788,0.645282589799209,TRUE,0.88263595051673,0.14088963833191,0.606497333591314,1.15877456744215,TRUE,1.0076462365803,0.990574917535586,0.967162903514964,0,0,67315.9927139818,67293.1649747738,"0.5 1","-1: 5, 0: 10, +1: 15",1.00806776600959,0.990402663846112,0.967907376655564,22.8277392079181
458,5,10,15,58,0.5,1,1,1,1,0.789995710894043,0.151787748958606,0.492497189640768,1.08749423214732,TRUE,0.51437432672654,0.108939924565013,0.300855998100604,0.727892655352476,TRUE,0.82675118044141,0.13464408293527,0.562853627156857,1.09064873372596,TRUE,1.00993243927313,0.998277219008063,1.04394135778801,0,0,67304.4872129157,67281.8595538987,"0.5 1","-1: 5, 0: 10, +1: 15",1.00935790408014,0.999029311212986,1.04424935354012,22.6276590169873
459,5,10,15,59,0.5,1,1,1,1,0.72475482898068,0.178937153611176,0.374044452406663,1.0754652055547,TRUE,0.396955921213749,0.122932861406687,0.156011940340189,0.637899902087309,TRUE,1.00780011810831,0.149537901065236,0.714711217696738,1.30088901851989,TRUE,1.00585774085044,0.982870212748437,1.00658140676212,0,0,67305.1479592453,67280.1215641307,"0.5 1","-1: 5, 0: 10, +1: 15",1.00634475259634,0.983033647586444,1.00631134343957,25.0263951145753
460,5,10,15,60,0.5,1,1,1,1,0.87397194673488,0.164107297436787,0.552327554158575,1.19561633931118,FALSE,0.541124786577029,0.110506572905744,0.324535883626821,0.757713689527238,TRUE,1.01009987123765,0.136919357037374,0.741742862658012,1.27845687981728,TRUE,0.998566669321682,1.02880736893103,0.991994951028865,0,0,67283.7337369286,67249.9706008675,"0.5 1","-1: 5, 0: 10, +1: 15",0.999689923303056,1.02716506225164,0.991301038101799,33.763136061054
461,5,10,15,61,0.5,1,1,1,1,0.632290338930787,0.162736601147484,0.31333246171526,0.951248216146315,TRUE,0.318797287164767,0.11014889873512,0.102909412707183,0.534685161622351,TRUE,0.991595659001904,0.136635055657485,0.723795870887609,1.2593954471162,TRUE,0.992784668529573,1.03271067947712,1.0046510730285,0,0,67324.7551703311,67291.6775186438,"0.5 1","-1: 5, 0: 10, +1: 15",0.993048367104004,1.03340057209027,1.00626142367583,33.0776516873302
462,5,10,15,62,0.5,1,1,1,1,1.02945476696262,0.165433948917345,0.70521018526439,1.35369934866086,FALSE,0.746467094750554,0.122550765207076,0.50627200866686,0.986662180834247,FALSE,0.858192630873833,0.149681286374124,0.564822700420924,1.15156256132674,TRUE,1.04100551126337,0.945395178194168,1.01689346659675,0,0,67268.2915497817,67248.4713243359,"0.5 1","-1: 5, 0: 10, +1: 15",1.04029096082623,0.946230417325927,1.01596258999017,19.8202254457574
463,5,10,15,63,0.5,1,1,1,1,0.834284107583598,0.179394130242241,0.482678073270917,1.18589014189628,TRUE,0.469705890583208,0.117749772019962,0.238920578236281,0.700491202930135,TRUE,1.05353249997073,0.144922914039305,0.769488807919097,1.33757619202236,TRUE,0.989781563303772,1.01579541830861,0.969804357448038,0,0,67287.0801207645,67257.7813950478,"0.5 1","-1: 5, 0: 10, +1: 15",0.98864836348336,1.01770946143252,0.970832093677561,29.2987257166533
464,5,10,15,64,0.5,1,1,1,1,0.941299692000575,0.17746191461729,0.593480730723164,1.28911865327799,FALSE,0.589173718960651,0.110667147413529,0.37227009575835,0.806077342162952,TRUE,1.09061496677081,0.136083051767002,0.823897086401184,1.35733284714043,TRUE,1.02930429604615,0.945345548713779,0.956287795542581,0,0,67262.8536553185,67228.5231812668,"0.5 1","-1: 5, 0: 10, +1: 15",1.02977844892797,0.944049848141188,0.956075451636707,34.3304740516614
465,5,10,15,65,0.5,1,1,1,1,0.809986674960752,0.152146766261694,0.511784492723598,1.10818885719791,FALSE,0.535130592792653,0.112842825126941,0.313962719630097,0.756298465955208,TRUE,0.824261613726153,0.138952119745518,0.551920463449442,1.09660276400287,TRUE,1.00493040225193,1.00444594484322,0.997416651000891,0,0,67311.0496441662,67288.3523700288,"0.5 1","-1: 5, 0: 10, +1: 15",1.00458263156858,1.00574443640698,0.997337933216035,22.6972741374339
466,5,10,15,66,0.5,1,1,1,1,0.798921063857113,0.192736194307602,0.421165064496899,1.17667706321733,TRUE,0.418045011965266,0.115121737277251,0.192410553064172,0.643679470866361,TRUE,1.15125233266601,0.142703332360578,0.871558940765428,1.43094572456659,TRUE,0.982690526016872,1.03052387623498,1.00073110597765,0,0,67284.2497164589,67252.7939914727,"0.5 1","-1: 5, 0: 10, +1: 15",0.983650936969994,1.02762406869004,0.999711953690917,31.455724986241
467,5,10,15,67,0.5,1,1,1,1,0.842015693786773,0.167297559090783,0.514118503267376,1.16991288430617,FALSE,0.548543654741478,0.111178145973326,0.330638492765823,0.766448816717132,TRUE,0.944501698015639,0.136762182139931,0.676452746574268,1.21255064945701,TRUE,1.02885619926647,0.965937922399723,1.01591443436762,0,0,67289.1461456756,67263.1113198862,"0.5 1","-1: 5, 0: 10, +1: 15",1.0281351944572,0.967991222485272,1.01601865785339,26.0348257893638
468,5,10,15,68,0.5,1,1,1,1,0.808189536129587,0.152624221005843,0.509051559789654,1.10732751246952,FALSE,0.506281829850358,0.111855772123653,0.287048545025079,0.725515114675636,TRUE,0.940871883175696,0.135668557222281,0.674966397185515,1.20677736916588,TRUE,0.971586876484852,1.01365087398268,0.970665080992453,0,0,67308.1684013251,67273.6998655641,"0.5 1","-1: 5, 0: 10, +1: 15",0.972401514583622,1.01519708043518,0.972108171621438,34.4685357610288
469,5,10,15,69,0.5,1,1,1,1,0.866476256373983,0.202352902467025,0.469871855371469,1.2630806573765,TRUE,0.462938030099161,0.120667463168852,0.226434148182399,0.699441912015924,TRUE,1.23012975356366,0.149323952189435,0.937460185243181,1.52279932188413,TRUE,1.00081041835894,0.999334418011193,1.00017368270376,0,0,67262.6113068634,67228.1592628911,"0.5 1","-1: 5, 0: 10, +1: 15",1.00172097605419,0.999215213947581,0.999970792861397,34.4520439722983
470,5,10,15,70,0.5,1,1,1,1,1.01771490779567,0.176444053801606,0.671890917058276,1.36353889853307,FALSE,0.663732504988841,0.108913068968498,0.450266812364859,0.877198197612823,TRUE,1.04689725263049,0.13358596852623,0.785073565479179,1.3087209397818,TRUE,1.00166587395613,0.989753324721213,1.02663453809525,0,0,67257.6770112788,67225.7664359874,"0.5 1","-1: 5, 0: 10, +1: 15",1.00123571686074,0.992109774860525,1.02645209186716,31.9105752913893
471,5,10,15,71,0.5,1,1,1,1,0.780630758687725,0.159668521728112,0.467686206635874,1.09357531073958,TRUE,0.494533982218837,0.112257220066147,0.274513873884603,0.714554090553071,TRUE,0.851508081732829,0.13715957599894,0.582680252640123,1.12033591082554,TRUE,1.02381497296855,0.962260139038166,0.961924904402196,0,0,67310.8425637622,67288.8902360632,"0.5 1","-1: 5, 0: 10, +1: 15",1.02444491364591,0.961092531480108,0.962625094270743,21.9523276990367
472,5,10,15,72,0.5,1,1,1,1,1.02522492226374,0.162027170332135,0.707657503895818,1.34279234063166,FALSE,0.722582562008941,0.114423187983895,0.49831723456425,0.946847889453633,TRUE,0.877846845873746,0.139879903186037,0.603687273468163,1.15200641827933,TRUE,1.02092589327958,0.98070215045397,1.03070239244106,0,0,67271.1743123625,67248.4437092677,"0.5 1","-1: 5, 0: 10, +1: 15",1.02075276220058,0.980483052609744,1.03217108415181,22.7306030948093
473,5,10,15,73,0.5,1,1,1,1,0.709758224674063,0.194221087847119,0.32909188745552,1.09042456189261,TRUE,0.311831352609628,0.129671827085758,0.0576792417120376,0.565983463507219,TRUE,1.14067066811843,0.158790768888221,0.829446480020093,1.45189485621677,TRUE,1.00882364785085,0.989588841709095,0.968259857566969,0,0,67295.9195000012,67267.7256567747,"0.5 1","-1: 5, 0: 10, +1: 15",1.00817572528081,0.990681281580742,0.968101824339389,28.193843226516
474,5,10,15,74,0.5,1,1,1,1,0.732934435707206,0.1714575025799,0.39688390577142,1.06898496564299,TRUE,0.388671496212802,0.113391353613413,0.166428526972268,0.610914465453337,TRUE,1.04808747471946,0.138020358928648,0.77757254208602,1.3186024073529,TRUE,1.0207286852332,0.996635836901125,0.994900887757956,0,0,67307.7556200949,67272.5772793995,"0.5 1","-1: 5, 0: 10, +1: 15",1.02110943407553,0.998004093096966,0.995279242753613,35.1783406953618
475,5,10,15,75,0.5,1,1,1,1,1.11539699661641,0.183885310030627,0.754988411670403,1.47580558156243,FALSE,0.765898174641677,0.110861527113853,0.548613574227414,0.98318277505594,FALSE,1.05047406755944,0.136461505096641,0.783014432293894,1.31793370282498,TRUE,1.00283848747686,0.997488304078626,1.00348636034956,0,0,67245.7958147449,67214.9131322067,"0.5 1","-1: 5, 0: 10, +1: 15",1.00377294634247,0.994984694864596,1.00428320246012,30.882682538213
476,5,10,15,76,0.5,1,1,1,1,0.664442305885754,0.162788098496753,0.345383495720359,0.983501116051149,TRUE,0.370667905012187,0.121338820262445,0.132848187371217,0.608487622653158,TRUE,0.861362996570389,0.15030205670616,0.566776378624019,1.15594961451676,TRUE,1.02067170375689,0.977460351274506,1.01896875451308,0,0,67322.2044826978,67302.346422325,"0.5 1","-1: 5, 0: 10, +1: 15",1.02035931103003,0.976642129148597,1.01898181854743,19.8580603727605
477,5,10,15,77,0.5,1,1,1,1,0.872874648285546,0.165697315571789,0.548113877429873,1.19763541914122,FALSE,0.56610737626344,0.118646731720051,0.333564055208753,0.798650697318126,TRUE,0.923982226670873,0.145428524741828,0.638947555852097,1.20901689748965,TRUE,1.02640636369466,0.960666930352806,0.982111177499667,0,0,67285.943516534,67262.2023892319,"0.5 1","-1: 5, 0: 10, +1: 15",1.0270045784992,0.960206538029468,0.983627669142391,23.7411273020407
478,5,10,15,78,0.5,1,1,1,1,0.754644473568949,0.154954274510938,0.450939676276978,1.05834927086092,TRUE,0.451517337128774,0.110019840365621,0.23588241242731,0.667152261830237,TRUE,0.875608032572052,0.135541538141515,0.609951499405521,1.14126456573858,TRUE,1.0018622485394,1.02949838687115,1.00411756703817,0,0,67310.6319315393,67284.835355801,"0.5 1","-1: 5, 0: 10, +1: 15",1.00200066481405,1.02903563868071,1.00378764011351,25.7965757382772
479,5,10,15,79,0.5,1,1,1,1,0.828247974066735,0.141062466673884,0.551770619815541,1.10472532831793,FALSE,0.556374521692012,0.109562247997023,0.341636461552601,0.771112581831423,TRUE,0.83826546102612,0.133399290010334,0.576807657042651,1.09972326500959,TRUE,0.986322122137843,1.0271564040941,1.04932822148384,0,0,67304.1505124242,67274.7540709178,"0.5 1","-1: 5, 0: 10, +1: 15",0.987789394709842,1.02594093375936,1.05121664899169,29.396441506382
480,5,10,15,80,0.5,1,1,1,1,0.866442472661268,0.19562602452114,0.483022510161084,1.24986243516145,TRUE,0.465525036639469,0.113420479682927,0.243224981351676,0.687825091927263,TRUE,1.22950240174937,0.142009171840653,0.951169539467333,1.50783526403141,TRUE,0.993087426257922,0.977176229344527,0.977450616054686,0,0,67269.2182534692,67232.7670223482,"0.5 1","-1: 5, 0: 10, +1: 15",0.993171212990209,0.977320197550181,0.976390672682442,36.4512311209401
481,5,10,15,81,0.5,1,1,1,1,1.02549677346172,0.163264099136162,0.705505019186465,1.34548852773697,FALSE,0.702448749560918,0.113303807556348,0.480377367439218,0.924520131682618,TRUE,0.9585712324865,0.137684535155302,0.688714502353968,1.22842796261903,TRUE,1.00165951218464,1.00005426442498,0.980831418428365,0,0,67271.2272530884,67241.1329228981,"0.5 1","-1: 5, 0: 10, +1: 15",1.00176829390442,1.00038117241351,0.981636631040793,30.0943301902735
482,5,10,15,82,0.5,1,1,1,1,1.03201975306761,0.155957377332107,0.726348910373359,1.33769059576186,FALSE,0.773553453742656,0.113062020657554,0.551955965234526,0.995150942250785,FALSE,0.837044791996187,0.137437449525456,0.567672340799253,1.10641724319312,TRUE,0.996857216765462,1.01158073174114,0.995124006208593,0,0,67269.9274742975,67247.0978818551,"0.5 1","-1: 5, 0: 10, +1: 15",0.997424436912697,1.01133076693799,0.995744581373892,22.8295924424165
483,5,10,15,83,0.5,1,1,1,1,1.01554851965417,0.159917813522962,0.702115364662769,1.32898167464556,FALSE,0.677549168200361,0.110397417920681,0.46117420508961,0.893924131311112,TRUE,1.00514297448311,0.136850527352627,0.736920869606644,1.27336507935957,TRUE,1.00106097385607,1.00165516747358,0.958101749032379,0,0,67262.6709783328,67227.8709669289,"0.5 1","-1: 5, 0: 10, +1: 15",1.00227784039395,1.00076854886832,0.958633599314946,34.8000114039023
484,5,10,15,84,0.5,1,1,1,1,1.02130930464833,0.161636104275338,0.704508361667303,1.33811024762935,FALSE,0.735456036648878,0.115137469281869,0.509790743585327,0.961121329712429,FALSE,0.852657776532287,0.142015370245342,0.574312765600295,1.13100278746428,TRUE,0.980114673657641,1.01434315719632,0.990882713133948,0,0,67269.4694715321,67248.2414867386,"0.5 1","-1: 5, 0: 10, +1: 15",0.981044001251493,1.01269780338012,0.991405518088822,21.2279847934697
485,5,10,15,85,0.5,1,1,1,1,0.860004733742458,0.136755407950287,0.591969059468812,1.1280404080161,FALSE,0.611178023718121,0.107654295966394,0.400179480842972,0.822176566593269,TRUE,0.777224667903775,0.132836649875483,0.516869618320871,1.03757971748668,TRUE,1.00059642953062,1.01002017724005,1.01848288549336,0,0,67296.5887753602,67271.7473486889,"0.5 1","-1: 5, 0: 10, +1: 15",1.00193540199057,1.00881580769559,1.01937739947654,24.8414266712643
486,5,10,15,86,0.5,1,1,1,1,0.936974873146684,0.181411114836166,0.581415621672539,1.29253412462083,FALSE,0.587202200284846,0.126654583357613,0.338963778426998,0.835440622142694,TRUE,1.01296091357668,0.156488658353599,0.706248779214637,1.31967304793873,TRUE,1.01615480414262,0.976241623556728,0.992936021344379,0,0,67274.9105622457,67250.6138436101,"0.5 1","-1: 5, 0: 10, +1: 15",1.01630147914757,0.976142421596387,0.992198776782031,24.2967186356109
487,5,10,15,87,0.5,1,1,1,1,0.757994105808302,0.14887201836048,0.466210311515976,1.04977790010063,TRUE,0.470832009370352,0.111130881201577,0.253019484645061,0.688644534095642,TRUE,0.839915127705877,0.135084745630489,0.575153891409363,1.10467636400239,TRUE,1.01862808392544,0.978604289459196,0.994493105463261,0,0,67309.9405550157,67285.3434120834,"0.5 1","-1: 5, 0: 10, +1: 15",1.01853910420322,0.979130814104888,0.994540286043855,24.5971429323108
488,5,10,15,88,0.5,1,1,1,1,0.786818274365136,0.197870732701654,0.398998764675343,1.17463778405493,TRUE,0.438284854575332,0.142197968142975,0.159581958340328,0.716987750810336,TRUE,1.07513016077814,0.175363950536831,0.73142313353929,1.418837188017,TRUE,0.993334626658669,1.0282188227059,0.988684536070531,0,0,67280.6738202291,67258.1222375212,"0.5 1","-1: 5, 0: 10, +1: 15",0.993530549100307,1.02733510709389,0.987548370777676,22.5515827078925
489,5,10,15,89,0.5,1,1,1,1,0.780683857641949,0.204567696656099,0.379738539795681,1.18162917548822,TRUE,0.394826699776871,0.127073952124463,0.145766330239756,0.643887069313986,TRUE,1.21337633730175,0.158744309338623,0.902243208247366,1.52450946635614,TRUE,1.00131258834335,0.968696074945265,0.976743588040877,0,0,67283.9171754542,67253.8009183457,"0.5 1","-1: 5, 0: 10, +1: 15",1.00184625052458,0.968213124479203,0.9793747806052,30.1162571085006
490,5,10,15,90,0.5,1,1,1,1,0.857974064853451,0.162267327462952,0.539935947158498,1.1760121825484,FALSE,0.530067538678022,0.109481427402369,0.315487883993343,0.744647193362702,TRUE,0.967553656695487,0.136431989305936,0.700151871316698,1.23495544207428,TRUE,1.00553518872004,0.97115094828396,0.959847038705296,0,0,67298.1598095339,67267.4830523004,"0.5 1","-1: 5, 0: 10, +1: 15",1.00660722325619,0.97016849399055,0.961025440808852,30.6767572334356
491,5,10,15,91,0.5,1,1,1,1,0.861505871772326,0.128919429039666,0.608828433947114,1.11418330959754,FALSE,0.608786034362225,0.112010518828123,0.389249451569457,0.828322617154992,TRUE,0.756300999961586,0.138044037494833,0.485739658191215,1.02686234173196,TRUE,1.01503521633166,0.997887024570142,1.04202243834543,0,0,67307.0859467539,67282.2298912188,"0.5 1","-1: 5, 0: 10, +1: 15",1.01674844647546,0.996431613525854,1.04447469520802,24.8560555351287
492,5,10,15,92,0.5,1,1,1,1,0.906882642199851,0.178347456084112,0.557328051540654,1.25643723285905,FALSE,0.570767058215556,0.130030995157776,0.315910990832414,0.825623125598699,TRUE,0.974826085467112,0.157116543393893,0.666883319039658,1.28276885189457,TRUE,1.00747259985301,1.02840205121355,0.998947178258295,0,0,67270.893132469,67248.1068209178,"0.5 1","-1: 5, 0: 10, +1: 15",1.00705644911016,1.02861068353578,0.999063726680793,22.7863115511864
493,5,10,15,93,0.5,1,1,1,1,0.628259878160889,0.16916734811907,0.296697968487363,0.959821787834415,TRUE,0.287442374707309,0.117959901089556,0.0562452169518731,0.518639532462745,TRUE,0.964020737154888,0.143417169311937,0.682928250538809,1.24511322377097,TRUE,1.01352098456056,0.970480026020453,0.988127461900258,0,0,67318.4678276614,67292.6971910832,"0.5 1","-1: 5, 0: 10, +1: 15",1.01387947356603,0.968919836440905,0.986459929477821,25.7706365781487
494,5,10,15,94,0.5,1,1,1,1,0.900626348157051,0.188729422020178,0.53072347817444,1.27052921813966,FALSE,0.535771425905013,0.131241522206498,0.278542769104063,0.793000082705964,TRUE,1.05490494395802,0.159476633178787,0.742336486551889,1.36747340136415,TRUE,0.984537797879697,1.02698087426276,1.02096054937744,0,0,67267.8853964951,67243.1773134809,"0.5 1","-1: 5, 0: 10, +1: 15",0.984255136812956,1.02640719742443,1.02054160888364,24.7080830142077
495,5,10,15,95,0.5,1,1,1,1,0.935492562855697,0.15444813675274,0.63277977734101,1.23820534837038,FALSE,0.623431540830572,0.118042143545981,0.392073190822541,0.854789890838603,TRUE,0.862437486783468,0.144644674286774,0.578939134625864,1.14593583894107,TRUE,0.987688317802672,1.00136032285999,0.969084459101219,0,0,67283.1171247719,67260.2112671637,"0.5 1","-1: 5, 0: 10, +1: 15",0.987505077552132,1.00264449110531,0.969708675485521,22.9058576082316
496,5,10,15,96,0.5,1,1,1,1,0.700331463966669,0.175361041981605,0.356630137391307,1.04403279054203,TRUE,0.370071586644285,0.119362346461826,0.136125686468914,0.604017486819656,TRUE,0.982879845486013,0.145493203367651,0.697718406890056,1.26804128408197,TRUE,0.995214726253738,1.00628486754858,1.01102096089028,0,0,67306.5734716041,67280.9552411282,"0.5 1","-1: 5, 0: 10, +1: 15",0.995435329512676,1.00764080373624,1.01046748711242,25.6182304759132
497,5,10,15,97,0.5,1,1,1,1,0.95823121765242,0.170712515740572,0.623640835090673,1.29282160021417,FALSE,0.635011662971279,0.110446156670043,0.418541173667127,0.851482152275431,TRUE,1.05490537735868,0.136841589807302,0.78670078974916,1.32310996496819,TRUE,1.02029035390561,0.961524827792916,0.994991656615831,0,0,67273.8978696338,67238.429430154,"0.5 1","-1: 5, 0: 10, +1: 15",1.02107867115252,0.961813501466896,0.995884869864658,35.4684394797951
498,5,10,15,98,0.5,1,1,1,1,0.614205633153133,0.198301495510253,0.225541843872605,1.00286942243366,TRUE,0.262674067056433,0.148186865254428,-0.0277668518241352,0.553114985937,TRUE,1.04892732602242,0.182762486378373,0.690719434995815,1.40713521704902,TRUE,0.975918524668635,1.05040317651282,0.992330435910708,0,0,67307.9297875116,67287.7254474324,"0.5 1","-1: 5, 0: 10, +1: 15",0.975740930335096,1.05078695105936,0.993211273685536,20.2043400792172
499,5,10,15,99,0.5,1,1,1,1,0.787649790062667,0.151639081893738,0.490442650902221,1.08485692922311,TRUE,0.523121902827035,0.111702752962253,0.304188530047044,0.742055275607025,TRUE,0.807519065856475,0.13840957137332,0.536241290849141,1.07879684086381,TRUE,0.980698666043476,1.01003059111122,0.958413856002446,0,0,67313.5160900247,67292.4254797848,"0.5 1","-1: 5, 0: 10, +1: 15",0.979592849436324,1.01311144784338,0.958616152083683,21.0906102399022
500,5,10,15,100,0.5,1,1,1,1,0.853267467245771,0.145322737486896,0.568440135636686,1.13809479885486,FALSE,0.593328422606476,0.10849476591531,0.380682588901365,0.805974256311588,TRUE,0.804081382795257,0.134942045684236,0.539599833253996,1.06856293233652,TRUE,0.983322237590373,1.00594607281299,1.06633208242156,0,0,67301.1146624592,67277.8971888258,"0.5 1","-1: 5, 0: 10, +1: 15",0.984074369613096,1.00475732439447,1.06608268354647,23.2174736333836
501,5,10,15,1,0,-1,1,1,1,-0.323124744281824,0.189541525476414,-0.694619307790376,0.048369819226729,TRUE,0.0801464809863741,0.114572444848177,-0.144411384536754,0.304704346509503,TRUE,-1.16851430470225,0.140907528449194,-1.44468798561322,-0.892340623791275,TRUE,1.01944490128165,0.966238373415396,1.01672412382702,0,0,67337.0741790148,67302.0437454455,"0 -1","-1: 5, 0: 10, +1: 15",1.02031827213451,0.965629469442817,1.01839810713732,35.0304335693218
502,5,10,15,2,0,-1,1,1,1,-0.215152111253948,0.17386542781548,-0.555922087928937,0.125617865421041,TRUE,0.101981052340335,0.128647635968877,-0.150163680854884,0.354125785535554,TRUE,-0.943994949250402,0.157876598245986,-1.25342739581423,-0.63456250268657,TRUE,1.02584604559661,0.953845920598612,1.00942056577676,0,0,67354.7070830431,67332.2341349461,"0 -1","-1: 5, 0: 10, +1: 15",1.02616350999721,0.953394523434149,1.00935634743605,22.4729480969982
503,5,10,15,3,0,-1,1,1,1,-0.393859163581766,0.202801613866014,-0.791343022765753,0.00362469560221995,TRUE,0.0571214329862937,0.11526547225744,-0.16879474129929,0.283037607271878,TRUE,-1.28933836208321,0.141342054751993,-1.56636369889801,-1.01231302526842,FALSE,1.01845538745513,1.00414733663574,0.999372872720631,0,0,67318.5004234178,67279.792295097,"0 -1","-1: 5, 0: 10, +1: 15",1.01772677523203,1.00532399802825,1.000168956755,38.7081283207372
504,5,10,15,4,0,-1,1,1,1,-0.272534528941444,0.16311131916973,-0.592226839984932,0.0471577821020437,TRUE,0.0169856989829375,0.121300207377243,-0.220758338793699,0.254729736759574,TRUE,-0.885238331842877,0.148328882521241,-1.17595759945158,-0.594519064234172,TRUE,1.00663846328406,1.00080591528842,0.994694952345748,0,0,67353.2631977217,67331.5647616231,"0 -1","-1: 5, 0: 10, +1: 15",1.00664346286264,1.00128716873397,0.995032728645256,21.6984360986389
505,5,10,15,5,0,-1,1,1,1,-0.462092174458325,0.171504449450799,-0.798234718570261,-0.12594963034639,FALSE,-0.074851200873707,0.112980193827224,-0.29628831174142,0.146585909994006,TRUE,-1.14775758879424,0.139668617492984,-1.42150304885099,-0.874012128737489,TRUE,1.0015853370092,1.04511990615054,0.959165408271222,0,0,67336.6263864097,67292.4561720678,"0 -1","-1: 5, 0: 10, +1: 15",1.00280789632269,1.04492060983444,0.960337417626851,44.1702143418806
506,5,10,15,6,0,-1,1,1,1,-0.502481954269534,0.186791591214506,-0.868586745664894,-0.136377162874174,FALSE,-0.132410642878498,0.120018814956764,-0.367643197660933,0.102821911903937,TRUE,-1.106598521796,0.150327602103257,-1.40123520780065,-0.811961835791347,TRUE,1.00779626160498,0.961333399590681,0.921684344310292,0,0,67328.6388374395,67298.9948814962,"0 -1","-1: 5, 0: 10, +1: 15",1.00781944440088,0.960568748689507,0.92099993036711,29.6439559433493
507,5,10,15,7,0,-1,1,1,1,-0.349053395405594,0.169698921642539,-0.681657170040255,-0.0164496207709329,FALSE,-0.054049473147787,0.131560594546031,-0.311903500242685,0.203804553947111,TRUE,-0.870420274373845,0.162352236550446,-1.18862481082225,-0.552215737925444,TRUE,0.974394758049353,0.996908436629861,1.05827796165598,0,0,67349.9096796166,67331.4524929241,"0 -1","-1: 5, 0: 10, +1: 15",0.973987248105315,0.99759476018544,1.05892100281836,18.4571866924234
508,5,10,15,8,0,-1,1,1,1,-0.334549541854888,0.175900961468684,-0.679309091179476,0.0102100074696997,TRUE,0.035072199542682,0.116277148755919,-0.192826824243926,0.26297122332929,TRUE,-1.04689543479685,0.141705281354297,-1.32463268267039,-0.769158186923317,TRUE,1.01262901200878,1.02415386619797,0.93617143645308,0,0,67342.0272127236,67312.2458465136,"0 -1","-1: 5, 0: 10, +1: 15",1.01365695636095,1.02091524115517,0.937055331994123,29.7813662099798
509,5,10,15,9,0,-1,1,1,1,-0.254837300908671,0.145487642760214,-0.53998784091432,0.0303132390969786,TRUE,0.045956213798261,0.110839672039255,-0.171285551456909,0.263197979053431,TRUE,-0.89248978777244,0.136964980132384,-1.16093621597516,-0.624043359569724,TRUE,0.979771200332104,1.00824503676949,1.00453192788598,0,0,67364.4111129961,67333.4322273034,"0 -1","-1: 5, 0: 10, +1: 15",0.980717178287477,1.00797246282083,1.00674056119303,30.9788856926752
510,5,10,15,10,0,-1,1,1,1,-0.351104813118629,0.154274332260484,-0.653476948088143,-0.0487326781491154,FALSE,-0.0601362004157435,0.113130311962753,-0.281867537422521,0.161595136591034,TRUE,-0.897458305724409,0.137275381545954,-1.16651310951847,-0.628403501930346,TRUE,1.04845125024132,0.952539194317854,1.02751313051674,0,0,67357.4769646462,67327.9633747277,"0 -1","-1: 5, 0: 10, +1: 15",1.04887612607019,0.953961988316581,1.02673524126001,29.513589918497
511,5,10,15,11,0,-1,1,1,1,-0.238828977261365,0.121456058250777,-0.476878477137087,-0.000779477385642324,FALSE,-0.00363051461261586,0.115153032365031,-0.229326310758652,0.222065281533421,TRUE,-0.721931295854791,0.141340288141091,-0.998953170175843,-0.444909421533739,FALSE,0.98229680428986,1.01223213401518,1.05002572534572,0,0,67373.5105026995,67350.5082343238,"0 -1","-1: 5, 0: 10, +1: 15",0.983386436649075,1.01363144770338,1.05152929347079,23.0022683756397
512,5,10,15,12,0,-1,1,1,1,-0.201410777883259,0.141061088018079,-0.477885430018727,0.0750638742522096,TRUE,0.0750892507096984,0.111617307843647,-0.143676652715169,0.293855154134566,TRUE,-0.817450962931621,0.137951621895559,-1.0878311734558,-0.547070752407438,TRUE,1.01945312836815,0.962541687789849,0.989239579887461,0,0,67368.0422477321,67343.0284752632,"0 -1","-1: 5, 0: 10, +1: 15",1.01944360270606,0.963040919426167,0.989454803656636,25.0137724688684
513,5,10,15,13,0,-1,1,1,1,-0.178080432094125,0.174173276495103,-0.519453781093864,0.163292916905615,TRUE,0.171087897572367,0.113431939146039,-0.0512346178504075,0.393410412995142,TRUE,-1.08099265815737,0.142639737457175,-1.36056140633769,-0.801423909977061,TRUE,1.03950177877983,0.927462521238911,0.969731243834081,0,0,67355.7253764833,67321.38275438,"0 -1","-1: 5, 0: 10, +1: 15",1.03923430783802,0.929507498802562,0.971546545249637,34.3426221032569
514,5,10,15,14,0,-1,1,1,1,-0.351210649678221,0.161768047471649,-0.668270196572019,-0.034151102784424,FALSE,-0.0696273676298256,0.11200450679471,-0.289152167053628,0.149897431793977,TRUE,-0.857588598285171,0.136812493076908,-1.12573615735105,-0.589441039219295,TRUE,1.02159509851563,1.03754016809987,0.991423969878233,0,0,67353.2614477871,67330.6496230257,"0 -1","-1: 5, 0: 10, +1: 15",1.02109957920237,1.03837788839668,0.992950376961563,22.6118247613922
515,5,10,15,15,0,-1,1,1,1,-0.243627128751123,0.177076169918675,-0.590690044312021,0.103435786809776,TRUE,0.117461836752896,0.113224912657255,-0.104454914208017,0.339378587713809,TRUE,-1.06316019711169,0.138264443008421,-1.33415352575069,-0.792166868472695,TRUE,0.99615398148576,0.999885955994358,1.06171055864734,0,0,67348.1026598146,67316.1352776635,"0 -1","-1: 5, 0: 10, +1: 15",0.996619928425638,0.99992990935907,1.06232769898129,31.9673821511096
516,5,10,15,16,0,-1,1,1,1,-0.202316752006522,0.140789431822399,-0.478258967782281,0.0736254637692363,TRUE,0.100785840627776,0.114124755303208,-0.122894569510959,0.324466250766511,TRUE,-0.855612694890767,0.14144714904927,-1.13284401274321,-0.578381377038328,TRUE,0.979590522679574,1.04210543166491,0.973940867770557,0,0,67367.7979345288,67340.6890427933,"0 -1","-1: 5, 0: 10, +1: 15",0.979859749090203,1.04340385819996,0.973331641508789,27.1088917354937
517,5,10,15,17,0,-1,1,1,1,-0.348420658641105,0.184077324486043,-0.709205585004243,0.0123642677220331,TRUE,-0.024664798226438,0.128427568528641,-0.276378207164623,0.227048610711747,TRUE,-1.00295740317417,0.159947593174992,-1.31644892521102,-0.689465881137321,TRUE,1.00883497042581,0.991286401938987,1.01741500429441,0,0,67342.6289140564,67319.2498945004,"0 -1","-1: 5, 0: 10, +1: 15",1.00760815684216,0.994246535654458,1.01699742636351,23.379019555985
518,5,10,15,18,0,-1,1,1,1,-0.497332945001361,0.176806151190572,-0.843866633580025,-0.150799256422696,FALSE,-0.157897470090916,0.12208343955201,-0.397176614721629,0.0813816745397969,TRUE,-0.995591112380745,0.148233772250632,-1.2861239672845,-0.705058257476993,TRUE,0.983665815029116,1.02854999006624,1.01685678104044,0,0,67326.0014338961,67300.8371001338,"0 -1","-1: 5, 0: 10, +1: 15",0.98422783569749,1.02587101060088,1.01649499865227,25.1643337622372
519,5,10,15,19,0,-1,1,1,1,-0.48618972586532,0.172701727909776,-0.824678892636318,-0.147700559094323,FALSE,-0.112251035329889,0.111369921103547,-0.330532069653908,0.106029998994131,TRUE,-1.09026912438665,0.138620053435515,-1.36195943665528,-0.818578812118021,TRUE,1.02514807030754,0.978533654538615,0.97145466405914,0,0,67333.411327444,67297.9399943146,"0 -1","-1: 5, 0: 10, +1: 15",1.02507016721262,0.980414425707214,0.972508176661469,35.471333129346
520,5,10,15,20,0,-1,1,1,1,-0.406227487085951,0.181919917014996,-0.762783972505859,-0.049671001666043,FALSE,-0.0608070799305185,0.118325491529356,-0.292720781781055,0.171106621920018,TRUE,-1.05086301755234,0.145611775729899,-1.33625685370786,-0.765469181396812,TRUE,1.00206522841911,0.961093175639728,1.03176998205578,0,0,67339.9612558822,67312.1088762206,"0 -1","-1: 5, 0: 10, +1: 15",1.00115070699071,0.962671946808852,1.03132703864619,27.8523796615773
521,5,10,15,21,0,-1,1,1,1,-0.341602288326246,0.15299742889259,-0.641471738682949,-0.0417328379695421,FALSE,-0.043705450482082,0.112074921789847,-0.263368260760325,0.175957359796161,TRUE,-0.896429528043844,0.139176352728781,-1.1692101668919,-0.62364888919579,TRUE,1.05572614146235,0.925421642133376,1.00258498629185,0,0,67357.6168950404,67328.9973802878,"0 -1","-1: 5, 0: 10, +1: 15",1.05668513601949,0.924831014318513,1.00411741106837,28.6195147526159
522,5,10,15,22,0,-1,1,1,1,-0.411822448759172,0.16336711110363,-0.732016102780639,-0.0916287947377044,FALSE,-0.0722780769725383,0.115968735994147,-0.2995726228537,0.155016468908624,TRUE,-0.969817042657979,0.142629342523223,-1.24936541714212,-0.690268668173834,TRUE,1.01195588314683,0.997716270362504,1.00109219345735,0,0,67348.1593889883,67320.1929392787,"0 -1","-1: 5, 0: 10, +1: 15",1.01276232618125,0.996364708573186,1.00250800687664,27.96644970958
523,5,10,15,23,0,-1,1,1,1,-0.327849807583648,0.177339261930644,-0.675428374012625,0.0197287588453285,TRUE,0.0288569261021872,0.112494197466599,-0.191627649402083,0.249341501606458,TRUE,-1.12010865143747,0.14091968708742,-1.39630616284146,-0.843911140033468,TRUE,0.984686322297179,1.01730244460823,1.0206257342183,0,0,67346.3708095364,67308.7639476941,"0 -1","-1: 5, 0: 10, +1: 15",0.985059747257437,1.01796987101788,1.020487083769,37.6068618422578
524,5,10,15,24,0,-1,1,1,1,-0.316825022190917,0.179183089419827,-0.668017424092398,0.0343673797105648,TRUE,0.0671165922502399,0.110951585502214,-0.150344519361717,0.284577703862196,TRUE,-1.13949671126066,0.136635368183374,-1.40729711191444,-0.871696310606872,TRUE,1.00429649873972,1.02772486080746,1.03407778204617,0,0,67341.5311413933,67302.4358317904,"0 -1","-1: 5, 0: 10, +1: 15",1.00498512841609,1.02776780533595,1.0357861175622,39.0953096028825
525,5,10,15,25,0,-1,1,1,1,-0.25397129564383,0.170974256414554,-0.589074680499873,0.0811320892122124,TRUE,0.0759065047876514,0.114415649828621,-0.148344048144193,0.300157057719496,TRUE,-0.991779971876565,0.141741501722218,-1.26958821036673,-0.713971733386395,TRUE,1.02957022128368,0.95706131483229,0.995044546537943,0,0,67355.6704912049,67326.8526394312,"0 -1","-1: 5, 0: 10, +1: 15",1.03102674181159,0.954193569505551,0.995354574472903,28.817851773696
526,5,10,15,26,0,-1,1,1,1,-0.381499338080183,0.172723986337395,-0.720032130567667,-0.0429665455927,FALSE,-0.0860817279364514,0.128201762993349,-0.337352566157956,0.165189110285053,TRUE,-0.924884228997527,0.157803827191908,-1.23417404691625,-0.615594411078805,TRUE,0.98544047645497,1.03208910038977,0.972115197955261,0,0,67342.6192802397,67321.4943726425,"0 -1","-1: 5, 0: 10, +1: 15",0.985068376141059,1.03334524410273,0.972438672575276,21.1249075971427
527,5,10,15,27,0,-1,1,1,1,-0.33626946208012,0.18914979018152,-0.706996238519207,0.0344573143589668,TRUE,0.0243360064639023,0.135980446706014,-0.242180771681554,0.290852784609358,TRUE,-1.02614063821106,0.165445112537764,-1.35040710020326,-0.701874176218869,TRUE,1.03264393283485,0.971897004629347,1.04168389729178,0,0,67336.6939594931,67313.8361148632,"0 -1","-1: 5, 0: 10, +1: 15",1.03281244185391,0.971334185769403,1.04164621744427,22.857844629907
528,5,10,15,28,0,-1,1,1,1,-0.484345114215998,0.187597718542607,-0.852029886141389,-0.116660342290607,FALSE,-0.140438890712732,0.131875386356701,-0.39890989841917,0.118032116993706,TRUE,-1.02502857697317,0.162735390080135,-1.34398408054032,-0.706073073406032,TRUE,0.977981265892376,0.992996119026322,1.02649655159364,0,0,67332.6229936045,67309.0210816136,"0 -1","-1: 5, 0: 10, +1: 15",0.977636948632588,0.995064619767743,1.02726123304629,23.6019119909033
529,5,10,15,29,0,-1,1,1,1,-0.201076694756461,0.153791179801895,-0.502501868308099,0.100348478795176,TRUE,0.0691625264758837,0.109042896015077,-0.144557622483613,0.282882675435381,TRUE,-0.888063670059737,0.134867297360016,-1.15239871557762,-0.623728624541852,TRUE,0.990332893775992,0.992204945131813,0.900788935371045,0,0,67362.6300377105,67334.290234502,"0 -1","-1: 5, 0: 10, +1: 15",0.990208246668911,0.993775260771311,0.901045849089026,28.339803208466
530,5,10,15,30,0,-1,1,1,1,-0.367402347671912,0.168676617825672,-0.698002443644256,-0.0368022516995669,FALSE,-0.0620817711506432,0.120481209453702,-0.298220602493726,0.17405706019244,TRUE,-0.945308052212864,0.152401818252588,-1.24401012716636,-0.646605977259372,TRUE,1.04196956073729,0.962288358673664,1.01452798515324,0,0,67348.7194189692,67324.7728642808,"0 -1","-1: 5, 0: 10, +1: 15",1.04223235218204,0.962531116691747,1.01543698590108,23.9465546883876
531,5,10,15,31,0,-1,1,1,1,-0.419391776488851,0.172980387687981,-0.758427106389069,-0.0803564465886323,FALSE,-0.0705671277412207,0.115145175979396,-0.296247525654364,0.155113270171923,TRUE,-1.00025662414612,0.142428232084122,-1.27941082941271,-0.72110241887953,TRUE,1.02868590550724,0.941641458729191,0.952791229987347,0,0,67343.0555485989,67315.3713650041,"0 -1","-1: 5, 0: 10, +1: 15",1.02864673323875,0.94176357932809,0.952965003001649,27.684183594858
532,5,10,15,32,0,-1,1,1,1,-0.436448539272473,0.152185167454274,-0.734725986464048,-0.138171092080898,FALSE,-0.123644953577909,0.114292677135922,-0.347654484460981,0.100364577305163,TRUE,-0.889058470445759,0.139417026736306,-1.16231082168058,-0.615806119210942,TRUE,0.975268341650023,1.06515558357632,1.02510392267345,0,0,67351.2544317765,67323.3671119938,"0 -1","-1: 5, 0: 10, +1: 15",0.97593011339641,1.0636469979729,1.02660046446009,27.8873197826906
533,5,10,15,33,0,-1,1,1,1,-0.37815733944147,0.155037369897662,-0.682025000698702,-0.0742896781842375,FALSE,-0.0828412606803212,0.114459672116749,-0.307178095711412,0.14149557435077,TRUE,-0.881814539135088,0.139888011109267,-1.15599000277819,-0.607639075491987,TRUE,0.960209175203103,1.03523885823156,0.987060834028149,0,0,67352.0895234715,67327.5921818929,"0 -1","-1: 5, 0: 10, +1: 15",0.961044876085259,1.03512782798409,0.987479198670568,24.4973415785644
534,5,10,15,34,0,-1,1,1,1,-0.213333601428353,0.18793021488916,-0.581670054217979,0.155002851361274,TRUE,0.135015436690664,0.118848989003665,-0.0979243013555166,0.367955174736844,TRUE,-1.09888134376309,0.146870544082196,-1.386742320554,-0.811020366972185,TRUE,1.00394907535517,0.987626779433751,0.961016144021945,0,0,67343.0927119851,67313.7047883422,"0 -1","-1: 5, 0: 10, +1: 15",1.0036947556092,0.988098868635962,0.961649914272217,29.3879236428766
535,5,10,15,35,0,-1,1,1,1,-0.367997978193672,0.18699135139099,-0.734494292340486,-0.0015016640468582,FALSE,0.0409169551264812,0.115263754588644,-0.184995852590125,0.266829762843087,TRUE,-1.19395992346301,0.141335010956026,-1.4709714546914,-0.91694839223463,TRUE,0.977030006570021,1.00550449691948,0.989461859482901,0,0,67337.5941765353,67297.9298744327,"0 -1","-1: 5, 0: 10, +1: 15",0.97810617110171,1.00447201455651,0.98960497273742,39.664302102552
536,5,10,15,36,0,-1,1,1,1,-0.266693566528883,0.164824417620556,-0.589743488837961,0.0563563557801944,TRUE,0.05636193916875,0.113488103505869,-0.166070656376506,0.278794534714006,TRUE,-0.984000139429011,0.140285492613876,-1.25895465250567,-0.709045626352354,TRUE,1.04021403408094,0.945565954463784,1.03890131507024,0,0,67355.9918740381,67324.9765497652,"0 -1","-1: 5, 0: 10, +1: 15",1.03932509454642,0.947967031507018,1.04116176780427,31.0153242728411
537,5,10,15,37,0,-1,1,1,1,-0.340419862246661,0.185965244248027,-0.704905043348989,0.0240653188556676,TRUE,0.0373516358146177,0.118743449524676,-0.195381248653797,0.270084520283032,TRUE,-1.10303213176485,0.146608882591949,-1.39038026145873,-0.815684002070972,TRUE,0.975056039572599,1.04389427954932,0.987341534281365,0,0,67337.956786383,67307.6625082033,"0 -1","-1: 5, 0: 10, +1: 15",0.975639077556783,1.04322959327932,0.98819166197094,30.2942781796592
538,5,10,15,38,0,-1,1,1,1,-0.306118331606673,0.191276587809731,-0.681013554799459,0.0687768915861123,TRUE,0.0259998309832863,0.123048134961894,-0.21517008190685,0.267169743873423,TRUE,-1.09468137035735,0.149088178269844,-1.38688883028693,-0.802473910427771,TRUE,1.03921050233706,0.938125653591468,1.0451104313914,0,0,67331.8346126055,67303.1351670067,"0 -1","-1: 5, 0: 10, +1: 15",1.03931882323554,0.938498647289654,1.04491853586623,28.6994455988461
539,5,10,15,39,0,-1,1,1,1,-0.446898684187245,0.19924483558407,-0.837411386037627,-0.0563859823368638,FALSE,-0.054265659282792,0.115221485963032,-0.280095622015521,0.171564303449937,TRUE,-1.19533603119978,0.14225868403607,-1.47415792839854,-0.916514134001022,TRUE,1.00337674535216,0.996886150306818,1.0296889862149,0,0,67322.9215509446,67288.5767850398,"0 -1","-1: 5, 0: 10, +1: 15",1.00435014953121,0.994540556029512,1.02825317547416,34.3447659048543
540,5,10,15,40,0,-1,1,1,1,-0.380828223770553,0.178223144959197,-0.730139169102041,-0.031517278439065,FALSE,0.0335672150961898,0.112950484344189,-0.187811666254777,0.254946096447156,TRUE,-1.19627046015344,0.14032271404357,-1.47129792589175,-0.921242994415132,TRUE,1.00649310283184,0.980339897677713,0.988518626422895,0,0,67339.0696622357,67294.3664562197,"0 -1","-1: 5, 0: 10, +1: 15",1.00668561437535,0.982580267409307,0.990120088832714,44.703206015969
541,5,10,15,41,0,-1,1,1,1,-0.369248305975583,0.173293213114199,-0.708896762444637,-0.0295998495065289,FALSE,0.00898523078334864,0.116032517599384,-0.218434324746954,0.236404786313651,TRUE,-1.10461198856157,0.142345315898038,-1.3836036810897,-0.825620296033439,TRUE,1.03847132417829,0.924685682137056,0.952535165976988,0,0,67344.2060843421,67306.8616227884,"0 -1","-1: 5, 0: 10, +1: 15",1.03953258128149,0.924820812705285,0.952757838126652,37.3444615537592
542,5,10,15,42,0,-1,1,1,1,-0.305365289224527,0.16228364271991,-0.623435384235517,0.0127048057864632,TRUE,0.0319410497954702,0.110970190640737,-0.185556527217918,0.249438626808859,TRUE,-1.01613505621459,0.137173157464213,-1.28498950449009,-0.747280607939094,TRUE,0.974952152296489,1.05446376402735,1.02030995181563,0,0,67352.7263404041,67318.5061487946,"0 -1","-1: 5, 0: 10, +1: 15",0.97613475675229,1.05386584803316,1.02214033676797,34.2201916095801
543,5,10,15,43,0,-1,1,1,1,-0.356674825352645,0.166362172383188,-0.682738691613537,-0.0306109590917536,FALSE,-0.0820227801428417,0.132911543926381,-0.342524619368162,0.178479059082479,TRUE,-0.830829212696941,0.164799149150325,-1.15382960971442,-0.507828815679459,TRUE,0.995360000216911,1.02432554598252,0.999309669523126,0,0,67348.7434992631,67332.3234159051,"0 -1","-1: 5, 0: 10, +1: 15",0.994846082257284,1.0252696165839,0.999982730088153,16.4200833580835
544,5,10,15,44,0,-1,1,1,1,-0.331062167401645,0.157539149048239,-0.639833225691282,-0.0222911091120094,FALSE,-0.00956705957046539,0.11148396292965,-0.228071611766378,0.208937492625448,TRUE,-0.922873895352584,0.137620138536768,-1.19260441043206,-0.653143380273106,TRUE,0.980420052036005,1.02485118896846,0.962321447304801,0,0,67354.0198418931,67326.1987356296,"0 -1","-1: 5, 0: 10, +1: 15",0.980657135291611,1.02515579486399,0.96210688086984,27.8211062635091
545,5,10,15,45,0,-1,1,1,1,-0.22922911962091,0.15408376643314,-0.531227752432147,0.0727695131903264,TRUE,0.0347484878666299,0.110413812942261,-0.181658608895944,0.251155584629204,TRUE,-0.848224853385985,0.136392473790173,-1.11554918977705,-0.580900516994922,TRUE,1.02063603096049,1.01982079930543,0.981384165314681,0,0,67362.7834587352,67338.7188801104,"0 -1","-1: 5, 0: 10, +1: 15",1.02069970265716,1.0195168654686,0.981799602137832,24.0645786247333
546,5,10,15,46,0,-1,1,1,1,-0.219728970807432,0.149793908799711,-0.513319637158342,0.0738616955434789,TRUE,0.0589862932117731,0.11030103609231,-0.157199764986607,0.275172351410153,TRUE,-0.867568859639484,0.136689105333839,-1.13547458317281,-0.599663136106159,TRUE,0.954881938740311,1.02108560264723,1.06272981973534,0,0,67364.1335826662,67337.2161708293,"0 -1","-1: 5, 0: 10, +1: 15",0.956275213008777,1.01849019012854,1.06302877032908,26.9174118368683
547,5,10,15,47,0,-1,1,1,1,-0.518595941753336,0.151534772895198,-0.815598639033381,-0.221593244473291,FALSE,-0.232683908148314,0.114746418635847,-0.45758275602953,-0.00778506026709849,FALSE,-0.806303588536183,0.138816688570534,-1.07837929858754,-0.534227878484824,TRUE,1.00891068717544,1.00431028920867,0.982208668274146,0,0,67344.3008285207,67324.3837811647,"0 -1","-1: 5, 0: 10, +1: 15",1.00887884878614,1.00510110379614,0.982477015155835,19.9170473559789
548,5,10,15,48,0,-1,1,1,1,-0.397304584052779,0.183815314084773,-0.757575979465852,-0.0370331886397055,FALSE,-0.0324702473950153,0.112483255628764,-0.252933377291204,0.187992882501174,TRUE,-1.12419187722576,0.139520824622077,-1.39764766857836,-0.85073608587316,TRUE,1.0417780751731,0.919509832737177,0.93235441443065,0,0,67338.1234877468,67303.6776979919,"0 -1","-1: 5, 0: 10, +1: 15",1.04102243199967,0.921034765711226,0.932653892928747,34.4457897549291
549,5,10,15,49,0,-1,1,1,1,-0.238317925670048,0.171194384758906,-0.573852754152996,0.0972169028129008,TRUE,0.0994575962780456,0.120010307578959,-0.135758284350288,0.334673476906379,TRUE,-0.977982269837355,0.146612266237065,-1.2653370313538,-0.69062750832091,TRUE,0.973675886644757,1.03992108777385,0.930222525398776,0,0,67352.384379136,67326.85971101,"0 -1","-1: 5, 0: 10, +1: 15",0.97414457225369,1.03868771306684,0.931094808260353,25.5246681260469
550,5,10,15,50,0,-1,1,1,1,-0.476770514067976,0.160604511435156,-0.791549572235532,-0.16199145590042,FALSE,-0.227313522762974,0.129688672871968,-0.481498650794827,0.0268716052688796,TRUE,-0.767319295162871,0.157458008011177,-1.0759313199422,-0.458707270383545,TRUE,1.00541259100188,1.01312784948779,0.965573096651931,0,0,67341.9960659912,67326.5847979258,"0 -1","-1: 5, 0: 10, +1: 15",1.00581124899009,1.01246994945185,0.965679805216257,15.4112680654216
551,5,10,15,51,0,-1,1,1,1,-0.334213775984541,0.164046517310052,-0.655739041701469,-0.0126885102676134,FALSE,-0.0127562358128269,0.113075996566989,-0.2343811166001,0.208868644974446,TRUE,-0.986775685752221,0.137751161806018,-1.25676300172057,-0.716788369783877,TRUE,0.987354777519474,1.02941102471836,0.992461135232285,0,0,67351.6688072384,67319.8162648415,"0 -1","-1: 5, 0: 10, +1: 15",0.988567853121882,1.02672010842348,0.992228297623477,31.8525423968531
552,5,10,15,52,0,-1,1,1,1,-0.343377450516867,0.181034040038238,-0.698197648967596,0.0114427479338619,TRUE,-0.00316747289232277,0.12662292987775,-0.251343855069653,0.245008909285008,TRUE,-1.02348108225076,0.156412155765474,-1.33004327429536,-0.716918890206162,TRUE,1.02678194704195,0.927930267517363,0.985230488527722,0,0,67343.2890465086,67318.4493341334,"0 -1","-1: 5, 0: 10, +1: 15",1.02679569301841,0.92807090416386,0.98534371461736,24.8397123751784
553,5,10,15,53,0,-1,1,1,1,-0.150438980805463,0.165396094836458,-0.474609369868493,0.173731408257567,TRUE,0.169112085019876,0.112895675007954,-0.0521593720060514,0.390383542045804,TRUE,-0.967890065124461,0.139471236605946,-1.24124866575138,-0.694531464497543,TRUE,1.03312815254727,0.961581208922741,1.00656630467649,0,0,67356.1188168458,67329.1629205185,"0 -1","-1: 5, 0: 10, +1: 15",1.03296353356898,0.961213117466645,1.00757053195329,26.9558963273448
554,5,10,15,54,0,-1,1,1,1,-0.239095521068041,0.182254623786539,-0.596308019705555,0.118116977569472,TRUE,0.101475869741651,0.113976021940575,-0.121913028363023,0.324864767846325,TRUE,-1.06864431833718,0.140838600517663,-1.34468290298482,-0.792605733689535,TRUE,1.05027876356636,0.961777614240491,1.00754544443594,0,0,67345.23635718,67315.1113178738,"0 -1","-1: 5, 0: 10, +1: 15",1.05109630989894,0.959861792387634,1.00736861459394,30.1250393062073
555,5,10,15,55,0,-1,1,1,1,-0.494078030487656,0.153960435535253,-0.795834939180852,-0.19232112179446,FALSE,-0.213220265635962,0.117228693055858,-0.442984281980144,0.016543750708219,TRUE,-0.834184369145381,0.14579256587283,-1.11993254746981,-0.548436190820951,TRUE,1.01009960879698,0.996027456015197,1.04098476949856,0,0,67342.9343867775,67322.6260462848,"0 -1","-1: 5, 0: 10, +1: 15",1.01018324659205,0.995646095792122,1.0408464583766,20.308340492702
556,5,10,15,56,0,-1,1,1,1,-0.281250183499341,0.156901518295461,-0.588771508478097,0.0262711414794143,TRUE,-0.0206933722190985,0.113285755569827,-0.242729373097367,0.20134262865917,TRUE,-0.815999000318055,0.140760457838709,-1.09188442812929,-0.540113572506817,TRUE,0.992806147467916,1.0193904752889,1.00863226888878,0,0,67359.8332304642,67339.3071574895,"0 -1","-1: 5, 0: 10, +1: 15",0.992227283223591,1.01954123167797,1.00874782069545,20.5260729746078
557,5,10,15,57,0,-1,1,1,1,-0.362692390742883,0.165120362112114,-0.686322353596838,-0.0390624278889277,FALSE,-0.0801146464901847,0.11933876245346,-0.314014322858546,0.153785029878177,TRUE,-0.882198550737024,0.147472945631088,-1.17124021286799,-0.593156888606058,TRUE,0.965770058033666,1.03712759759511,1.00947975488836,0,0,67350.3981850346,67328.6707731273,"0 -1","-1: 5, 0: 10, +1: 15",0.964824960878556,1.03950726491091,1.00932198769251,21.7274119073118
558,5,10,15,58,0,-1,1,1,1,-0.453591981149048,0.140038570046891,-0.728062534887444,-0.179121427410653,FALSE,-0.160856906347421,0.111525572241588,-0.379443011296154,0.0577291986013115,TRUE,-0.864712589720523,0.138331798051232,-1.13583793181761,-0.59358724762344,TRUE,0.982921160155149,1.06344698461821,1.0025353795179,0,0,67351.8489695674,67321.9854536789,"0 -1","-1: 5, 0: 10, +1: 15",0.983873665841617,1.06349836834871,1.00437249563515,29.8635158884717
559,5,10,15,59,0,-1,1,1,1,-0.445030937458193,0.184614740160417,-0.80686917918783,-0.0831926957285553,FALSE,-0.0761925785313489,0.122875235828067,-0.317023615346227,0.164638458283529,TRUE,-1.07115020857855,0.152567364846952,-1.37017674889476,-0.772123668262346,TRUE,1.00156198529008,0.982800378968786,0.98758502331659,0,0,67332.8496255676,67304.7969524148,"0 -1","-1: 5, 0: 10, +1: 15",1.00265642306995,0.981042071236662,0.987692287434689,28.052673152808
560,5,10,15,60,0,-1,1,1,1,-0.222735517956037,0.195542773456235,-0.605992311367332,0.160521275455259,TRUE,0.155426155239658,0.13398827767181,-0.107186043347641,0.418038353826958,TRUE,-1.12683698412829,0.16577696631964,-1.4517538675811,-0.801920100675489,TRUE,1.03205439158138,0.976440543865898,1.03126492971165,0,0,67337.9926794405,67311.3730759918,"0 -1","-1: 5, 0: 10, +1: 15",1.03231387119071,0.976022644591566,1.03040429399075,26.6196034487511
561,5,10,15,61,0,-1,1,1,1,-0.408570687379737,0.126641043991394,-0.656782572567422,-0.160358802192053,FALSE,-0.180687650499454,0.113252716761416,-0.402658896503144,0.0412835955042374,TRUE,-0.642969135516027,0.138209572247371,-0.91385491943956,-0.372083351592494,FALSE,0.9950672840943,1.02033248523371,0.992748662454686,0,0,67359.7705781295,67343.34715449,"0 -1","-1: 5, 0: 10, +1: 15",0.995986674426241,1.01969549362887,0.992491531902206,16.423423639455
562,5,10,15,62,0,-1,1,1,1,-0.2784661928163,0.146218264859949,-0.565048725823738,0.00811634019113811,TRUE,-0.00153178415756375,0.114386277995725,-0.225724769354771,0.222661201039643,TRUE,-0.769959703847988,0.140246603052799,-1.04483799478556,-0.495081412910417,TRUE,1.02897482923778,0.968246028054822,0.981418722484092,0,0,67365.747433153,67345.2335233719,"0 -1","-1: 5, 0: 10, +1: 15",1.02956392807985,0.967143354821202,0.981471135925206,20.5139097810898
563,5,10,15,63,0,-1,1,1,1,-0.023079682718061,0.198244839787611,-0.411632428822692,0.36547306338657,TRUE,0.342590253242126,0.149007273640166,0.0505413634728961,0.634639143011355,FALSE,-1.06535738140516,0.182352917295993,-1.42276253178112,-0.707952231029208,TRUE,1.00357168347724,0.979066838149024,0.965542550304543,0,0,67341.2129653495,67320.0928611405,"0 -1","-1: 5, 0: 10, +1: 15",1.00329755493392,0.979398630241206,0.964651668892273,21.1201042089961
564,5,10,15,64,0,-1,1,1,1,-0.260139337671639,0.188384141908579,-0.629365471070936,0.109086795727658,TRUE,0.120576869289525,0.111634583294966,-0.098222893397745,0.339376631976794,TRUE,-1.13738113018245,0.135915552273516,-1.40377071757741,-0.87099154278749,TRUE,0.989946222737296,1.01826128851713,0.970934776348956,0,0,67340.0170904752,67304.2067050156,"0 -1","-1: 5, 0: 10, +1: 15",0.990330094531612,1.01848403354212,0.971069382107193,35.8103854596702
565,5,10,15,65,0,-1,1,1,1,-0.400179159079374,0.174112693748188,-0.741433768077075,-0.0589245500816734,FALSE,-0.0939288350816965,0.126957032670267,-0.342760046699494,0.154902376536101,TRUE,-0.920169818426941,0.155553418969549,-1.22504891727933,-0.615290719574555,TRUE,0.990268840090924,1.00418381526322,1.02168901282814,0,0,67341.4829229379,67320.2954986592,"0 -1","-1: 5, 0: 10, +1: 15",0.989873361084734,1.00454484464711,1.02193567368801,21.187424278658
566,5,10,15,66,0,-1,1,1,1,-0.232526624723589,0.187766443189251,-0.600542090879707,0.13548884143253,TRUE,0.100001491889405,0.120168164496288,-0.135523782611603,0.335526766390414,TRUE,-1.06819656928048,0.147185437781254,-1.3566747263805,-0.779718412180465,TRUE,1.02247625329987,0.997241092016605,0.993060109720861,0,0,67340.9048964939,67313.3121774722,"0 -1","-1: 5, 0: 10, +1: 15",1.02209839720758,0.99762005622826,0.993930103611024,27.5927190217626
567,5,10,15,67,0,-1,1,1,1,-0.2802931609354,0.166805051308896,-0.607225053940191,0.0466387320693906,TRUE,0.00289784371207266,0.127300395531207,-0.246606346746796,0.252402034170941,TRUE,-0.879162072342053,0.157121555408397,-1.18711466213743,-0.57120948254668,TRUE,0.981603361072864,1.01453397756571,1.04404106419877,0,0,67353.546127809,67334.1349901509,"0 -1","-1: 5, 0: 10, +1: 15",0.981046027547249,1.01643542035999,1.04465641798596,19.4111376581568
568,5,10,15,68,0,-1,1,1,1,-0.204695184770467,0.171948193097968,-0.541707450449224,0.13231708090829,TRUE,0.133371918232827,0.116491490348853,-0.0949472073563207,0.361691043821974,TRUE,-0.990720288236137,0.141812096869164,-1.2686668906718,-0.712773685800469,TRUE,0.997579791372587,0.990178766547537,0.968784532581563,0,0,67353.9754145904,67327.5611474465,"0 -1","-1: 5, 0: 10, +1: 15",0.998582611499901,0.988404188154326,0.969238269001431,26.4142671438458
569,5,10,15,69,0,-1,1,1,1,-0.110245001593201,0.190974436696897,-0.484548019486944,0.264058016300542,TRUE,0.29298436042727,0.109728866608149,0.077919733810898,0.508048987043641,FALSE,-1.1918425713004,0.133687983547171,-1.45386620421864,-0.929818938382157,TRUE,1.01002010996273,1.02518436105065,0.97013732444087,0,0,67338.2852231898,67300.366779996,"0 -1","-1: 5, 0: 10, +1: 15",1.00973682496227,1.02565283198688,0.969372735206876,37.9184431938193
570,5,10,15,70,0,-1,1,1,1,-0.214680334692526,0.149932532661865,-0.508542698820657,0.0791820294356044,TRUE,0.0696225801994273,0.113977981417502,-0.153770158409453,0.293015318808307,TRUE,-0.868358286467305,0.141032162706599,-1.14477624603403,-0.591940326900579,TRUE,0.994391614939193,0.999044500192437,1.0084969208866,0,0,67365.6387408573,67339.1075840749,"0 -1","-1: 5, 0: 10, +1: 15",0.994500892049344,1.00030053809201,1.01002440531453,26.5311567823665
571,5,10,15,71,0,-1,1,1,1,-0.286734295021436,0.155344514337502,-0.591203948318806,0.0177353582759336,TRUE,0.000899971605676861,0.117541049985374,-0.229476253070678,0.231276196282032,TRUE,-0.828250308783356,0.143944292023547,-1.11037593692963,-0.546124680637087,TRUE,1.06636141888693,0.915075716205815,1.00406796008044,0,0,67358.9009693725,67337.8413648406,"0 -1","-1: 5, 0: 10, +1: 15",1.06626098027949,0.915193093230423,1.00419661544293,21.0596045318525
572,5,10,15,72,0,-1,1,1,1,-0.276456492278065,0.152873142851068,-0.576082346469605,0.023169361913474,TRUE,0.0114851360543359,0.112671741824516,-0.20934741999711,0.232317692105782,TRUE,-0.92481269941551,0.139435342588478,-1.19810094906093,-0.65152444977009,TRUE,0.981866297008298,0.992559671062884,1.02654719068745,0,0,67362.3897373064,67330.8101971942,"0 -1","-1: 5, 0: 10, +1: 15",0.982358364862792,0.993967928213667,1.02734951987172,31.5795401121868
573,5,10,15,73,0,-1,1,1,1,-0.279632030504686,0.166844455751864,-0.606641154798526,0.0473770937891537,TRUE,0.0903995140562726,0.111482125187422,-0.12810143623106,0.308900464343605,TRUE,-1.09256439645446,0.135191620479435,-1.35753510360576,-0.827593689303158,TRUE,1.00612749629979,1.01029506305616,0.986399514223427,0,0,67350.5617062601,67308.7771878028,"0 -1","-1: 5, 0: 10, +1: 15",1.00833707461585,1.0075196721562,0.98618611418806,41.7845184572943
574,5,10,15,74,0,-1,1,1,1,-0.515631289410535,0.186230020132676,-0.880635421710748,-0.150627157110322,FALSE,-0.132577044207995,0.111361890526726,-0.350842338890669,0.0856882504746799,TRUE,-1.13090896612711,0.136801191659218,-1.39903437482134,-0.862783557432878,TRUE,1.00632741273361,1.00434582716464,1.00838011480472,0,0,67327.0975768089,67291.0115849107,"0 -1","-1: 5, 0: 10, +1: 15",1.00743269596272,1.00258007024538,1.00858851876649,36.0859918981878
575,5,10,15,75,0,-1,1,1,1,-0.390125007271022,0.201354000929717,-0.784771597236312,0.00452158269426794,TRUE,0.0312116464997681,0.113744474146101,-0.191723426267037,0.254146719266573,TRUE,-1.25590790753302,0.138962827545249,-1.52827004471156,-0.98354577035448,TRUE,1.01107318000007,0.966593775592866,0.987040044019132,0,0,67321.3460041532,67284.1117820779,"0 -1","-1: 5, 0: 10, +1: 15",1.01101452269668,0.967198806553858,0.987300475247519,37.2342220753781
576,5,10,15,76,0,-1,1,1,1,-0.238365697917411,0.179025275682479,-0.589248790577423,0.112517394742601,TRUE,0.13074600636086,0.117501334855339,-0.0995523780909857,0.361044390812706,TRUE,-1.0883755332939,0.144333866952447,-1.37126471427009,-0.805486352317709,TRUE,0.984732133231338,1.00582276789193,1.00842512435906,0,0,67355.0828277542,67320.442877176,"0 -1","-1: 5, 0: 10, +1: 15",0.984165555297227,1.00889389937759,1.00962180912403,34.6399505782028
577,5,10,15,77,0,-1,1,1,1,-0.0988764859563687,0.130933921658069,-0.355502256760772,0.157749284848035,TRUE,0.146178222878717,0.112566664659326,-0.0744483857133595,0.366804831470794,TRUE,-0.711383081302384,0.13803110703377,-0.981919079834766,-0.440847082770001,FALSE,0.996394449821939,1.01119288261646,1.00027304467837,0,0,67374.3636194765,67354.1928713704,"0 -1","-1: 5, 0: 10, +1: 15",0.997414797320094,1.01053184129953,1.00192754089026,20.1707481061603
578,5,10,15,78,0,-1,1,1,1,-0.14318618602221,0.188179785461993,-0.512011788146191,0.22563941610177,TRUE,0.246085153930538,0.110955022857009,0.0286173052269815,0.463553002634095,FALSE,-1.21234148214529,0.137004159081904,-1.48086469967802,-0.943818264612558,TRUE,0.983175443125067,1.01349053901438,0.981012401355231,0,0,67343.50119186,67300.9120958783,"0 -1","-1: 5, 0: 10, +1: 15",0.983274117634532,1.01461182368043,0.982233460793959,42.5890959816315
579,5,10,15,79,0,-1,1,1,1,-0.224485220319592,0.145610503707519,-0.509876563357067,0.0609061227178817,TRUE,0.0571333705742242,0.115562629986222,-0.1693652221575,0.283631963305949,TRUE,-0.869460152712852,0.142441395024581,-1.14864015686867,-0.590280148557031,TRUE,0.951404153628609,1.06078269114593,1.04061885141939,0,0,67367.884871735,67339.7965950188,"0 -1","-1: 5, 0: 10, +1: 15",0.95167311272376,1.06203420314631,1.04104530548468,28.088276716182
580,5,10,15,80,0,-1,1,1,1,-0.269511964922309,0.176203351233406,-0.614864187295046,0.0758402574504284,TRUE,0.087083685505276,0.10762768099767,-0.123862692989724,0.298030064000276,TRUE,-1.09304264561339,0.133691165419257,-1.35507251488632,-0.831012776340459,TRUE,0.981888764441709,1.03318315894887,1.03217061729177,0,0,67345.9570152166,67308.6372966684,"0 -1","-1: 5, 0: 10, +1: 15",0.983393335383353,1.03188912779437,1.0348884691167,37.3197185482713
581,5,10,15,81,0,-1,1,1,1,-0.261750128687756,0.161452324178792,-0.578190869298475,0.0546906119229618,TRUE,0.0653699785131375,0.111972796348862,-0.154092669578869,0.284832626605144,TRUE,-0.945042799190754,0.137387605229565,-1.21431755736291,-0.675768041018599,TRUE,0.981367632264671,1.03111421306639,1.01022449685706,0,0,67357.5444546621,67329.1858270375,"0 -1","-1: 5, 0: 10, +1: 15",0.982189596691147,1.02975616987951,1.00932363382561,28.3586276246206
582,5,10,15,82,0,-1,1,1,1,-0.340198767088399,0.206789028007017,-0.745497814380198,0.0651002802033992,TRUE,0.0718946051852546,0.129087617597981,-0.181112476156867,0.324901686527376,TRUE,-1.2215976164189,0.159875944990993,-1.53494871059555,-0.908246522242242,TRUE,1.0227618581809,0.995239149050188,1.0332819129408,0,0,67325.260336979,67294.0617972746,"0 -1","-1: 5, 0: 10, +1: 15",1.022570838531,0.995915878222354,1.03435319701328,31.1985397044336
583,5,10,15,83,0,-1,1,1,1,-0.362222334767338,0.174514066305361,-0.704263619521481,-0.0201810500131943,FALSE,-0.00207845114514249,0.112350864886621,-0.222282099954845,0.21812519766456,TRUE,-1.09918549932105,0.139364117010376,-1.37233414939862,-0.82603684924349,TRUE,1.04084757143013,0.98180882122792,0.981774428044907,0,0,67345.8508675365,67307.8715288037,"0 -1","-1: 5, 0: 10, +1: 15",1.04088076229279,0.983280697060078,0.982661056894403,37.97933873281
584,5,10,15,84,0,-1,1,1,1,-0.15861408726662,0.159505988318446,-0.471240079689241,0.154011905156001,TRUE,0.155187599275618,0.113627465259625,-0.0675181402878244,0.37789333883906,TRUE,-0.931821111523506,0.139111110398656,-1.20447387775425,-0.659168345292766,TRUE,0.973449990454557,1.02968240725549,1.03698069749454,0,0,67362.7236356004,67334.0439074455,"0 -1","-1: 5, 0: 10, +1: 15",0.97405848709616,1.02979812732326,1.03735903109352,28.679728154937
585,5,10,15,85,0,-1,1,1,1,-0.320424663286962,0.139676868203267,-0.594186294438713,-0.0466630321352111,FALSE,-0.108980226793015,0.117839657551267,-0.339941711544032,0.121981257958001,TRUE,-0.641537273384409,0.145891672162525,-0.927479696467283,-0.355594850301535,FALSE,0.996859468861496,0.984196553395703,1.03152419483067,0,0,67365.0904714832,67352.3455569277,"0 -1","-1: 5, 0: 10, +1: 15",0.996966482455082,0.983833284925671,1.0322582904204,12.7449145555438
586,5,10,15,86,0,-1,1,1,1,-0.494441077705883,0.166972167043613,-0.821700511531971,-0.167181643879795,FALSE,-0.181484899603553,0.111949656263947,-0.400902193962528,0.0379323947554225,TRUE,-0.958278271226196,0.138365974474874,-1.22947059788274,-0.687085944569655,TRUE,1.00590183920402,1.0077695698149,1.08467247691521,0,0,67341.3085667452,67313.7477427664,"0 -1","-1: 5, 0: 10, +1: 15",1.00594112992641,1.00846445825265,1.08424065640142,27.560823978798
587,5,10,15,87,0,-1,1,1,1,-0.526417138405335,0.183471147775264,-0.886013980247078,-0.166820296563591,FALSE,-0.127138763430673,0.113428963791975,-0.349455447266641,0.0951779204052955,TRUE,-1.14708192889428,0.140787761040872,-1.42302086999842,-0.871142987790141,TRUE,0.938343946441952,1.08609980245815,1.06117826700633,0,0,67326.7074603271,67291.4088800758,"0 -1","-1: 5, 0: 10, +1: 15",0.938290495896935,1.08718922936614,1.06113623684112,35.2985802512267
588,5,10,15,88,0,-1,1,1,1,-0.276212391696767,0.159525867366572,-0.588877346337762,0.0364525629442276,TRUE,0.0450591827093406,0.118784148815316,-0.187753470902925,0.277871836321606,TRUE,-0.878411379357249,0.145141045504228,-1.16288260122402,-0.593940157490474,TRUE,0.995551225226957,0.989856264488635,1.02892841899633,0,0,67359.1915546118,67337.4341479586,"0 -1","-1: 5, 0: 10, +1: 15",0.996158587065816,0.988153363647233,1.02878179587279,21.7574066532252
589,5,10,15,89,0,-1,1,1,1,-0.359400794868549,0.155928572148713,-0.665015180440781,-0.0537864092963162,FALSE,-0.0554640380683242,0.112953714639256,-0.27684925068128,0.165921174544632,TRUE,-0.886309197520199,0.140888147656878,-1.16244489277624,-0.610173502264156,TRUE,1.00417752077273,0.983756241673754,1.02314607743105,0,0,67354.8516899658,67330.1762856743,"0 -1","-1: 5, 0: 10, +1: 15",1.00315977155903,0.98530128189213,1.02226093286201,24.6754042915418
590,5,10,15,90,0,-1,1,1,1,-0.321297801440453,0.174724753612999,-0.663752025729566,0.0211564228486593,TRUE,0.000739289714450484,0.115739934399434,-0.226106813281468,0.227585392710369,TRUE,-0.983423242830528,0.140869171140422,-1.25952174479776,-0.707324740863291,TRUE,1.00608241137573,1.0044175570297,0.949782188688523,0,0,67344.8165242273,67319.1860900897,"0 -1","-1: 5, 0: 10, +1: 15",1.00587343069866,1.00424319930378,0.950156834370045,25.6304341375944
591,5,10,15,91,0,-1,1,1,1,-0.38909210715902,0.194725403204622,-0.77074688431512,-0.00743733000292085,FALSE,-0.0022844065965514,0.137316506065781,-0.271419812968357,0.266850999775255,TRUE,-1.11685263086112,0.169813449406459,-1.4496808757883,-0.784024385933948,TRUE,0.991015070789902,1.01979571563138,0.976012248553085,0,0,67326.6535003803,67301.0769671498,"0 -1","-1: 5, 0: 10, +1: 15",0.991607605724933,1.01842742062417,0.975290236330391,25.5765332305164
592,5,10,15,92,0,-1,1,1,1,-0.42920428653766,0.195064156893747,-0.811523008724075,-0.0468855643512455,FALSE,0.00185300532804308,0.118710747663683,-0.230815784670597,0.234521795326683,TRUE,-1.23980609645543,0.146678168643278,-1.52729002431454,-0.952322168596308,TRUE,0.967150071771747,1.04274770502435,0.961583721260971,0,0,67333.3079765488,67292.8922451085,"0 -1","-1: 5, 0: 10, +1: 15",0.967385796257561,1.04303925570192,0.962619146875486,40.4157314402546
593,5,10,15,93,0,-1,1,1,1,-0.355160640435135,0.190975136395189,-0.72946502971233,0.0191437488420587,TRUE,-0.0238736340811242,0.140642050663129,-0.299526988092714,0.251779719930466,TRUE,-1.02471130655576,0.173221772259931,-1.36421974152343,-0.685202871588099,TRUE,1.00132347851119,0.993278373733847,0.941796142332299,0,0,67331.0793146363,67309.8884811555,"0 -1","-1: 5, 0: 10, +1: 15",1.00154479063682,0.993443642459611,0.94230517286543,21.1908334807813
594,5,10,15,94,0,-1,1,1,1,-0.562732470361437,0.202293601895828,-0.959220644380143,-0.166244296342731,FALSE,-0.174020129640781,0.142315495701135,-0.452953375656971,0.104913116375409,TRUE,-1.14381321904219,0.174442015073783,-1.4857132859774,-0.801913152106987,TRUE,1.02546351594841,0.9666215926503,0.97386291696151,0,0,67308.6396877355,67283.3034545601,"0 -1","-1: 5, 0: 10, +1: 15",1.02527146330678,0.967011374224631,0.972361242971874,25.3362331753597
595,5,10,15,95,0,-1,1,1,1,-0.15434055547543,0.169335662098171,-0.486232354486089,0.177551243535229,TRUE,0.200318568327568,0.112755454432835,-0.020678061421237,0.421315198076372,TRUE,-1.04310451025882,0.139975563168254,-1.31745157278431,-0.768757447733327,TRUE,0.96074347041915,1.02388547296899,0.973771907393712,0,0,67357.4088304014,67323.6024502858,"0 -1","-1: 5, 0: 10, +1: 15",0.96131360048027,1.02398192835329,0.974643526071493,33.8063801156677
596,5,10,15,96,0,-1,1,1,1,-0.242003847064536,0.168438466194768,-0.572137174417449,0.0881294802883769,TRUE,0.124189840323349,0.112038517941582,-0.0954016197233965,0.343781300370094,TRUE,-1.12318306056156,0.13966998232418,-1.3969311956383,-0.849434925484823,TRUE,0.990591131737364,1.01143220962115,1.01924259288571,0,0,67355.0724567718,67311.8148185465,"0 -1","-1: 5, 0: 10, +1: 15",0.992450087765854,1.01031715044796,1.01920618068743,43.2576382253174
597,5,10,15,97,0,-1,1,1,1,-0.167755393570144,0.172542536710373,-0.505932551323656,0.170421764183368,TRUE,0.170459129290605,0.109991566800816,-0.0451203802421263,0.386038638823337,TRUE,-1.0891871538008,0.137914405915691,-1.35949442234479,-0.818879885256806,TRUE,1.01466513907008,0.979463357832925,1.05878290139593,0,0,67354.8233425357,67316.9078218132,"0 -1","-1: 5, 0: 10, +1: 15",1.01637637726595,0.978167172830852,1.06043601045075,37.9155207225558
598,5,10,15,98,0,-1,1,1,1,-0.37437272796988,0.188931328493383,-0.744671327368216,-0.00407412857154282,FALSE,0.0244183249941607,0.110972926493205,-0.193084614191532,0.241921264179853,TRUE,-1.13874293926355,0.136174098206253,-1.40563926737502,-0.87184661115207,TRUE,0.953565308017926,1.08922253849572,1.01913358939191,0,0,67332.1156463203,67298.009263855,"0 -1","-1: 5, 0: 10, +1: 15",0.954651084154946,1.08530846114878,1.01883129194569,34.1063824653538
599,5,10,15,99,0,-1,1,1,1,-0.173736490648852,0.147064304657081,-0.461977231188157,0.114504249890453,TRUE,0.08577956185069,0.112605494670497,-0.1349231521648,0.30648227586618,TRUE,-0.801154494078662,0.139902523532318,-1.07535840154827,-0.526950586609052,TRUE,1.01484748839163,0.973141984718904,1.02332844869245,0,0,67368.0545656949,67346.1242326232,"0 -1","-1: 5, 0: 10, +1: 15",1.01503345991866,0.972662545490755,1.02132168699086,21.9303330716939
600,5,10,15,100,0,-1,1,1,1,-0.232538952717617,0.143810343033863,-0.514402045668339,0.0493241402331057,TRUE,0.0560882415671082,0.112072358373909,-0.163569544508218,0.275746027642435,TRUE,-0.856147934332725,0.139110075924525,-1.12879867303143,-0.583497195634023,TRUE,1.00231194102915,1.00188581546064,1.01109410337837,0,0,67366.9817968248,67339.5834319776,"0 -1","-1: 5, 0: 10, +1: 15",1.00339835796151,1.00107355100403,1.01109392791412,27.3983648471476
