"ID","datetime_UTC","release_datetime_UTC","Healed.Scars","X_UTM","Y_UTM"
17001,"2017-08-02 00:00:20","2017-07-31 17:48:00",FALSE,517582.833050873,8033648.57510688
17001,"2017-08-02 01:00:20","2017-07-31 17:48:00",FALSE,516507.619131279,8030323.04294284
17001,"2017-08-02 02:00:20","2017-07-31 17:48:00",FALSE,511834.832171855,8027070.92686054
17001,"2017-08-02 03:00:20","2017-07-31 17:48:00",FALSE,507817.217419302,8020914.64209939
17001,"2017-08-02 04:00:20","2017-07-31 17:48:00",FALSE,506687.666706218,8016087.46328513
17001,"2017-08-02 05:00:20","2017-07-31 17:48:00",FALSE,510194.288140479,8013067.41958882
17001,"2017-08-02 06:00:20","2017-07-31 17:48:00",FALSE,508614.704630641,8010201.50253513
17001,"2017-08-02 07:00:20","2017-07-31 17:48:00",FALSE,510646.205113126,8011486.21342418
17001,"2017-08-02 08:00:20","2017-07-31 17:48:00",FALSE,516431.856554993,8014084.05611739
17001,"2017-08-02 09:00:20","2017-07-31 17:48:00",FALSE,520608.360513119,8016658.43199985
17001,"2017-08-02 10:00:20","2017-07-31 17:48:00",FALSE,517625.154749802,8020555.01145134
17001,"2017-08-02 11:00:20","2017-07-31 17:48:00",FALSE,512494.535239582,8024506.10465562
17001,"2017-08-02 12:00:20","2017-07-31 17:48:00",FALSE,513564.078449153,8028098.44324056
17001,"2017-08-02 13:00:20","2017-07-31 17:48:00",FALSE,512681.36121607,8025012.45154572
17001,"2017-08-02 14:00:20","2017-07-31 17:48:00",FALSE,513376.822812669,8020565.15776368
17001,"2017-08-02 15:00:20","2017-07-31 17:48:00",FALSE,512992.166961935,8017950.2693541
17001,"2017-08-02 16:00:20","2017-07-31 17:48:00",FALSE,512799.269349557,8016533.68298533
17001,"2017-08-02 17:00:20","2017-07-31 17:48:00",FALSE,511517.922831845,8017044.75959397
17001,"2017-08-02 18:00:20","2017-07-31 17:48:00",FALSE,512364.633615941,8015299.48079725
17001,"2017-08-02 19:00:20","2017-07-31 17:48:00",FALSE,509930.649942914,8011236.39490575
17001,"2017-08-03 00:00:15","2017-07-31 17:48:00",FALSE,514086.191871509,8022432.95983096
17001,"2017-08-03 01:00:15","2017-07-31 17:48:00",FALSE,513468.245883024,8019899.16050077
17001,"2017-08-03 02:00:15","2017-07-31 17:48:00",FALSE,514151.572108915,8017065.55755572
17001,"2017-08-03 03:00:15","2017-07-31 17:48:00",FALSE,516066.724886203,8015135.10795214
17001,"2017-08-03 04:00:15","2017-07-31 17:48:00",FALSE,517984.813538961,8013118.39719156
17001,"2017-08-03 05:00:15","2017-07-31 17:48:00",FALSE,519591.375596927,8012476.54704744
17001,"2017-08-03 06:00:15","2017-07-31 17:48:00",FALSE,520059.354363494,8016556.21982983
17001,"2017-08-03 07:00:15","2017-07-31 17:48:00",FALSE,521922.099623882,8021415.13088398
17001,"2017-08-03 08:00:15","2017-07-31 17:48:00",FALSE,523052.892604704,8027021.90281197
17001,"2017-08-03 09:00:15","2017-07-31 17:48:00",FALSE,524242.368353179,8032503.18133743
17001,"2017-08-03 10:00:15","2017-07-31 17:48:00",FALSE,520248.397872094,8037476.81302902
17001,"2017-08-03 11:00:15","2017-07-31 17:48:00",FALSE,516724.433331082,8035069.16351868
17001,"2017-08-03 12:00:15","2017-07-31 17:48:00",FALSE,514082.29977632,8029379.98361437
17001,"2017-08-03 13:00:15","2017-07-31 17:48:00",FALSE,509786.395769587,8023576.42746448
17001,"2017-08-03 14:00:15","2017-07-31 17:48:00",FALSE,506687.298760345,8017768.09632406
17001,"2017-08-03 15:00:15","2017-07-31 17:48:00",FALSE,507283.815945893,8011983.00001655
17001,"2017-08-03 16:00:15","2017-07-31 17:48:00",FALSE,508025.080032223,8007272.03012382
17001,"2017-08-03 17:00:15","2017-07-31 17:48:00",FALSE,511144.03547058,8006505.66888465
17001,"2017-08-03 18:00:15","2017-07-31 17:48:00",FALSE,512197.043696414,8007067.30088689
17001,"2017-08-03 19:00:15","2017-07-31 17:48:00",FALSE,512766.078095754,8008839.49922617
17001,"2017-08-04 00:19:29","2017-07-31 17:48:00",FALSE,515827.483137738,8018876.16729074
17001,"2017-08-04 01:19:29","2017-07-31 17:48:00",FALSE,512883.269788606,8013618.69325108
17001,"2017-08-04 02:19:29","2017-07-31 17:48:00",FALSE,512683.635694252,8010304.24714973
17001,"2017-08-04 03:19:29","2017-07-31 17:48:00",FALSE,511873.674236887,8011356.2031954
17001,"2017-08-04 04:19:29","2017-07-31 17:48:00",FALSE,512422.817651015,8013443.41330412
17001,"2017-08-04 05:19:29","2017-07-31 17:48:00",FALSE,511695.458081958,8011979.34807552
17001,"2017-08-04 06:19:29","2017-07-31 17:48:00",FALSE,511916.195962135,8013531.04404759
17001,"2017-08-04 07:19:29","2017-07-31 17:48:00",FALSE,512514.651734669,8016693.59001942
17001,"2017-08-04 08:19:29","2017-07-31 17:48:00",FALSE,515343.554217841,8017481.09362736
17001,"2017-08-04 09:19:29","2017-07-31 17:48:00",FALSE,516131.01535666,8017601.79770066
17001,"2017-08-04 10:19:29","2017-07-31 17:48:00",FALSE,514801.286527417,8017133.07009988
17001,"2017-08-04 11:19:29","2017-07-31 17:48:00",FALSE,511982.807923111,8016965.61104762
17001,"2017-08-04 12:19:29","2017-07-31 17:48:00",FALSE,511102.508239863,8015628.40601635
17001,"2017-08-04 13:19:29","2017-07-31 17:48:00",FALSE,507026.040712596,8011438.98047867
17001,"2017-08-04 14:19:29","2017-07-31 17:48:00",FALSE,506093.655184632,8007749.93209232
17001,"2017-08-04 15:19:29","2017-07-31 17:48:00",FALSE,508756.815389317,8005908.28041045
17001,"2017-08-04 16:19:29","2017-07-31 17:48:00",FALSE,511996.833175292,8006743.19119843
17001,"2017-08-04 17:19:29","2017-07-31 17:48:00",FALSE,513506.301846326,8004824.7166249
17001,"2017-08-05 00:00:35","2017-07-31 17:48:00",FALSE,517380.007678361,7993065.47071575
17001,"2017-08-05 01:00:35","2017-07-31 17:48:00",FALSE,520719.374028012,7995116.49238531
17001,"2017-08-05 02:00:35","2017-07-31 17:48:00",FALSE,521583.732588992,7997255.13649206
17001,"2017-08-05 03:00:35","2017-07-31 17:48:00",FALSE,522031.940805796,7999444.64626529
17001,"2017-08-05 04:00:35","2017-07-31 17:48:00",FALSE,518474.512157597,8000097.54591066
17001,"2017-08-05 05:00:35","2017-07-31 17:48:00",FALSE,518601.161096133,8004639.3434947
17001,"2017-08-05 06:00:35","2017-07-31 17:48:00",FALSE,517432.134148712,8008665.70593864
17001,"2017-08-05 07:00:35","2017-07-31 17:48:00",FALSE,519898.909579971,8012980.22529468
17001,"2017-08-05 08:00:35","2017-07-31 17:48:00",FALSE,520776.134769767,8015303.47092788
17001,"2017-08-05 09:00:35","2017-07-31 17:48:00",FALSE,519322.2390258,8015897.68044929
17001,"2017-08-05 10:00:35","2017-07-31 17:48:00",FALSE,521740.238386957,8017042.14251099
17001,"2017-08-05 11:00:35","2017-07-31 17:48:00",FALSE,520316.38680409,8018025.8309553
17001,"2017-08-05 12:00:35","2017-07-31 17:48:00",FALSE,515807.866173852,8018410.76203795
17001,"2017-08-05 13:00:35","2017-07-31 17:48:00",FALSE,511200.369964286,8016813.84934643
17001,"2017-08-05 14:00:35","2017-07-31 17:48:00",FALSE,512616.468920035,8017386.9847973
17001,"2017-08-05 15:00:35","2017-07-31 17:48:00",FALSE,512037.025039554,8020024.31095459
17001,"2017-08-05 16:00:35","2017-07-31 17:48:00",FALSE,512260.522631703,8020157.06409452
17001,"2017-08-05 17:00:35","2017-07-31 17:48:00",FALSE,512972.733314217,8018595.35722801
17001,"2017-08-05 18:00:35","2017-07-31 17:48:00",FALSE,514481.517868487,8018679.27598496
17001,"2017-08-06 00:05:07","2017-07-31 17:48:00",FALSE,507766.065187843,8021027.11027426
17001,"2017-08-06 01:05:07","2017-07-31 17:48:00",FALSE,506389.940263475,8017813.52519258
17001,"2017-08-06 02:05:07","2017-07-31 17:48:00",FALSE,506687.226354866,8011562.88972882
17001,"2017-08-06 03:05:07","2017-07-31 17:48:00",FALSE,507847.149565333,8006263.46133679
17001,"2017-08-06 04:05:07","2017-07-31 17:48:00",FALSE,512602.171543082,8002362.0308268
17001,"2017-08-06 05:05:07","2017-07-31 17:48:00",FALSE,513725.440392913,8005447.06478511
17001,"2017-08-06 06:05:07","2017-07-31 17:48:00",FALSE,513568.337070955,8010859.2944998
17001,"2017-08-06 07:05:07","2017-07-31 17:48:00",FALSE,513663.386383041,8015012.60130494
17001,"2017-08-06 08:05:07","2017-07-31 17:48:00",FALSE,514405.556078724,8020089.83758201
17001,"2017-08-06 09:05:07","2017-07-31 17:48:00",FALSE,509887.142735515,8021706.73118315
17001,"2017-08-06 10:05:07","2017-07-31 17:48:00",FALSE,509016.941281411,8019305.22061582
17001,"2017-08-06 11:05:07","2017-07-31 17:48:00",FALSE,508993.26232109,8017012.89154337
17001,"2017-08-06 12:05:07","2017-07-31 17:48:00",FALSE,506386.78831646,8012177.67069971
17001,"2017-08-06 13:05:07","2017-07-31 17:48:00",FALSE,506019.587892243,8008003.88459814
17001,"2017-08-06 14:05:07","2017-07-31 17:48:00",FALSE,506461.280560729,8007310.89799439
17001,"2017-08-06 15:05:07","2017-07-31 17:48:00",FALSE,508624.844576272,8005401.67134843
17001,"2017-08-06 16:05:07","2017-07-31 17:48:00",FALSE,505377.41692769,8008421.0661701
17001,"2017-08-06 17:05:07","2017-07-31 17:48:00",FALSE,503717.023737905,8010356.41749808
17001,"2017-08-07 00:04:23","2017-07-31 17:48:00",FALSE,505901.552789115,8009286.35673797
17001,"2017-08-07 01:04:23","2017-07-31 17:48:00",FALSE,506454.228031274,8012499.84940118
17001,"2017-08-07 02:04:23","2017-07-31 17:48:00",FALSE,507840.086458306,8016846.37678626
17001,"2017-08-07 03:04:23","2017-07-31 17:48:00",FALSE,510660.607740826,8021460.86029009
17001,"2017-08-07 04:04:23","2017-07-31 17:48:00",FALSE,512898.679934831,8026052.01770271
17001,"2017-08-07 05:04:23","2017-07-31 17:48:00",FALSE,514290.583635466,8029857.53003288
17001,"2017-08-07 06:04:23","2017-07-31 17:48:00",FALSE,513377.972244172,8027726.68443896
17001,"2017-08-07 07:04:23","2017-07-31 17:48:00",FALSE,512391.677820872,8025106.70078301
17001,"2017-08-07 08:04:23","2017-07-31 17:48:00",FALSE,511807.268844679,8021267.11989109
17001,"2017-08-07 09:04:23","2017-07-31 17:48:00",FALSE,514435.698659789,8018185.3101455
17001,"2017-08-07 10:04:23","2017-07-31 17:48:00",FALSE,516897.890725094,8014349.11789653
17001,"2017-08-07 11:04:23","2017-07-31 17:48:00",FALSE,519632.278167234,8014826.81335863
17001,"2017-08-07 12:04:23","2017-07-31 17:48:00",FALSE,520455.417460061,8014642.25919049
17001,"2017-08-07 13:04:23","2017-07-31 17:48:00",FALSE,517041.654767514,8012267.44061126
17001,"2017-08-07 14:04:23","2017-07-31 17:48:00",FALSE,516133.153572851,8013644.27916947
17001,"2017-08-07 15:04:23","2017-07-31 17:48:00",FALSE,515516.484167446,8015771.30064726
17001,"2017-08-07 16:04:23","2017-07-31 17:48:00",FALSE,513331.366316471,8018026.25630427
17001,"2017-08-07 17:04:23","2017-07-31 17:48:00",FALSE,513306.891021263,8018007.81696946
17001,"2017-08-07 18:04:23","2017-07-31 17:48:00",FALSE,512830.474867321,8020334.06306815
17001,"2017-08-08 00:00:16","2017-07-31 17:48:00",FALSE,512189.200470227,8019018.56294254
17001,"2017-08-08 01:00:16","2017-07-31 17:48:00",FALSE,511214.074727292,8018231.39332562
17001,"2017-08-08 02:00:16","2017-07-31 17:48:00",FALSE,511693.20369411,8017331.39395471
17001,"2017-08-08 03:00:16","2017-07-31 17:48:00",FALSE,513869.473400588,8015937.31494901
17001,"2017-08-08 04:00:16","2017-07-31 17:48:00",FALSE,514603.000585344,8011397.84447918
17001,"2017-08-08 05:00:16","2017-07-31 17:48:00",FALSE,516258.915490363,8005727.04080843
17001,"2017-08-08 06:00:16","2017-07-31 17:48:00",FALSE,517148.623973239,7999905.74454756
17001,"2017-08-08 07:00:16","2017-07-31 17:48:00",FALSE,517205.055958637,7994722.86770082
17001,"2017-08-08 08:00:16","2017-07-31 17:48:00",FALSE,514581.915877379,7992168.18131176
17001,"2017-08-08 09:00:16","2017-07-31 17:48:00",FALSE,512346.459521214,7991161.41189691
17001,"2017-08-08 10:00:16","2017-07-31 17:48:00",FALSE,511223.404475394,7991514.7472241
17001,"2017-08-08 11:00:16","2017-07-31 17:48:00",FALSE,511004.694386822,7992276.88851706
17001,"2017-08-08 12:00:16","2017-07-31 17:48:00",FALSE,511760.227962578,7993105.63464453
17001,"2017-08-08 13:00:16","2017-07-31 17:48:00",FALSE,511813.008453541,7992484.76179981
17001,"2017-08-08 14:00:16","2017-07-31 17:48:00",FALSE,512599.040173338,7992428.90409368
17001,"2017-08-08 15:00:16","2017-07-31 17:48:00",FALSE,514406.521898448,7991974.16653074
17001,"2017-08-08 16:00:16","2017-07-31 17:48:00",FALSE,513997.811650813,7992069.46247178
17001,"2017-08-08 17:00:16","2017-07-31 17:48:00",FALSE,511845.927439268,7992294.74085002
17001,"2017-08-08 18:00:16","2017-07-31 17:48:00",FALSE,514167.196256838,7993061.26734427
17001,"2017-08-09 00:01:48","2017-07-31 17:48:00",FALSE,518360.533985364,8014279.19812052
17001,"2017-08-09 01:01:48","2017-07-31 17:48:00",FALSE,517953.873785954,8016270.35813068
17001,"2017-08-09 02:01:48","2017-07-31 17:48:00",FALSE,515242.02992787,8018455.23756671
17001,"2017-08-09 03:01:48","2017-07-31 17:48:00",FALSE,514985.912213154,8021260.72962618
17001,"2017-08-09 04:01:48","2017-07-31 17:48:00",FALSE,516027.242247851,8022867.71652263
17001,"2017-08-09 05:01:48","2017-07-31 17:48:00",FALSE,516188.013591754,8020795.61765232
17001,"2017-08-09 06:01:48","2017-07-31 17:48:00",FALSE,517739.255061365,8021470.85505935
17001,"2017-08-09 07:01:48","2017-07-31 17:48:00",FALSE,518717.723330258,8025504.34791094
17001,"2017-08-09 08:01:48","2017-07-31 17:48:00",FALSE,519136.863505316,8030071.35240046
17001,"2017-08-09 09:01:48","2017-07-31 17:48:00",FALSE,520305.630154532,8034361.85178258
17001,"2017-08-09 10:01:48","2017-07-31 17:48:00",FALSE,522899.67505839,8035121.27317502
17001,"2017-08-09 11:01:48","2017-07-31 17:48:00",FALSE,520246.842365489,8034253.42691403
17001,"2017-08-09 12:01:48","2017-07-31 17:48:00",FALSE,521522.549128964,8036777.97379379
17001,"2017-08-09 13:01:48","2017-07-31 17:48:00",FALSE,523025.794570518,8040425.26976905
17001,"2017-08-09 14:01:48","2017-07-31 17:48:00",FALSE,518232.934108828,8041011.39770939
17001,"2017-08-09 15:01:48","2017-07-31 17:48:00",FALSE,516520.553351599,8034594.18468622
17001,"2017-08-09 16:01:48","2017-07-31 17:48:00",FALSE,513421.153083536,8029278.31282325
17001,"2017-08-09 17:01:48","2017-07-31 17:48:00",FALSE,509413.341978981,8023421.1152392
17001,"2017-08-09 18:01:48","2017-07-31 17:48:00",FALSE,506283.24716218,8017293.12158135
17001,"2017-08-10 00:02:45","2017-07-31 17:48:00",FALSE,514684.056058493,8000406.62775353
17001,"2017-08-10 01:02:45","2017-07-31 17:48:00",FALSE,515754.385789025,7995115.03666173
17001,"2017-08-10 02:02:45","2017-07-31 17:48:00",FALSE,517744.609687032,7993281.81940605
17001,"2017-08-10 03:02:45","2017-07-31 17:48:00",FALSE,518401.804067315,7994915.96655529
17001,"2017-08-10 04:02:45","2017-07-31 17:48:00",FALSE,517961.568369595,7996308.55490298
17001,"2017-08-10 05:02:45","2017-07-31 17:48:00",FALSE,517892.826992199,7998903.4057274
17001,"2017-08-10 06:02:45","2017-07-31 17:48:00",FALSE,517482.152114839,8001559.73625608
17001,"2017-08-10 07:02:45","2017-07-31 17:48:00",FALSE,516851.510972829,8005863.21654817
17001,"2017-08-10 08:02:45","2017-07-31 17:48:00",FALSE,516563.772027024,8011099.93206842
17001,"2017-08-10 09:02:45","2017-07-31 17:48:00",FALSE,517062.95229208,8015807.95020531
17001,"2017-08-10 10:02:45","2017-07-31 17:48:00",FALSE,518395.611834355,8014503.44136734
17001,"2017-08-10 11:02:45","2017-07-31 17:48:00",FALSE,520600.503668423,8014216.65025921
17001,"2017-08-10 12:02:45","2017-07-31 17:48:00",FALSE,522562.674337028,8017262.83637156
17001,"2017-08-10 13:02:45","2017-07-31 17:48:00",FALSE,523906.295845157,8019635.55660245
17001,"2017-08-10 14:02:45","2017-07-31 17:48:00",FALSE,523853.846974737,8022771.56799088
17001,"2017-08-10 15:02:45","2017-07-31 17:48:00",FALSE,522357.357298719,8027106.74481818
17001,"2017-08-10 16:02:45","2017-07-31 17:48:00",FALSE,523776.699695012,8031069.56579347
17001,"2017-08-10 17:02:45","2017-07-31 17:48:00",FALSE,525584.855482099,8035435.51951736
17001,"2017-08-10 18:02:45","2017-07-31 17:48:00",FALSE,528103.457552268,8036674.82503542
17001,"2017-08-11 00:01:14","2017-07-31 17:48:00",FALSE,521799.606434292,8050032.19365874
17001,"2017-08-11 01:01:14","2017-07-31 17:48:00",FALSE,525522.286852088,8050937.65014187
17001,"2017-08-11 02:01:14","2017-07-31 17:48:00",FALSE,529299.305315563,8051586.09716496
17001,"2017-08-11 03:01:14","2017-07-31 17:48:00",FALSE,532081.349622975,8048975.99004055
17001,"2017-08-11 04:01:14","2017-07-31 17:48:00",FALSE,533050.85970087,8051977.71295637
17001,"2017-08-11 05:01:14","2017-07-31 17:48:00",FALSE,533327.367121407,8052734.26954826
17001,"2017-08-11 06:01:14","2017-07-31 17:48:00",FALSE,534530.955608229,8049845.67004728
17001,"2017-08-11 07:01:14","2017-07-31 17:48:00",FALSE,534340.879482095,8050166.04365461
17001,"2017-08-11 08:01:14","2017-07-31 17:48:00",FALSE,535674.008393538,8053254.67406325
17001,"2017-08-11 09:01:14","2017-07-31 17:48:00",FALSE,534512.156942315,8057110.29072744
17001,"2017-08-11 10:01:14","2017-07-31 17:48:00",FALSE,532915.368568685,8055203.98039967
17001,"2017-08-11 11:01:14","2017-07-31 17:48:00",FALSE,532314.696121587,8054561.41283808
17001,"2017-08-11 12:01:14","2017-07-31 17:48:00",FALSE,531836.653821443,8055339.17806751
17001,"2017-08-11 13:01:14","2017-07-31 17:48:00",FALSE,533815.074720312,8056598.08862666
17001,"2017-08-11 14:01:14","2017-07-31 17:48:00",FALSE,536250.668136845,8055195.85396292
17001,"2017-08-11 15:01:14","2017-07-31 17:48:00",FALSE,535150.729065144,8057700.71407493
17001,"2017-08-11 16:01:14","2017-07-31 17:48:00",FALSE,536094.488397827,8055102.32965723
17001,"2017-08-11 17:01:14","2017-07-31 17:48:00",FALSE,537065.299276181,8053933.9008705
17001,"2017-08-11 18:01:14","2017-07-31 17:48:00",FALSE,538947.169608878,8051050.89027575
17001,"2017-08-11 19:01:14","2017-07-31 17:48:00",FALSE,542838.383640487,8051648.06066582
17001,"2017-08-12 00:16:00","2017-07-31 17:48:00",FALSE,555734.252557301,8056511.91445042
17001,"2017-08-12 01:16:00","2017-07-31 17:48:00",FALSE,558990.836569054,8054670.66145449
17001,"2017-08-12 02:16:00","2017-07-31 17:48:00",FALSE,563687.989172257,8053785.17988033
17001,"2017-08-12 03:16:00","2017-07-31 17:48:00",FALSE,567595.116756644,8050850.47215552
17001,"2017-08-12 04:16:00","2017-07-31 17:48:00",FALSE,570110.796235287,8054340.73699278
17001,"2017-08-12 05:16:00","2017-07-31 17:48:00",FALSE,574477.665943554,8058617.63286752
17001,"2017-08-12 06:16:00","2017-07-31 17:48:00",FALSE,581064.247519984,8061554.5983205
17001,"2017-08-12 07:16:00","2017-07-31 17:48:00",FALSE,580936.199916646,8068131.9635287
17001,"2017-08-12 08:16:00","2017-07-31 17:48:00",FALSE,574651.520240934,8069663.33075115
17001,"2017-08-12 09:16:00","2017-07-31 17:48:00",FALSE,567923.249052364,8067893.80616042
17001,"2017-08-12 10:16:00","2017-07-31 17:48:00",FALSE,561720.913076832,8064386.97070721
17001,"2017-08-12 11:16:00","2017-07-31 17:48:00",FALSE,555545.198720784,8061670.41458686
17001,"2017-08-12 12:16:00","2017-07-31 17:48:00",FALSE,550766.532480473,8058725.14098243
17001,"2017-08-12 13:16:00","2017-07-31 17:48:00",FALSE,546565.517082838,8056009.99889584
17001,"2017-08-12 14:16:00","2017-07-31 17:48:00",FALSE,543225.580782827,8053954.95961339
17001,"2017-08-12 15:16:00","2017-07-31 17:48:00",FALSE,542514.83292733,8056317.97573745
17001,"2017-08-12 16:16:00","2017-07-31 17:48:00",FALSE,543519.227052528,8059713.29193692
17001,"2017-08-12 17:16:00","2017-07-31 17:48:00",FALSE,543752.794828099,8059794.01422062
17001,"2017-08-12 18:16:00","2017-07-31 17:48:00",FALSE,543743.539323133,8059991.86903082
17001,"2017-08-13 00:01:50","2017-07-31 17:48:00",FALSE,550546.014716258,8062154.55293882
17001,"2017-08-13 01:01:50","2017-07-31 17:48:00",FALSE,553340.691632039,8061388.91335869
17001,"2017-08-13 02:01:50","2017-07-31 17:48:00",FALSE,556385.555809513,8060493.62365579
17001,"2017-08-13 03:01:50","2017-07-31 17:48:00",FALSE,558507.823622671,8058342.83635197
17001,"2017-08-13 04:01:50","2017-07-31 17:48:00",FALSE,561954.14805055,8061018.27213228
17001,"2017-08-13 05:01:50","2017-07-31 17:48:00",FALSE,566778.857845051,8061897.60164353
17001,"2017-08-13 06:01:50","2017-07-31 17:48:00",FALSE,569091.066760806,8065590.2719824
17001,"2017-08-13 07:01:50","2017-07-31 17:48:00",FALSE,571998.206718586,8071489.17097047
17001,"2017-08-13 08:01:50","2017-07-31 17:48:00",FALSE,575813.801745641,8074248.15843272
17001,"2017-08-13 09:01:50","2017-07-31 17:48:00",FALSE,581683.05148454,8075162.23639815
17001,"2017-08-13 10:01:50","2017-07-31 17:48:00",FALSE,586089.250659675,8073247.96068821
17001,"2017-08-13 11:01:50","2017-07-31 17:48:00",FALSE,587118.783447441,8070941.6528098
17001,"2017-08-13 12:01:50","2017-07-31 17:48:00",FALSE,590419.077161731,8076157.62644349
17001,"2017-08-13 13:01:50","2017-07-31 17:48:00",FALSE,595746.362211126,8074190.39931645
17001,"2017-08-13 14:01:50","2017-07-31 17:48:00",FALSE,599322.973453772,8074491.09595499
17001,"2017-08-13 15:01:50","2017-07-31 17:48:00",FALSE,601098.659660659,8074861.91887129
17001,"2017-08-13 16:01:50","2017-07-31 17:48:00",FALSE,601124.564181336,8072864.64915147
17001,"2017-08-13 17:01:50","2017-07-31 17:48:00",FALSE,600885.145258731,8074126.39494942
17001,"2017-08-13 18:01:50","2017-07-31 17:48:00",FALSE,597996.163740002,8076101.35846189
17001,"2017-08-13 19:01:50","2017-07-31 17:48:00",FALSE,592919.548335177,8078488.07733801
17001,"2017-08-14 00:04:47","2017-07-31 17:48:00",FALSE,568988.545860984,8072172.14648069
17001,"2017-08-14 01:04:47","2017-07-31 17:48:00",FALSE,568456.164442882,8068625.23540089
17001,"2017-08-14 02:04:47","2017-07-31 17:48:00",FALSE,569271.341270361,8065227.51760672
17001,"2017-08-14 03:04:47","2017-07-31 17:48:00",FALSE,571162.31760149,8061671.81888964
17001,"2017-08-14 04:04:47","2017-07-31 17:48:00",FALSE,573723.390038371,8059678.01422901
17001,"2017-08-14 05:04:47","2017-07-31 17:48:00",FALSE,573180.231264704,8059591.24954861
17001,"2017-08-14 06:04:47","2017-07-31 17:48:00",FALSE,573696.794302319,8061973.41855315
17001,"2017-08-14 07:04:47","2017-07-31 17:48:00",FALSE,570677.964740757,8066012.96526848
17001,"2017-08-14 08:04:47","2017-07-31 17:48:00",FALSE,566353.507997041,8066825.32438354
17001,"2017-08-14 09:04:47","2017-07-31 17:48:00",FALSE,560949.049792846,8062173.02558394
17001,"2017-08-14 10:04:47","2017-07-31 17:48:00",FALSE,554045.17740279,8059123.96469179
17001,"2017-08-14 11:04:47","2017-07-31 17:48:00",FALSE,548617.211778525,8056378.71858261
17001,"2017-08-14 12:04:47","2017-07-31 17:48:00",FALSE,543555.304769949,8054977.20878037
17001,"2017-08-14 13:04:47","2017-07-31 17:48:00",FALSE,538168.60044361,8054902.78193527
17001,"2017-08-14 14:04:47","2017-07-31 17:48:00",FALSE,533314.894931348,8055415.13703063
17001,"2017-08-14 15:04:47","2017-07-31 17:48:00",FALSE,529275.593055641,8056335.48588507
17001,"2017-08-14 16:04:47","2017-07-31 17:48:00",FALSE,523100.449810167,8058387.64038548
17001,"2017-08-14 17:04:47","2017-07-31 17:48:00",FALSE,517237.323002473,8056605.6209992
17001,"2017-08-14 18:04:47","2017-07-31 17:48:00",FALSE,513923.074459137,8052181.5707962
17001,"2017-08-15 00:13:37","2017-07-31 17:48:00",FALSE,518371.766116007,8036343.95481185
17001,"2017-08-15 01:13:37","2017-07-31 17:48:00",FALSE,516981.132805956,8030243.92029578
17001,"2017-08-15 02:13:37","2017-07-31 17:48:00",FALSE,511607.770159762,8026946.45232419
17001,"2017-08-15 03:13:37","2017-07-31 17:48:00",FALSE,508070.936239179,8020802.0968742
17001,"2017-08-15 04:13:37","2017-07-31 17:48:00",FALSE,505876.628869956,8015182.17739207
17001,"2017-08-15 05:13:37","2017-07-31 17:48:00",FALSE,506498.135930191,8008947.93207579
17001,"2017-08-15 06:13:37","2017-07-31 17:48:00",FALSE,509469.696845258,8005436.9493411
17001,"2017-08-15 07:13:37","2017-07-31 17:48:00",FALSE,512976.668106832,8001964.92133711
17001,"2017-08-15 08:13:37","2017-07-31 17:48:00",FALSE,515823.018819503,7996477.07732134
17001,"2017-08-15 09:13:37","2017-07-31 17:48:00",FALSE,514090.719442309,7992450.02677163
17001,"2017-08-15 10:13:37","2017-07-31 17:48:00",FALSE,513291.867969233,7991686.19869702
17001,"2017-08-15 11:13:37","2017-07-31 17:48:00",FALSE,511948.611936674,7993338.02381334
17001,"2017-08-15 12:13:37","2017-07-31 17:48:00",FALSE,511629.337965748,7993029.981772
17001,"2017-08-15 13:13:37","2017-07-31 17:48:00",FALSE,512374.253304623,7993035.12359005
17001,"2017-08-15 14:13:37","2017-07-31 17:48:00",FALSE,513344.200869748,7992844.68979483
17001,"2017-08-15 15:13:37","2017-07-31 17:48:00",FALSE,516262.844018251,7993105.37283809
17001,"2017-08-15 16:13:37","2017-07-31 17:48:00",FALSE,518500.395994154,7995168.50668504
17001,"2017-08-15 17:13:37","2017-07-31 17:48:00",FALSE,520001.016077858,7998697.5211278
17001,"2017-08-16 00:21:04","2017-07-31 17:48:00",FALSE,513579.723308437,8021537.14522689
17001,"2017-08-16 01:21:04","2017-07-31 17:48:00",FALSE,513464.415023394,8023950.08719015
17001,"2017-08-16 02:21:04","2017-07-31 17:48:00",FALSE,514437.507676587,8027120.97438077
17001,"2017-08-16 03:21:04","2017-07-31 17:48:00",FALSE,517146.883519169,8029400.54830463
17001,"2017-08-16 04:21:04","2017-07-31 17:48:00",FALSE,519928.142502112,8031113.41605654
17001,"2017-08-16 05:21:04","2017-07-31 17:48:00",FALSE,521600.046347837,8035141.44593242
17001,"2017-08-16 06:21:04","2017-07-31 17:48:00",FALSE,522753.07767736,8037226.08171339
17001,"2017-08-16 07:21:04","2017-07-31 17:48:00",FALSE,523543.619054531,8039746.16680099
17001,"2017-08-16 08:21:04","2017-07-31 17:48:00",FALSE,523492.367637884,8042488.73938922
17001,"2017-08-16 09:21:04","2017-07-31 17:48:00",FALSE,525975.849495207,8045569.60204398
17001,"2017-08-16 10:21:04","2017-07-31 17:48:00",FALSE,526543.369974347,8050513.01502082
17001,"2017-08-16 11:21:04","2017-07-31 17:48:00",FALSE,529822.487608036,8053450.52369533
17001,"2017-08-16 12:21:04","2017-07-31 17:48:00",FALSE,531381.726137645,8054337.39376614
17001,"2017-08-16 13:21:04","2017-07-31 17:48:00",FALSE,533075.069019088,8055316.47636128
17001,"2017-08-16 14:21:04","2017-07-31 17:48:00",FALSE,535986.384898654,8054156.6820135
17001,"2017-08-16 15:21:04","2017-07-31 17:48:00",FALSE,536472.282285144,8051220.35759209
17001,"2017-08-16 16:21:04","2017-07-31 17:48:00",FALSE,536909.303229864,8052462.04054588
17001,"2017-08-16 17:21:04","2017-07-31 17:48:00",FALSE,538708.879380988,8051185.65190024
17001,"2017-08-16 18:21:04","2017-07-31 17:48:00",FALSE,542474.064464701,8050911.26557672
17001,"2017-08-16 19:21:04","2017-07-31 17:48:00",FALSE,543939.144757223,8050803.27848283
17001,"2017-08-16 20:21:04","2017-07-31 17:48:00",FALSE,545359.248595429,8050236.08418289
17001,"2017-08-16 21:21:04","2017-07-31 17:48:00",FALSE,548473.683766072,8047804.82644858
17001,"2017-08-17 00:04:01","2017-07-31 17:48:00",FALSE,554338.190641591,8046619.92259177
17001,"2017-08-17 01:04:01","2017-07-31 17:48:00",FALSE,549671.277893064,8039973.54660477
17001,"2017-08-17 02:04:01","2017-07-31 17:48:00",FALSE,546198.973351858,8037490.72429688
17001,"2017-08-17 03:04:01","2017-07-31 17:48:00",FALSE,543393.277611475,8033496.3237055
17001,"2017-08-17 04:04:01","2017-07-31 17:48:00",FALSE,545762.177200876,8029981.20645552
17001,"2017-08-17 05:04:01","2017-07-31 17:48:00",FALSE,545562.382687552,8030345.07475751
17001,"2017-08-17 06:04:01","2017-07-31 17:48:00",FALSE,545562.525589874,8030145.95396211
17001,"2017-08-17 07:04:01","2017-07-31 17:48:00",FALSE,545559.622594037,8030256.0164588
17001,"2017-08-17 08:04:01","2017-07-31 17:48:00",FALSE,545622.093094173,8030318.24321992
17001,"2017-08-17 09:04:01","2017-07-31 17:48:00",FALSE,545613.03957374,8030093.67364645
17001,"2017-08-17 10:04:01","2017-07-31 17:48:00",FALSE,545670.400711375,8030170.13924557
17001,"2017-08-17 11:04:01","2017-07-31 17:48:00",FALSE,545580.128330788,8030500.22924216
17001,"2017-08-17 12:04:01","2017-07-31 17:48:00",FALSE,545565.526831029,8030499.82403496
17001,"2017-08-17 13:04:01","2017-07-31 17:48:00",FALSE,545784.082962668,8029861.00511645
17001,"2017-08-17 14:04:01","2017-07-31 17:48:00",FALSE,545470.907000796,8030503.24990107
17001,"2017-08-17 15:04:01","2017-07-31 17:48:00",FALSE,545511.969785038,8030355.32429439
17001,"2017-08-18 00:03:42","2017-07-31 17:48:00",FALSE,547492.608053935,8020538.07362498
17001,"2017-08-18 01:03:42","2017-07-31 17:48:00",FALSE,550418.322046103,8025629.26013096
17001,"2017-08-18 02:03:42","2017-07-31 17:48:00",FALSE,552864.67023878,8029439.17143976
17001,"2017-08-18 03:03:42","2017-07-31 17:48:00",FALSE,552672.003986284,8030625.22242313
17001,"2017-08-18 04:03:42","2017-07-31 17:48:00",FALSE,553528.988169054,8036838.73577318
17001,"2017-08-18 05:03:42","2017-07-31 17:48:00",FALSE,555219.645273548,8035282.07510543
17001,"2017-08-18 06:03:42","2017-07-31 17:48:00",FALSE,561849.405734966,8031382.84087371
17001,"2017-08-18 07:03:42","2017-07-31 17:48:00",FALSE,560241.330041391,8032395.6397709
17001,"2017-08-18 08:03:42","2017-07-31 17:48:00",FALSE,555179.952144271,8035724.86539766
17001,"2017-08-18 09:03:42","2017-07-31 17:48:00",FALSE,550608.60423666,8038252.41038536
17001,"2017-08-18 10:03:42","2017-07-31 17:48:00",FALSE,548126.317119284,8041333.40988814
17001,"2017-08-18 11:03:42","2017-07-31 17:48:00",FALSE,543830.297033287,8043118.36022326
17001,"2017-08-18 12:03:42","2017-07-31 17:48:00",FALSE,540700.757900958,8045976.3318585
17001,"2017-08-18 13:03:42","2017-07-31 17:48:00",FALSE,536861.814546218,8047992.10114545
17001,"2017-08-18 14:03:42","2017-07-31 17:48:00",FALSE,531311.569650039,8049338.7881632
17001,"2017-08-18 15:03:42","2017-07-31 17:48:00",FALSE,525096.160377276,8047678.44034925
17001,"2017-08-18 16:03:42","2017-07-31 17:48:00",FALSE,520608.950018724,8041919.41515158
17001,"2017-08-18 17:03:42","2017-07-31 17:48:00",FALSE,517654.344615501,8033700.18645049
17001,"2017-08-19 00:03:01","2017-07-31 17:48:00",FALSE,509973.866056113,8004081.78318608
17001,"2017-08-19 01:03:01","2017-07-31 17:48:00",FALSE,515304.305219803,7999968.04527676
17001,"2017-08-19 02:03:01","2017-07-31 17:48:00",FALSE,512979.50480896,7994896.04621479
17001,"2017-08-19 03:03:01","2017-07-31 17:48:00",FALSE,509101.042187118,7989634.10280298
17001,"2017-08-19 04:03:01","2017-07-31 17:48:00",FALSE,508340.348262105,7986119.11618368
17001,"2017-08-19 05:03:01","2017-07-31 17:48:00",FALSE,508298.681463717,7985300.13553557
17001,"2017-08-19 06:03:01","2017-07-31 17:48:00",FALSE,507886.936667421,7984856.26458379
17001,"2017-08-19 07:03:01","2017-07-31 17:48:00",FALSE,508072.648509753,7984986.88964586
17001,"2017-08-19 08:03:01","2017-07-31 17:48:00",FALSE,507904.434537925,7983863.87024509
17001,"2017-08-19 09:03:01","2017-07-31 17:48:00",FALSE,508316.383704517,7986087.64404893
17001,"2017-08-19 10:03:01","2017-07-31 17:48:00",FALSE,509739.835884255,7989448.13486261
17001,"2017-08-19 11:03:01","2017-07-31 17:48:00",FALSE,513104.305748818,7992975.88968591
17001,"2017-08-19 12:03:01","2017-07-31 17:48:00",FALSE,515444.551152403,7993432.28784682
17001,"2017-08-19 13:03:01","2017-07-31 17:48:00",FALSE,515641.573713868,7993531.5928389
17001,"2017-08-19 14:03:01","2017-07-31 17:48:00",FALSE,518262.397288158,7995139.76898511
17001,"2017-08-19 15:03:01","2017-07-31 17:48:00",FALSE,513315.323322936,7994677.96250148
17001,"2017-08-19 16:03:01","2017-07-31 17:48:00",FALSE,510342.811362405,7994930.3355199
17001,"2017-08-19 17:03:01","2017-07-31 17:48:00",FALSE,512897.02942893,7993705.81713848
17001,"2017-08-20 00:01:10","2017-07-31 17:48:00",FALSE,520799.097143639,7999154.03876582
17001,"2017-08-20 01:01:10","2017-07-31 17:48:00",FALSE,520530.084441791,8001811.47001868
17001,"2017-08-20 02:01:10","2017-07-31 17:48:00",FALSE,518355.416722245,8006450.34921844
17001,"2017-08-20 03:01:10","2017-07-31 17:48:00",FALSE,517435.565612223,8011815.48719374
17001,"2017-08-20 04:01:10","2017-07-31 17:48:00",FALSE,519030.408803422,8013220.254099
17001,"2017-08-20 05:01:10","2017-07-31 17:48:00",FALSE,520939.215402115,8015154.02426285
17001,"2017-08-20 06:01:10","2017-07-31 17:48:00",FALSE,515695.439801998,8015007.45176354
17001,"2017-08-20 07:01:10","2017-07-31 17:48:00",FALSE,514892.163897551,8014801.10244743
17001,"2017-08-20 08:01:10","2017-07-31 17:48:00",FALSE,509493.550196109,8012504.57843409
17001,"2017-08-20 09:01:10","2017-07-31 17:48:00",FALSE,505194.981076441,8009018.60608114
17001,"2017-08-20 10:01:10","2017-07-31 17:48:00",FALSE,507150.869155314,8006849.33470918
17001,"2017-08-20 11:01:10","2017-07-31 17:48:00",FALSE,510564.528051445,8004491.01366053
17001,"2017-08-20 12:01:10","2017-07-31 17:48:00",FALSE,515535.260382864,7999447.67724049
17001,"2017-08-20 13:01:10","2017-07-31 17:48:00",FALSE,520132.903703533,7996062.39980799
17001,"2017-08-20 14:01:10","2017-07-31 17:48:00",FALSE,521923.770972296,7998551.18011599
17001,"2017-08-20 15:01:10","2017-07-31 17:48:00",FALSE,520797.835492725,8001900.76740211
17001,"2017-08-20 16:01:10","2017-07-31 17:48:00",FALSE,518774.102620859,8005473.40194358
17001,"2017-08-20 17:01:10","2017-07-31 17:48:00",FALSE,517827.981132954,8010484.612979
17001,"2017-08-20 18:01:10","2017-07-31 17:48:00",FALSE,519565.959161843,8014937.22470489
17001,"2017-08-21 00:12:28","2017-07-31 17:48:00",FALSE,523111.150236601,8026519.9646986
17001,"2017-08-21 01:12:28","2017-07-31 17:48:00",FALSE,524831.555126707,8030995.8205232
17001,"2017-08-21 02:12:28","2017-07-31 17:48:00",FALSE,523617.46192622,8033454.98112477
17001,"2017-08-21 03:12:28","2017-07-31 17:48:00",FALSE,527547.372489373,8032864.30116482
17001,"2017-08-21 04:12:28","2017-07-31 17:48:00",FALSE,529478.789670278,8033207.69574394
17001,"2017-08-21 05:12:28","2017-07-31 17:48:00",FALSE,532170.98768428,8035890.55844443
17001,"2017-08-21 06:12:28","2017-07-31 17:48:00",FALSE,532231.464136056,8041930.15443298
17001,"2017-08-21 07:12:28","2017-07-31 17:48:00",FALSE,527892.597614365,8048034.85396921
17001,"2017-08-21 12:12:28","2017-07-31 17:48:00",FALSE,527872.128237857,8022836.80770095
17001,"2017-08-21 13:12:28","2017-07-31 17:48:00",FALSE,530854.258663815,8016585.49876967
17001,"2017-08-21 14:12:28","2017-07-31 17:48:00",FALSE,534059.997488694,8010232.34340299
17001,"2017-08-21 15:12:28","2017-07-31 17:48:00",FALSE,539491.558219475,8006500.22407964
17001,"2017-08-21 16:12:28","2017-07-31 17:48:00",FALSE,541248.86741925,8005647.5733808
17001,"2017-08-21 17:12:28","2017-07-31 17:48:00",FALSE,540305.563448149,8005993.19266996
17001,"2017-08-21 18:12:28","2017-07-31 17:48:00",FALSE,542025.032530558,8005568.28574231
17001,"2017-08-22 00:03:56","2017-07-31 17:48:00",FALSE,541603.497886217,8005570.9415891
17001,"2017-08-22 01:03:56","2017-07-31 17:48:00",FALSE,539921.15344551,8006223.64052302
17001,"2017-08-22 02:03:56","2017-07-31 17:48:00",FALSE,537083.392561249,8007946.51017695
17001,"2017-08-22 03:03:56","2017-07-31 17:48:00",FALSE,534388.269007441,8009912.35653765
17001,"2017-08-22 04:03:56","2017-07-31 17:48:00",FALSE,538345.044400812,8007114.79038862
17001,"2017-08-22 05:03:56","2017-07-31 17:48:00",FALSE,541103.792879292,8006441.01859028
17001,"2017-08-22 06:03:56","2017-07-31 17:48:00",FALSE,537488.908529916,8007982.90803189
17001,"2017-08-22 07:03:56","2017-07-31 17:48:00",FALSE,533890.188306481,8010485.40280353
17001,"2017-08-22 08:03:56","2017-07-31 17:48:00",FALSE,531260.045080474,8015683.74096874
17001,"2017-08-22 09:03:56","2017-07-31 17:48:00",FALSE,532686.32979526,8013476.06563062
17001,"2017-08-22 10:03:56","2017-07-31 17:48:00",FALSE,535105.672113628,8009585.54226098
17001,"2017-08-22 11:03:56","2017-07-31 17:48:00",FALSE,536688.854175746,8008584.53981914
17001,"2017-08-22 12:03:56","2017-07-31 17:48:00",FALSE,538206.495229114,8007897.9730941
17001,"2017-08-22 13:03:56","2017-07-31 17:48:00",FALSE,536588.099198996,8008808.54337529
17001,"2017-08-22 14:03:56","2017-07-31 17:48:00",FALSE,533479.165141221,8011733.62404388
17001,"2017-08-22 15:03:56","2017-07-31 17:48:00",FALSE,530899.125844585,8016563.99040939
17001,"2017-08-22 16:03:56","2017-07-31 17:48:00",FALSE,527743.106681573,8022190.84227146
17001,"2017-08-22 17:03:56","2017-07-31 17:48:00",FALSE,524115.624115478,8019354.05565951
17001,"2017-08-23 00:00:50","2017-07-31 17:48:00",FALSE,522206.598847528,8008672.76872751
17001,"2017-08-23 01:00:50","2017-07-31 17:48:00",FALSE,521749.224469451,8008653.23263359
17001,"2017-08-23 02:00:50","2017-07-31 17:48:00",FALSE,521805.07733285,8009180.96677865
17001,"2017-08-23 03:00:50","2017-07-31 17:48:00",FALSE,522916.834613715,8008695.33354791
17001,"2017-08-23 04:00:50","2017-07-31 17:48:00",FALSE,521891.837810227,8008929.31947302
17001,"2017-08-23 05:00:50","2017-07-31 17:48:00",FALSE,522233.25837481,8008700.91012939
17001,"2017-08-23 06:00:50","2017-07-31 17:48:00",FALSE,517868.426120692,8010409.2705142
17001,"2017-08-23 09:00:50","2017-07-31 17:48:00",FALSE,519308.061198165,7994186.58505001
17001,"2017-08-23 10:00:50","2017-07-31 17:48:00",FALSE,513354.747373202,7993360.40885513
17001,"2017-08-23 11:00:50","2017-07-31 17:48:00",FALSE,509384.575096859,7993683.22591692
17001,"2017-08-23 12:00:50","2017-07-31 17:48:00",FALSE,509584.364048807,7993812.96166705
17001,"2017-08-23 13:00:50","2017-07-31 17:48:00",FALSE,509603.615427938,7994349.60860715
17001,"2017-08-23 14:00:50","2017-07-31 17:48:00",FALSE,509661.796383064,7994682.37648181
17001,"2017-08-23 15:00:50","2017-07-31 17:48:00",FALSE,509904.671642302,7994820.18062041
17001,"2017-08-23 16:00:50","2017-07-31 17:48:00",FALSE,511585.039782709,7994161.81940192
17001,"2017-08-23 17:00:50","2017-07-31 17:48:00",FALSE,510873.024073817,7994553.72186524
17001,"2017-08-24 00:02:07","2017-07-31 17:48:00",FALSE,516302.247716155,7993101.33453609
17001,"2017-08-24 01:02:07","2017-07-31 17:48:00",FALSE,514740.323055202,7992548.05024225
17001,"2017-08-24 02:02:07","2017-07-31 17:48:00",FALSE,515254.875352586,7993101.43089098
17001,"2017-08-24 03:02:07","2017-07-31 17:48:00",FALSE,518044.845203829,7994225.71903785
17001,"2017-08-24 04:02:07","2017-07-31 17:48:00",FALSE,518433.320245287,7994831.34417485
17001,"2017-08-24 05:02:07","2017-07-31 17:48:00",FALSE,514369.570858845,7991539.85014004
17001,"2017-08-24 06:02:07","2017-07-31 17:48:00",FALSE,511183.38538987,7992093.79402346
17001,"2017-08-24 07:02:07","2017-07-31 17:48:00",FALSE,514017.269297794,7991651.97461312
17001,"2017-08-24 08:02:07","2017-07-31 17:48:00",FALSE,514875.306259672,7992746.07041579
17001,"2017-08-24 09:02:07","2017-07-31 17:48:00",FALSE,512589.273542298,7992160.1524074
17001,"2017-08-24 10:02:07","2017-07-31 17:48:00",FALSE,510410.200542806,7992826.61126464
17001,"2017-08-24 11:02:07","2017-07-31 17:48:00",FALSE,510505.022925174,7993946.41246567
17001,"2017-08-24 12:02:07","2017-07-31 17:48:00",FALSE,510882.672978459,7994247.19218538
17001,"2017-08-24 13:02:07","2017-07-31 17:48:00",FALSE,510750.028403463,7993930.43376862
17001,"2017-08-24 14:02:07","2017-07-31 17:48:00",FALSE,508294.199485232,7993798.30509181
17001,"2017-08-24 15:02:07","2017-07-31 17:48:00",FALSE,508405.929754403,7994759.89977644
17001,"2017-08-24 16:02:07","2017-07-31 17:48:00",FALSE,511341.441506595,7994607.5990928
17001,"2017-08-24 17:02:07","2017-07-31 17:48:00",FALSE,513121.079252408,7993367.11239502
17001,"2017-08-25 00:30:14","2017-07-31 17:48:00",FALSE,518732.457884938,7999569.30856431
17001,"2017-08-25 01:30:14","2017-07-31 17:48:00",FALSE,518211.292523902,8003565.01075801
17001,"2017-08-25 02:30:14","2017-07-31 17:48:00",FALSE,517106.07016656,8008401.72898595
17001,"2017-08-25 03:30:14","2017-07-31 17:48:00",FALSE,518698.167406906,8004649.62067135
17001,"2017-08-25 04:30:14","2017-07-31 17:48:00",FALSE,516794.181767707,7996756.7544712
17001,"2017-08-25 05:30:14","2017-07-31 17:48:00",FALSE,514162.636493567,7994009.61679954
17001,"2017-08-25 06:30:14","2017-07-31 17:48:00",FALSE,514201.631858985,7994945.83437156
17001,"2017-08-25 07:30:14","2017-07-31 17:48:00",FALSE,514429.090142088,7994587.52993876
17001,"2017-08-25 08:30:14","2017-07-31 17:48:00",FALSE,514672.666615134,7993485.38126254
17001,"2017-08-25 09:30:14","2017-07-31 17:48:00",FALSE,515379.65109528,7993261.23008993
17001,"2017-08-25 10:30:14","2017-07-31 17:48:00",FALSE,514467.958437912,7992690.6958412
17001,"2017-08-25 11:30:14","2017-07-31 17:48:00",FALSE,516930.475168465,7994391.8173707
17001,"2017-08-25 12:30:14","2017-07-31 17:48:00",FALSE,518565.126616029,7996613.01813425
17001,"2017-08-25 13:30:14","2017-07-31 17:48:00",FALSE,518917.040832552,7997263.55896709
17001,"2017-08-25 14:30:14","2017-07-31 17:48:00",FALSE,518135.118097778,7995263.96863173
17001,"2017-08-25 15:30:14","2017-07-31 17:48:00",FALSE,518313.157153587,7999071.46450483
17001,"2017-08-25 16:30:14","2017-07-31 17:48:00",FALSE,517377.810800467,8001375.64812824
17001,"2017-08-25 17:30:14","2017-07-31 17:48:00",FALSE,516798.933489813,7999169.0115906
17001,"2017-08-26 00:06:07","2017-07-31 17:48:00",FALSE,517146.8192137,8009059.38360745
17001,"2017-08-26 01:06:07","2017-07-31 17:48:00",FALSE,516676.733179928,8015454.2010717
17001,"2017-08-26 02:06:07","2017-07-31 17:48:00",FALSE,517708.002612562,8019522.11190556
17001,"2017-08-26 03:06:07","2017-07-31 17:48:00",FALSE,518320.300759087,8023392.50081784
17001,"2017-08-26 04:06:07","2017-07-31 17:48:00",FALSE,519752.438970172,8026782.49514954
17001,"2017-08-26 05:06:07","2017-07-31 17:48:00",FALSE,514510.814166688,8026824.06685701
17001,"2017-08-26 06:06:07","2017-07-31 17:48:00",FALSE,512928.999492732,8021835.37148141
17001,"2017-08-26 07:06:07","2017-07-31 17:48:00",FALSE,508670.676910309,8020021.72550882
17001,"2017-08-26 08:06:07","2017-07-31 17:48:00",FALSE,508987.981937522,8015140.26897627
17001,"2017-08-26 09:06:07","2017-07-31 17:48:00",FALSE,513397.480284451,8012273.52415157
17001,"2017-08-26 10:06:07","2017-07-31 17:48:00",FALSE,512387.535486675,8009632.55933114
17001,"2017-08-26 11:06:07","2017-07-31 17:48:00",FALSE,510366.13922033,8009436.13519227
17001,"2017-08-26 12:06:07","2017-07-31 17:48:00",FALSE,508887.677530989,8014148.79076394
17001,"2017-08-26 13:06:07","2017-07-31 17:48:00",FALSE,508791.878254457,8017967.55748173
17001,"2017-08-26 14:06:07","2017-07-31 17:48:00",FALSE,508957.993308311,8017429.93963467
17001,"2017-08-26 15:06:07","2017-07-31 17:48:00",FALSE,506205.524159789,8013067.71443186
17001,"2017-08-26 16:06:07","2017-07-31 17:48:00",FALSE,507002.325915147,8008183.22550803
17001,"2017-08-26 17:06:07","2017-07-31 17:48:00",FALSE,509303.096163535,8006147.70645609
17001,"2017-08-27 00:22:09","2017-07-31 17:48:00",FALSE,521478.678338348,8016507.05527363
17001,"2017-08-27 01:22:09","2017-07-31 17:48:00",FALSE,522588.329376409,8018423.97732962
17001,"2017-08-27 02:22:09","2017-07-31 17:48:00",FALSE,523941.603083419,8021748.09204703
17001,"2017-08-27 03:22:09","2017-07-31 17:48:00",FALSE,526883.855191104,8023462.07944466
17001,"2017-08-27 04:22:09","2017-07-31 17:48:00",FALSE,530300.517404904,8020300.06885676
17001,"2017-08-27 05:22:09","2017-07-31 17:48:00",FALSE,531556.834576495,8017811.98737091
17001,"2017-08-27 06:22:09","2017-07-31 17:48:00",FALSE,531848.266890616,8016000.46144663
17001,"2017-08-27 07:22:09","2017-07-31 17:48:00",FALSE,532474.264447203,8014137.72187517
17001,"2017-08-27 08:22:09","2017-07-31 17:48:00",FALSE,535083.781877274,8010049.15095348
17001,"2017-08-27 09:22:09","2017-07-31 17:48:00",FALSE,539887.416417272,8006664.04733526
17001,"2017-08-27 10:22:09","2017-07-31 17:48:00",FALSE,541141.26536729,8006377.86994884
17001,"2017-08-28 00:01:21","2017-07-31 17:48:00",FALSE,513440.608972496,8013237.11406204
17001,"2017-08-28 01:01:21","2017-07-31 17:48:00",FALSE,516503.695369026,8013597.59522259
17001,"2017-08-28 02:01:21","2017-07-31 17:48:00",FALSE,517901.329567794,8015615.65121434
17001,"2017-08-28 03:01:21","2017-07-31 17:48:00",FALSE,521974.965485218,8016579.91733514
17001,"2017-08-28 04:01:21","2017-07-31 17:48:00",FALSE,522883.712396565,8019503.97533223
17001,"2017-08-28 05:01:21","2017-07-31 17:48:00",FALSE,521311.400292754,8017151.32751471
17001,"2017-08-28 06:01:21","2017-07-31 17:48:00",FALSE,516250.651415779,8012802.52245536
17001,"2017-08-28 07:01:21","2017-07-31 17:48:00",FALSE,511347.868654155,8014643.91837708
17001,"2017-08-28 08:01:21","2017-07-31 17:48:00",FALSE,507910.1524436,8018001.80723971
17001,"2017-08-28 09:01:21","2017-07-31 17:48:00",FALSE,506372.955429193,8016791.49113715
17001,"2017-08-28 10:01:21","2017-07-31 17:48:00",FALSE,506504.177787594,8016077.74429906
17001,"2017-08-28 11:01:21","2017-07-31 17:48:00",FALSE,507937.256806085,8016086.14565434
17001,"2017-08-28 12:01:21","2017-07-31 17:48:00",FALSE,509600.758278563,8014948.92213096
17001,"2017-08-28 13:01:21","2017-07-31 17:48:00",FALSE,514025.127791121,8016161.65263828
17001,"2017-08-28 14:01:21","2017-07-31 17:48:00",FALSE,514968.968477285,8017157.44427585
17001,"2017-08-28 15:01:21","2017-07-31 17:48:00",FALSE,513777.779944909,8018510.04869724
17001,"2017-08-28 16:01:21","2017-07-31 17:48:00",FALSE,514500.528506192,8017431.32170332
17001,"2017-08-28 17:01:21","2017-07-31 17:48:00",FALSE,515331.212140611,8016216.63751337
17001,"2017-08-28 18:01:21","2017-07-31 17:48:00",FALSE,518187.476354078,8014862.31052663
17001,"2017-08-29 00:13:40","2017-07-31 17:48:00",FALSE,508900.896585065,8015409.83295086
17001,"2017-08-29 01:13:40","2017-07-31 17:48:00",FALSE,506769.686997214,8011910.70833483
17001,"2017-08-29 02:13:40","2017-07-31 17:48:00",FALSE,509387.680570487,8007850.95987189
17001,"2017-08-29 03:13:40","2017-07-31 17:48:00",FALSE,512814.01961368,8008960.18071408
17001,"2017-08-29 04:13:40","2017-07-31 17:48:00",FALSE,512178.370328749,8012492.61166571
17001,"2017-08-29 05:13:40","2017-07-31 17:48:00",FALSE,511498.041977586,8016733.60801747
17001,"2017-08-29 06:13:40","2017-07-31 17:48:00",FALSE,510325.119984816,8021139.22369831
17001,"2017-08-29 07:13:40","2017-07-31 17:48:00",FALSE,511670.716525877,8022337.19427643
17001,"2017-08-29 08:13:40","2017-07-31 17:48:00",FALSE,513239.74119678,8021148.20464456
17001,"2017-08-29 09:13:40","2017-07-31 17:48:00",FALSE,511495.890176971,8019412.62932292
17001,"2017-08-29 10:13:40","2017-07-31 17:48:00",FALSE,512373.455627179,8020272.71845862
17001,"2017-08-29 11:13:40","2017-07-31 17:48:00",FALSE,513544.188076549,8019876.04215086
17001,"2017-08-29 12:13:40","2017-07-31 17:48:00",FALSE,515931.306801986,8017765.83873156
17001,"2017-08-29 13:13:40","2017-07-31 17:48:00",FALSE,512101.875979982,8013918.30411099
17001,"2017-08-29 14:13:40","2017-07-31 17:48:00",FALSE,506718.027336732,8010598.48090747
17001,"2017-08-29 15:13:40","2017-07-31 17:48:00",FALSE,503870.401882684,8009636.19188378
17001,"2017-08-29 16:13:40","2017-07-31 17:48:00",FALSE,509660.467664927,8004251.68101557
17001,"2017-08-29 17:13:40","2017-07-31 17:48:00",FALSE,514824.201769543,8000169.16578157
17001,"2017-08-30 04:25:56","2017-07-31 17:48:00",FALSE,517957.121702923,8010514.47652903
17001,"2017-08-30 05:25:56","2017-07-31 17:48:00",FALSE,519762.786857082,8011366.51162766
17001,"2017-08-30 06:25:56","2017-07-31 17:48:00",FALSE,522847.415323686,8013171.81338086
17001,"2017-08-30 07:25:56","2017-07-31 17:48:00",FALSE,525291.397352644,8015772.50527307
17001,"2017-08-30 08:25:56","2017-07-31 17:48:00",FALSE,522908.144366073,8012308.03559177
17001,"2017-08-30 09:25:56","2017-07-31 17:48:00",FALSE,517371.714639205,8009387.97039683
17001,"2017-08-30 10:25:56","2017-07-31 17:48:00",FALSE,515162.762855673,8007826.91588775
17001,"2017-08-30 11:25:56","2017-07-31 17:48:00",FALSE,514985.005445747,8002555.07452014
17001,"2017-08-30 12:25:56","2017-07-31 17:48:00",FALSE,510284.727341119,8003968.31851565
17001,"2017-08-30 13:25:56","2017-07-31 17:48:00",FALSE,505245.320385181,8008518.38873676
17001,"2017-08-30 14:25:56","2017-07-31 17:48:00",FALSE,506224.462980939,8010521.71549667
17001,"2017-08-30 15:25:56","2017-07-31 17:48:00",FALSE,506805.538196353,8009471.34187196
17001,"2017-08-30 16:25:56","2017-07-31 17:48:00",FALSE,502709.570425701,8010072.89933668
17001,"2017-08-30 17:25:56","2017-07-31 17:48:00",FALSE,501948.715272333,8010969.20706142
17002,"2017-08-01 04:49:38","2017-07-31 04:35:00",FALSE,497492.270872118,8027929.69718841
17002,"2017-08-01 05:49:38","2017-07-31 04:35:00",FALSE,500535.436727966,8030552.27052582
17002,"2017-08-01 06:49:38","2017-07-31 04:35:00",FALSE,502399.560729874,8034068.92004939
17002,"2017-08-01 07:49:38","2017-07-31 04:35:00",FALSE,502436.430222319,8033383.24445421
17002,"2017-08-01 08:49:38","2017-07-31 04:35:00",FALSE,503200.646800282,8036881.18303288
17002,"2017-08-01 09:49:38","2017-07-31 04:35:00",FALSE,503829.950858399,8038182.08608234
17002,"2017-08-01 10:49:38","2017-07-31 04:35:00",FALSE,503600.365929387,8039153.58145737
17002,"2017-08-01 11:49:38","2017-07-31 04:35:00",FALSE,506936.472846086,8040717.05703171
17002,"2017-08-01 12:49:38","2017-07-31 04:35:00",FALSE,505454.277664103,8039571.41032011
17002,"2017-08-01 13:49:38","2017-07-31 04:35:00",FALSE,503463.01162358,8036979.60894837
17002,"2017-08-01 14:49:38","2017-07-31 04:35:00",FALSE,503429.010567105,8035314.5996855
17002,"2017-08-01 15:49:38","2017-07-31 04:35:00",FALSE,503514.749127902,8036465.54077865
17002,"2017-08-01 16:49:38","2017-07-31 04:35:00",FALSE,504599.058973918,8039614.31120561
17002,"2017-08-01 17:49:38","2017-07-31 04:35:00",FALSE,506908.108912109,8040102.19558711
17002,"2017-08-01 18:49:38","2017-07-31 04:35:00",FALSE,509369.906507106,8041134.35590968
17002,"2017-08-01 19:49:38","2017-07-31 04:35:00",FALSE,513056.231614464,8045811.77126691
17002,"2017-08-01 20:49:38","2017-07-31 04:35:00",FALSE,511813.558680087,8047826.72969489
17002,"2017-08-01 21:49:38","2017-07-31 04:35:00",FALSE,512091.183099751,8044500.44360719
17002,"2017-08-01 22:49:38","2017-07-31 04:35:00",FALSE,514818.994290301,8046610.65497187
17002,"2017-08-01 23:49:38","2017-07-31 04:35:00",FALSE,513257.103869387,8045366.30588692
17002,"2017-08-02 00:49:38","2017-07-31 04:35:00",FALSE,508763.22061776,8042815.21512625
17002,"2017-08-02 01:49:38","2017-07-31 04:35:00",FALSE,506924.696754236,8040236.64009963
17002,"2017-08-02 02:49:38","2017-07-31 04:35:00",FALSE,506891.708919363,8040603.32478197
17002,"2017-08-02 03:49:38","2017-07-31 04:35:00",FALSE,507702.240986569,8040016.99352065
17002,"2017-08-02 04:49:38","2017-07-31 04:35:00",FALSE,507577.626446699,8040633.42338175
17002,"2017-08-02 05:49:38","2017-07-31 04:35:00",FALSE,505538.194636243,8039709.84396623
17002,"2017-08-02 06:49:38","2017-07-31 04:35:00",FALSE,502932.600089286,8036591.17296806
17002,"2017-08-02 07:49:38","2017-07-31 04:35:00",FALSE,501850.25257022,8034120.55559854
17002,"2017-08-02 08:49:38","2017-07-31 04:35:00",FALSE,500936.743266456,8031899.12663778
17002,"2017-08-02 09:49:38","2017-07-31 04:35:00",FALSE,499258.4829823,8029717.60080255
17002,"2017-08-02 10:49:38","2017-07-31 04:35:00",FALSE,496504.411049693,8025593.98832064
17002,"2017-08-02 11:49:38","2017-07-31 04:35:00",FALSE,496644.06886108,8026793.24415158
17002,"2017-08-02 12:49:38","2017-07-31 04:35:00",FALSE,499958.268067101,8030605.42655777
17002,"2017-08-02 13:49:38","2017-07-31 04:35:00",FALSE,503103.324052261,8035283.72046576
17002,"2017-08-02 14:49:38","2017-07-31 04:35:00",FALSE,503723.369436177,8036947.57216468
17002,"2017-08-02 15:49:38","2017-07-31 04:35:00",FALSE,501267.770325858,8033051.40781576
17002,"2017-08-02 16:49:38","2017-07-31 04:35:00",FALSE,501159.748966587,8032510.22508118
17002,"2017-08-03 00:03:51","2017-07-31 04:35:00",FALSE,500523.744994598,8031084.96491488
17002,"2017-08-03 01:03:51","2017-07-31 04:35:00",FALSE,501631.900399293,8033350.2273809
17002,"2017-08-03 02:03:51","2017-07-31 04:35:00",FALSE,502151.421555526,8034725.90401053
17002,"2017-08-03 03:03:51","2017-07-31 04:35:00",FALSE,501607.992392823,8034890.37843058
17002,"2017-08-03 04:03:51","2017-07-31 04:35:00",FALSE,501461.796652,8033781.84275158
17002,"2017-08-03 05:03:51","2017-07-31 04:35:00",FALSE,500834.022064859,8032899.49249175
17002,"2017-08-03 06:03:51","2017-07-31 04:35:00",FALSE,500169.107837969,8031355.56299181
17002,"2017-08-03 07:03:51","2017-07-31 04:35:00",FALSE,500191.461130689,8030662.69617921
17002,"2017-08-03 08:03:51","2017-07-31 04:35:00",FALSE,500190.989103378,8030952.21379772
17002,"2017-08-03 09:03:51","2017-07-31 04:35:00",FALSE,501750.1465179,8032701.50347006
17002,"2017-08-03 10:03:51","2017-07-31 04:35:00",FALSE,503287.964013718,8034648.26881234
17002,"2017-08-03 11:03:51","2017-07-31 04:35:00",FALSE,501837.796769833,8033600.79040445
17002,"2017-08-03 12:03:51","2017-07-31 04:35:00",FALSE,502317.380719557,8034014.18794781
17002,"2017-08-03 13:03:51","2017-07-31 04:35:00",FALSE,500911.882402939,8032802.50535577
17002,"2017-08-03 14:03:51","2017-07-31 04:35:00",FALSE,500453.65622598,8031743.49737833
17002,"2017-08-03 15:03:51","2017-07-31 04:35:00",FALSE,498912.788275668,8029508.54177522
17002,"2017-08-03 16:03:51","2017-07-31 04:35:00",FALSE,500582.491474518,8031587.64682818
17002,"2017-08-03 17:03:51","2017-07-31 04:35:00",FALSE,500326.741294022,8030741.06182178
17002,"2017-08-04 00:04:11","2017-07-31 04:35:00",FALSE,502816.846789607,8034410.92793538
17002,"2017-08-04 01:04:11","2017-07-31 04:35:00",FALSE,503233.835282659,8036752.01417372
17002,"2017-08-04 02:04:11","2017-07-31 04:35:00",FALSE,504612.580466106,8039362.82016807
17002,"2017-08-04 03:04:11","2017-07-31 04:35:00",FALSE,508309.896296262,8041433.18626114
17002,"2017-08-04 04:04:11","2017-07-31 04:35:00",FALSE,511182.335876172,8044950.07912021
17002,"2017-08-04 05:04:11","2017-07-31 04:35:00",FALSE,510909.418374828,8046192.56098627
17002,"2017-08-04 06:04:11","2017-07-31 04:35:00",FALSE,511800.551371576,8047571.42584767
17002,"2017-08-04 07:04:11","2017-07-31 04:35:00",FALSE,513594.26539767,8047084.48064474
17002,"2017-08-04 08:04:11","2017-07-31 04:35:00",FALSE,509950.349040856,8042133.14849067
17002,"2017-08-04 09:04:11","2017-07-31 04:35:00",FALSE,505252.529188179,8041239.40847282
17002,"2017-08-04 10:04:11","2017-07-31 04:35:00",FALSE,501753.45672571,8036915.4739834
17002,"2017-08-04 11:04:11","2017-07-31 04:35:00",FALSE,499955.072781424,8032083.52298202
17002,"2017-08-04 12:04:11","2017-07-31 04:35:00",FALSE,500199.910360281,8032767.49968363
17002,"2017-08-04 13:04:11","2017-07-31 04:35:00",FALSE,499900.791337021,8030742.39265852
17002,"2017-08-04 14:04:11","2017-07-31 04:35:00",FALSE,500633.287269981,8032097.56180011
17002,"2017-08-04 15:04:11","2017-07-31 04:35:00",FALSE,501541.708193366,8034096.14090642
17002,"2017-08-04 16:04:11","2017-07-31 04:35:00",FALSE,502299.106377449,8035040.91277323
17002,"2017-08-04 17:04:11","2017-07-31 04:35:00",FALSE,501272.899579729,8034928.38143873
17002,"2017-08-05 00:01:11","2017-07-31 04:35:00",FALSE,502196.624029582,8033952.8212539
17002,"2017-08-05 01:01:11","2017-07-31 04:35:00",FALSE,501656.771733169,8033285.53574747
17002,"2017-08-05 02:01:11","2017-07-31 04:35:00",FALSE,500355.684798677,8031835.78744636
17002,"2017-08-05 03:01:11","2017-07-31 04:35:00",FALSE,499863.842458044,8029834.71153146
17002,"2017-08-05 04:01:11","2017-07-31 04:35:00",FALSE,498354.858008664,8028934.65005397
17002,"2017-08-05 05:01:11","2017-07-31 04:35:00",FALSE,495388.153029051,8023231.4768896
17002,"2017-08-05 06:01:11","2017-07-31 04:35:00",FALSE,496926.528036288,8026547.74994441
17002,"2017-08-05 07:01:11","2017-07-31 04:35:00",FALSE,500664.051072643,8030708.27966025
17002,"2017-08-05 08:01:11","2017-07-31 04:35:00",FALSE,502003.711078226,8036327.07570894
17002,"2017-08-05 09:01:11","2017-07-31 04:35:00",FALSE,504163.328278232,8040866.46628818
17002,"2017-08-05 10:01:11","2017-07-31 04:35:00",FALSE,507606.300753608,8044218.40586331
17002,"2017-08-05 11:01:11","2017-07-31 04:35:00",FALSE,507028.637474078,8045165.4827241
17002,"2017-08-05 12:01:11","2017-07-31 04:35:00",FALSE,503099.124626409,8039923.18438391
17002,"2017-08-05 13:01:11","2017-07-31 04:35:00",FALSE,500592.606357428,8035231.94222103
17002,"2017-08-05 14:01:11","2017-07-31 04:35:00",FALSE,501005.646206497,8033158.20396013
17002,"2017-08-05 15:01:11","2017-07-31 04:35:00",FALSE,499929.957609938,8030908.95870109
17002,"2017-08-05 16:01:11","2017-07-31 04:35:00",FALSE,501836.684710328,8033850.61801919
17002,"2017-08-05 17:01:11","2017-07-31 04:35:00",FALSE,501486.720234193,8034885.06856165
17002,"2017-08-05 18:01:11","2017-07-31 04:35:00",FALSE,501782.859907255,8033155.39416929
17002,"2017-08-06 00:00:10","2017-07-31 04:35:00",FALSE,500125.108126612,8029701.73249581
17002,"2017-08-06 01:00:10","2017-07-31 04:35:00",FALSE,499164.20161793,8028899.37062264
17002,"2017-08-06 02:00:10","2017-07-31 04:35:00",FALSE,501863.920429132,8032882.69572698
17002,"2017-08-06 03:00:10","2017-07-31 04:35:00",FALSE,503522.316253452,8035985.774307
17002,"2017-08-06 04:00:10","2017-07-31 04:35:00",FALSE,503385.662618492,8038948.45269108
17002,"2017-08-06 05:00:10","2017-07-31 04:35:00",FALSE,504624.957354047,8039490.49831304
17002,"2017-08-06 06:00:10","2017-07-31 04:35:00",FALSE,506858.950005089,8040063.66800344
17002,"2017-08-06 07:00:10","2017-07-31 04:35:00",FALSE,504333.680612836,8039267.04865261
17002,"2017-08-06 08:00:10","2017-07-31 04:35:00",FALSE,502803.203868496,8035293.38557502
17002,"2017-08-06 09:00:10","2017-07-31 04:35:00",FALSE,500673.780426469,8030676.12815386
17002,"2017-08-06 10:00:10","2017-07-31 04:35:00",FALSE,500462.360677856,8030359.79932429
17002,"2017-08-06 11:00:10","2017-07-31 04:35:00",FALSE,499636.038394359,8030267.73401679
17002,"2017-08-06 12:00:10","2017-07-31 04:35:00",FALSE,500714.840184084,8031872.81032814
17002,"2017-08-06 13:00:10","2017-07-31 04:35:00",FALSE,502211.204321585,8033367.30724789
17002,"2017-08-06 14:00:10","2017-07-31 04:35:00",FALSE,501669.393623381,8033061.6973925
17002,"2017-08-06 15:00:10","2017-07-31 04:35:00",FALSE,501023.368709247,8032599.65258882
17002,"2017-08-06 16:00:10","2017-07-31 04:35:00",FALSE,501468.342403041,8032144.75057142
17002,"2017-08-06 17:00:10","2017-07-31 04:35:00",FALSE,502665.066294444,8034533.74859713
17002,"2017-08-07 00:01:34","2017-07-31 04:35:00",FALSE,497563.513734041,8028074.6200601
17002,"2017-08-07 01:01:34","2017-07-31 04:35:00",FALSE,499899.302146092,8030978.63966899
17002,"2017-08-07 02:01:34","2017-07-31 04:35:00",FALSE,502099.787689626,8033757.5557068
17002,"2017-08-07 03:01:34","2017-07-31 04:35:00",FALSE,503561.225438936,8036156.60525369
17002,"2017-08-07 04:01:34","2017-07-31 04:35:00",FALSE,502897.700223699,8035752.07983107
17002,"2017-08-07 05:01:34","2017-07-31 04:35:00",FALSE,501789.345616098,8035893.67931823
17002,"2017-08-07 06:01:34","2017-07-31 04:35:00",FALSE,502953.479374607,8036056.31897807
17002,"2017-08-07 07:01:34","2017-07-31 04:35:00",FALSE,500813.757521561,8031264.4123311
17002,"2017-08-07 08:01:34","2017-07-31 04:35:00",FALSE,499604.829160623,8030071.21405034
17002,"2017-08-07 09:01:34","2017-07-31 04:35:00",FALSE,499717.642367511,8030083.27070355
17002,"2017-08-07 10:01:34","2017-07-31 04:35:00",FALSE,500680.854641984,8030891.42278709
17002,"2017-08-07 11:01:34","2017-07-31 04:35:00",FALSE,500995.536832237,8033019.56205086
17002,"2017-08-07 12:01:34","2017-07-31 04:35:00",FALSE,500289.359185424,8032162.31146073
17002,"2017-08-07 13:01:34","2017-07-31 04:35:00",FALSE,499746.741057696,8030294.18402551
17002,"2017-08-07 14:01:34","2017-07-31 04:35:00",FALSE,500846.280854512,8031877.91121508
17002,"2017-08-07 15:01:34","2017-07-31 04:35:00",FALSE,500248.857574226,8030785.18491772
17002,"2017-08-07 16:01:34","2017-07-31 04:35:00",FALSE,500266.145267223,8029946.56865148
17002,"2017-08-07 17:01:34","2017-07-31 04:35:00",FALSE,501878.447114905,8034009.41408751
17002,"2017-08-08 00:00:03","2017-07-31 04:35:00",FALSE,517842.059348766,8039841.93397169
17002,"2017-08-08 01:00:03","2017-07-31 04:35:00",FALSE,517017.14627935,8031748.36053147
17002,"2017-08-08 02:00:03","2017-07-31 04:35:00",FALSE,511643.370930436,8027541.84664506
17002,"2017-08-08 03:00:03","2017-07-31 04:35:00",FALSE,511409.178181578,8020643.31963097
17002,"2017-08-08 04:00:03","2017-07-31 04:35:00",FALSE,510017.812246494,8012858.80087445
17002,"2017-08-08 05:00:03","2017-07-31 04:35:00",FALSE,507821.774449736,8006790.09465397
17002,"2017-08-08 06:00:03","2017-07-31 04:35:00",FALSE,512264.370117317,8002106.09772965
17002,"2017-08-08 07:00:03","2017-07-31 04:35:00",FALSE,516252.427321293,7996308.30736926
17002,"2017-08-08 08:00:03","2017-07-31 04:35:00",FALSE,512043.013760226,7993753.46045601
17002,"2017-08-08 09:00:03","2017-07-31 04:35:00",FALSE,509301.036082715,7995999.69297185
17002,"2017-08-08 10:00:03","2017-07-31 04:35:00",FALSE,510001.75332956,7996791.68731012
17002,"2017-08-08 11:00:03","2017-07-31 04:35:00",FALSE,511539.787609556,7995030.06459968
17002,"2017-08-08 12:00:03","2017-07-31 04:35:00",FALSE,510707.622125349,7995666.2365971
17002,"2017-08-08 13:00:03","2017-07-31 04:35:00",FALSE,511547.177042757,7994980.31141303
17002,"2017-08-08 14:00:03","2017-07-31 04:35:00",FALSE,513405.152994301,7993537.5578339
17002,"2017-08-08 15:00:03","2017-07-31 04:35:00",FALSE,514133.191464338,7992582.30161213
17002,"2017-08-08 16:00:03","2017-07-31 04:35:00",FALSE,511077.660685951,7991996.72539204
17002,"2017-08-08 17:00:03","2017-07-31 04:35:00",FALSE,508823.952195301,7990396.35876093
17002,"2017-08-08 18:00:03","2017-07-31 04:35:00",FALSE,510528.701231787,7988785.24219585
17002,"2017-08-09 00:09:22","2017-07-31 04:35:00",FALSE,515561.00583399,7992794.46574343
17002,"2017-08-09 01:09:22","2017-07-31 04:35:00",FALSE,516408.774529532,7994679.01860114
17002,"2017-08-09 02:09:22","2017-07-31 04:35:00",FALSE,513855.894850948,7994034.9378119
17002,"2017-08-09 03:09:22","2017-07-31 04:35:00",FALSE,513132.094254175,7990783.56164795
17002,"2017-08-09 04:09:22","2017-07-31 04:35:00",FALSE,512277.230718675,7993312.7901866
17002,"2017-08-09 05:09:22","2017-07-31 04:35:00",FALSE,514455.022169799,7992669.44937954
17002,"2017-08-09 06:09:22","2017-07-31 04:35:00",FALSE,510298.635370668,7990390.16446395
17002,"2017-08-09 07:09:22","2017-07-31 04:35:00",FALSE,507015.820185024,7987867.76217303
17002,"2017-08-09 08:09:22","2017-07-31 04:35:00",FALSE,507119.465128859,7983583.28398485
17002,"2017-08-09 09:09:22","2017-07-31 04:35:00",FALSE,507779.289291553,7986130.63439121
17002,"2017-08-09 10:09:22","2017-07-31 04:35:00",FALSE,508430.247354126,7983666.9747724
17002,"2017-08-09 11:09:22","2017-07-31 04:35:00",FALSE,506797.778293593,7981282.87681682
17002,"2017-08-09 12:09:22","2017-07-31 04:35:00",FALSE,507566.20168914,7982486.18470849
17002,"2017-08-09 13:09:22","2017-07-31 04:35:00",FALSE,508360.910554212,7987297.22266253
17002,"2017-08-09 14:09:22","2017-07-31 04:35:00",FALSE,510826.975592649,7989277.91425185
17002,"2017-08-09 15:09:22","2017-07-31 04:35:00",FALSE,513439.922768327,7990705.39700759
17002,"2017-08-09 16:09:22","2017-07-31 04:35:00",FALSE,513926.154781543,7992886.35778821
17002,"2017-08-09 17:09:22","2017-07-31 04:35:00",FALSE,512332.312281209,7993062.95172779
17002,"2017-08-09 18:09:22","2017-07-31 04:35:00",FALSE,510278.657087184,7995690.13272818
17002,"2017-08-10 00:05:36","2017-07-31 04:35:00",FALSE,509970.936522959,7996162.13095834
17002,"2017-08-10 01:05:36","2017-07-31 04:35:00",FALSE,510998.18766056,7994987.40429959
17002,"2017-08-10 02:05:36","2017-07-31 04:35:00",FALSE,511215.110480386,7994733.60113874
17002,"2017-08-10 03:05:36","2017-07-31 04:35:00",FALSE,510646.060616178,7994838.47010506
17002,"2017-08-10 04:05:36","2017-07-31 04:35:00",FALSE,508773.565896156,7995166.41159148
17002,"2017-08-10 05:05:36","2017-07-31 04:35:00",FALSE,506681.699864116,7995349.35548466
17002,"2017-08-10 06:05:36","2017-07-31 04:35:00",FALSE,504623.7773832,7995488.36707613
17002,"2017-08-10 07:05:36","2017-07-31 04:35:00",FALSE,506529.208119271,7994465.7869733
17002,"2017-08-10 08:05:36","2017-07-31 04:35:00",FALSE,510246.665964247,7994621.87652116
17002,"2017-08-10 09:05:36","2017-07-31 04:35:00",FALSE,506911.006196398,7993854.21120749
17002,"2017-08-10 10:05:36","2017-07-31 04:35:00",FALSE,506657.064098364,7993500.97005666
17002,"2017-08-10 11:05:36","2017-07-31 04:35:00",FALSE,508289.954722614,7990167.87562216
17002,"2017-08-10 12:05:36","2017-07-31 04:35:00",FALSE,507024.151809338,7984325.33911981
17002,"2017-08-10 13:05:36","2017-07-31 04:35:00",FALSE,508502.608829575,7984331.8064855
17002,"2017-08-10 14:05:36","2017-07-31 04:35:00",FALSE,507067.393541411,7984357.11358503
17002,"2017-08-10 15:05:36","2017-07-31 04:35:00",FALSE,507386.051876411,7982802.31580806
17002,"2017-08-10 16:05:36","2017-07-31 04:35:00",FALSE,506190.109324543,7982706.83249946
17002,"2017-08-10 17:05:36","2017-07-31 04:35:00",FALSE,506900.876170459,7985704.92460661
17002,"2017-08-11 00:01:22","2017-07-31 04:35:00",FALSE,510748.068752392,7994771.72116699
17002,"2017-08-11 01:01:22","2017-07-31 04:35:00",FALSE,510031.155016232,7995358.55379087
17002,"2017-08-11 02:01:22","2017-07-31 04:35:00",FALSE,512044.619434385,7993863.09452638
17002,"2017-08-11 03:01:22","2017-07-31 04:35:00",FALSE,513186.069252521,7993777.93220067
17002,"2017-08-11 04:01:22","2017-07-31 04:35:00",FALSE,513941.73220655,7993429.12485011
17002,"2017-08-11 05:01:22","2017-07-31 04:35:00",FALSE,510455.877021627,7994852.46816654
17002,"2017-08-11 06:01:22","2017-07-31 04:35:00",FALSE,510625.221178719,7993400.9389916
17002,"2017-08-11 07:01:22","2017-07-31 04:35:00",FALSE,512037.660445659,7992228.64440907
17002,"2017-08-11 08:01:22","2017-07-31 04:35:00",FALSE,512088.694620205,7991961.89947669
17002,"2017-08-11 09:01:22","2017-07-31 04:35:00",FALSE,511348.971595433,7992778.83454139
17002,"2017-08-11 10:01:22","2017-07-31 04:35:00",FALSE,512151.243000038,7993029.21725124
17002,"2017-08-11 11:01:22","2017-07-31 04:35:00",FALSE,513492.773688882,7992671.49682007
17002,"2017-08-11 12:01:22","2017-07-31 04:35:00",FALSE,512568.121065734,7992454.63984171
17002,"2017-08-11 13:01:22","2017-07-31 04:35:00",FALSE,514108.995851598,7993064.26279585
17002,"2017-08-11 14:01:22","2017-07-31 04:35:00",FALSE,513215.169752215,7993574.92451048
17002,"2017-08-11 15:01:22","2017-07-31 04:35:00",FALSE,514284.18250727,7994029.65977547
17002,"2017-08-11 16:01:22","2017-07-31 04:35:00",FALSE,513882.146541032,7993041.65942144
17002,"2017-08-11 17:01:22","2017-07-31 04:35:00",FALSE,512512.051967432,7993608.75920879
17002,"2017-08-11 23:59:59","2017-07-31 04:35:00",FALSE,512635.622779394,7990934.09699035
17002,"2017-08-12 00:59:59","2017-07-31 04:35:00",FALSE,510671.325809766,7990166.59762631
17002,"2017-08-12 01:59:59","2017-07-31 04:35:00",FALSE,509442.810209556,7990504.00843713
17002,"2017-08-12 02:59:59","2017-07-31 04:35:00",FALSE,509130.361665899,7991862.74297737
17002,"2017-08-12 03:59:59","2017-07-31 04:35:00",FALSE,508198.135726755,7993708.14888914
17002,"2017-08-12 04:59:59","2017-07-31 04:35:00",FALSE,509744.32544999,7994285.81913692
17002,"2017-08-12 05:59:59","2017-07-31 04:35:00",FALSE,511004.714476898,7991783.13228622
17002,"2017-08-12 06:59:59","2017-07-31 04:35:00",FALSE,510877.551670071,7992263.9110185
17002,"2017-08-12 07:59:59","2017-07-31 04:35:00",FALSE,511293.941447902,7993242.26643104
17002,"2017-08-12 08:59:59","2017-07-31 04:35:00",FALSE,511071.569968311,7993956.45869242
17002,"2017-08-12 09:59:59","2017-07-31 04:35:00",FALSE,510600.369657687,7994760.95761158
17002,"2017-08-12 10:59:59","2017-07-31 04:35:00",FALSE,513408.302529829,7993818.51993506
17002,"2017-08-12 11:59:59","2017-07-31 04:35:00",FALSE,514360.298460524,7992984.73161513
17002,"2017-08-12 12:59:59","2017-07-31 04:35:00",FALSE,511292.945954278,7994144.4022512
17002,"2017-08-12 13:59:59","2017-07-31 04:35:00",FALSE,511059.781673825,7993982.84242998
17002,"2017-08-12 14:59:59","2017-07-31 04:35:00",FALSE,513846.222371137,7992000.81640564
17002,"2017-08-12 15:59:59","2017-07-31 04:35:00",FALSE,512840.138405792,7993242.77938992
17002,"2017-08-12 16:59:59","2017-07-31 04:35:00",FALSE,512493.44054364,7994635.99326224
17002,"2017-08-12 17:59:59","2017-07-31 04:35:00",FALSE,514222.793632542,7994471.59260906
17002,"2017-08-13 00:02:08","2017-07-31 04:35:00",FALSE,508132.470845162,7987275.28099495
17002,"2017-08-13 01:02:08","2017-07-31 04:35:00",FALSE,511146.978488339,7989208.33917921
17002,"2017-08-13 02:02:08","2017-07-31 04:35:00",FALSE,513796.294811548,7992187.20683994
17002,"2017-08-13 03:02:08","2017-07-31 04:35:00",FALSE,515647.023457054,7994533.88189222
17002,"2017-08-13 04:02:08","2017-07-31 04:35:00",FALSE,516504.177685227,7994402.31191778
17002,"2017-08-13 05:02:08","2017-07-31 04:35:00",FALSE,516585.279996695,7993768.72719278
17002,"2017-08-13 06:02:08","2017-07-31 04:35:00",FALSE,513844.714441807,7991395.40161082
17002,"2017-08-13 07:02:08","2017-07-31 04:35:00",FALSE,514213.138023804,7991403.07351886
17002,"2017-08-13 08:02:08","2017-07-31 04:35:00",FALSE,513519.950807092,7993179.56919222
17002,"2017-08-13 09:02:08","2017-07-31 04:35:00",FALSE,511633.605534762,7994356.89410265
17002,"2017-08-13 10:02:08","2017-07-31 04:35:00",FALSE,509732.21960077,7996064.39388972
17002,"2017-08-13 11:02:08","2017-07-31 04:35:00",FALSE,510301.275386333,7996149.67699978
17002,"2017-08-13 12:02:08","2017-07-31 04:35:00",FALSE,511707.754527526,7994473.75336342
17002,"2017-08-13 13:02:08","2017-07-31 04:35:00",FALSE,510225.83431468,7995475.96324635
17002,"2017-08-13 14:02:08","2017-07-31 04:35:00",FALSE,511488.885200418,7994324.23627869
17002,"2017-08-13 15:02:08","2017-07-31 04:35:00",FALSE,514914.875528201,7992566.10216282
17002,"2017-08-13 16:02:08","2017-07-31 04:35:00",FALSE,515776.153924185,7992197.43205033
17002,"2017-08-13 17:02:08","2017-07-31 04:35:00",FALSE,515124.582962455,7992000.33957026
17002,"2017-08-14 00:13:01","2017-07-31 04:35:00",FALSE,511535.848985472,7991652.72781001
17002,"2017-08-14 01:13:01","2017-07-31 04:35:00",FALSE,511579.78426374,7994279.28225901
17002,"2017-08-14 02:13:01","2017-07-31 04:35:00",FALSE,515356.363965046,7994933.16491727
17002,"2017-08-14 03:13:01","2017-07-31 04:35:00",FALSE,512788.772725088,7996296.36725542
17002,"2017-08-14 04:13:01","2017-07-31 04:35:00",FALSE,508692.574412626,7999925.82122138
17002,"2017-08-14 05:13:01","2017-07-31 04:35:00",FALSE,505740.895073059,7996165.40444857
17002,"2017-08-14 06:13:01","2017-07-31 04:35:00",FALSE,507722.992578274,7992657.00862188
17002,"2017-08-14 07:13:01","2017-07-31 04:35:00",FALSE,508728.025477911,7989116.52152346
17002,"2017-08-14 08:13:01","2017-07-31 04:35:00",FALSE,507218.940996466,7985656.3533297
17002,"2017-08-14 09:13:01","2017-07-31 04:35:00",FALSE,507324.456790191,7982009.99790164
17002,"2017-08-14 10:13:01","2017-07-31 04:35:00",FALSE,508286.942757848,7987904.0795776
17002,"2017-08-14 11:13:01","2017-07-31 04:35:00",FALSE,512808.58795403,7991717.79905616
17002,"2017-08-14 12:13:01","2017-07-31 04:35:00",FALSE,518214.221411734,7993748.47796999
17002,"2017-08-14 13:13:01","2017-07-31 04:35:00",FALSE,516899.475336552,7995701.07104473
17002,"2017-08-14 14:13:01","2017-07-31 04:35:00",FALSE,512994.697282863,7993571.59684003
17002,"2017-08-14 15:13:01","2017-07-31 04:35:00",FALSE,513900.716081227,7994092.107438
17002,"2017-08-14 16:13:01","2017-07-31 04:35:00",FALSE,510328.641115206,7996652.87365741
17002,"2017-08-14 17:13:01","2017-07-31 04:35:00",FALSE,509903.211256571,7994070.92646651
17002,"2017-08-15 00:00:12","2017-07-31 04:35:00",FALSE,507609.8210958,7984830.53017502
17002,"2017-08-15 01:00:12","2017-07-31 04:35:00",FALSE,508100.701443518,7987219.61770127
17002,"2017-08-15 02:00:12","2017-07-31 04:35:00",FALSE,510157.159176069,7989673.33069807
17002,"2017-08-15 03:00:12","2017-07-31 04:35:00",FALSE,512901.27362779,7993437.89269673
17002,"2017-08-15 04:00:12","2017-07-31 04:35:00",FALSE,510385.990293754,7995928.67235793
17002,"2017-08-15 05:00:12","2017-07-31 04:35:00",FALSE,512217.792427238,7992630.58109839
17002,"2017-08-15 06:00:12","2017-07-31 04:35:00",FALSE,510449.811563443,7992987.50087756
17002,"2017-08-15 07:00:12","2017-07-31 04:35:00",FALSE,506836.136150673,7994241.92116381
17002,"2017-08-15 08:00:12","2017-07-31 04:35:00",FALSE,503456.519258661,7994877.63368455
17002,"2017-08-15 09:00:12","2017-07-31 04:35:00",FALSE,505182.109905134,7995799.4591309
17002,"2017-08-15 10:00:12","2017-07-31 04:35:00",FALSE,507669.677689007,7996482.84625499
17002,"2017-08-15 11:00:12","2017-07-31 04:35:00",FALSE,507470.718619593,7995295.80702818
17002,"2017-08-15 12:00:12","2017-07-31 04:35:00",FALSE,508929.958985302,7993906.7421035
17002,"2017-08-15 13:00:12","2017-07-31 04:35:00",FALSE,508613.754486065,7992024.16698918
17002,"2017-08-15 14:00:12","2017-07-31 04:35:00",FALSE,509355.674445058,7990370.35478565
17002,"2017-08-15 15:00:12","2017-07-31 04:35:00",FALSE,511925.51173146,7992291.93796627
17002,"2017-08-15 16:00:12","2017-07-31 04:35:00",FALSE,513424.691850501,7994050.01452869
17002,"2017-08-15 17:00:12","2017-07-31 04:35:00",FALSE,513118.67479712,7993962.46326343
17002,"2017-08-15 18:00:12","2017-07-31 04:35:00",FALSE,514531.646099796,7994483.39666655
17002,"2017-08-16 00:01:50","2017-07-31 04:35:00",FALSE,506428.342843125,7996928.89816773
17002,"2017-08-16 01:01:50","2017-07-31 04:35:00",FALSE,509830.536442086,7994860.44148197
17002,"2017-08-16 02:01:50","2017-07-31 04:35:00",FALSE,508606.437755527,7994107.64419237
17002,"2017-08-16 03:01:50","2017-07-31 04:35:00",FALSE,504445.843516617,7995505.87610976
17002,"2017-08-16 04:01:50","2017-07-31 04:35:00",FALSE,508971.714361519,7996318.24882847
17002,"2017-08-16 05:01:50","2017-07-31 04:35:00",FALSE,511522.531186578,7992836.3303788
17002,"2017-08-16 06:01:50","2017-07-31 04:35:00",FALSE,511871.146755922,7991638.94132505
17002,"2017-08-16 07:01:50","2017-07-31 04:35:00",FALSE,512675.392957614,7991764.5254176
17002,"2017-08-16 08:01:50","2017-07-31 04:35:00",FALSE,512791.519005188,7992586.59844648
17002,"2017-08-16 09:01:50","2017-07-31 04:35:00",FALSE,513443.139292215,7993437.37248771
17002,"2017-08-16 10:01:50","2017-07-31 04:35:00",FALSE,511752.141488276,7992550.67032299
17002,"2017-08-16 11:01:50","2017-07-31 04:35:00",FALSE,512199.61267413,7994310.13755479
17002,"2017-08-16 12:01:50","2017-07-31 04:35:00",FALSE,514437.425121831,7992951.72659115
17002,"2017-08-16 13:01:50","2017-07-31 04:35:00",FALSE,514700.477761642,7992789.37143783
17002,"2017-08-16 14:01:50","2017-07-31 04:35:00",FALSE,515205.944104432,7994107.24938413
17002,"2017-08-16 15:01:50","2017-07-31 04:35:00",FALSE,512262.556119413,7993827.17740244
17002,"2017-08-16 16:01:50","2017-07-31 04:35:00",FALSE,512669.848803027,7993094.12432125
17002,"2017-08-16 17:01:50","2017-07-31 04:35:00",FALSE,512456.83504074,7993757.37310754
17002,"2017-08-16 18:01:50","2017-07-31 04:35:00",FALSE,515082.716647025,7992349.86057055
17002,"2017-08-17 00:01:15","2017-07-31 04:35:00",FALSE,505722.562572211,7994963.67236707
17002,"2017-08-17 01:01:15","2017-07-31 04:35:00",FALSE,506600.023073412,7996921.90950464
17002,"2017-08-17 02:01:15","2017-07-31 04:35:00",FALSE,506011.997459744,7995434.54204384
17002,"2017-08-17 03:01:15","2017-07-31 04:35:00",FALSE,507648.58210636,7995020.06371213
17002,"2017-08-17 04:01:15","2017-07-31 04:35:00",FALSE,511253.175209892,7992322.03839373
17002,"2017-08-17 05:01:15","2017-07-31 04:35:00",FALSE,511371.101994626,7989497.91630401
17002,"2017-08-17 06:01:15","2017-07-31 04:35:00",FALSE,507418.930095781,7988136.51067436
17002,"2017-08-17 07:01:15","2017-07-31 04:35:00",FALSE,507418.605689451,7986077.6110909
17002,"2017-08-17 08:01:15","2017-07-31 04:35:00",FALSE,506932.810894003,7983365.96771268
17002,"2017-08-17 09:01:15","2017-07-31 04:35:00",FALSE,506897.569339544,7981625.13944826
17002,"2017-08-17 10:01:15","2017-07-31 04:35:00",FALSE,508332.503598795,7984542.99947622
17002,"2017-08-17 11:01:15","2017-07-31 04:35:00",FALSE,509390.361595352,7988729.55874558
17002,"2017-08-17 12:01:15","2017-07-31 04:35:00",FALSE,511729.706043008,7992277.45774732
17002,"2017-08-17 13:01:15","2017-07-31 04:35:00",FALSE,508224.173126321,7994090.97734982
17002,"2017-08-17 14:01:15","2017-07-31 04:35:00",FALSE,509209.614042733,7994044.48097283
17002,"2017-08-17 15:01:15","2017-07-31 04:35:00",FALSE,512006.515530736,7993947.10778558
17002,"2017-08-17 16:01:15","2017-07-31 04:35:00",FALSE,513282.763702281,7993279.7447644
17002,"2017-08-17 17:01:15","2017-07-31 04:35:00",FALSE,512680.414726815,7993261.59480551
17002,"2017-08-18 00:00:40","2017-07-31 04:35:00",FALSE,512006.404486343,7994265.52906168
17002,"2017-08-18 01:00:40","2017-07-31 04:35:00",FALSE,512485.313744478,7994023.16046333
17002,"2017-08-18 02:00:40","2017-07-31 04:35:00",FALSE,512163.820261742,7992447.35490487
17002,"2017-08-18 03:00:40","2017-07-31 04:35:00",FALSE,511969.494891335,7993869.08888512
17002,"2017-08-18 04:00:40","2017-07-31 04:35:00",FALSE,511316.605827001,7992086.03364447
17002,"2017-08-18 05:00:40","2017-07-31 04:35:00",FALSE,508924.07315939,7992543.52143734
17002,"2017-08-18 06:00:40","2017-07-31 04:35:00",FALSE,503882.292711885,7994875.23110206
17002,"2017-08-18 07:00:40","2017-07-31 04:35:00",FALSE,504350.780900167,7996223.60079809
17002,"2017-08-18 08:00:40","2017-07-31 04:35:00",FALSE,506684.456908621,7996662.98261985
17002,"2017-08-18 09:00:40","2017-07-31 04:35:00",FALSE,509990.449991793,7995870.84453324
17002,"2017-08-18 10:00:40","2017-07-31 04:35:00",FALSE,510013.619273702,7995113.61675681
17002,"2017-08-18 11:00:40","2017-07-31 04:35:00",FALSE,512064.441697187,7993333.27922996
17002,"2017-08-18 12:00:40","2017-07-31 04:35:00",FALSE,510334.088442675,7994492.37405797
17002,"2017-08-18 13:00:40","2017-07-31 04:35:00",FALSE,508906.622909126,7991808.70021995
17002,"2017-08-18 14:00:40","2017-07-31 04:35:00",FALSE,507570.445918536,7990774.63169295
17002,"2017-08-18 15:00:40","2017-07-31 04:35:00",FALSE,507627.385231986,7993911.31344302
17002,"2017-08-18 16:00:40","2017-07-31 04:35:00",FALSE,509461.675066344,7993813.07973809
17002,"2017-08-18 17:00:40","2017-07-31 04:35:00",FALSE,511186.625082229,7993571.72568853
17002,"2017-08-18 18:00:40","2017-07-31 04:35:00",FALSE,512480.254403149,7992096.59501906
17002,"2017-08-18 19:00:40","2017-07-31 04:35:00",FALSE,507727.938237956,7992169.23643385
17002,"2017-08-19 00:02:22","2017-07-31 04:35:00",FALSE,507096.406894063,7992469.3645786
17002,"2017-08-19 01:02:22","2017-07-31 04:35:00",FALSE,507336.509312428,7992047.2989908
17002,"2017-08-19 02:02:22","2017-07-31 04:35:00",FALSE,507503.632556957,7989984.94247981
17002,"2017-08-19 03:02:22","2017-07-31 04:35:00",FALSE,507010.883759438,7987944.93787514
17002,"2017-08-19 04:02:22","2017-07-31 04:35:00",FALSE,506949.53057264,7984840.54964184
17002,"2017-08-19 05:02:22","2017-07-31 04:35:00",FALSE,507279.951020427,7983033.51378688
17002,"2017-08-19 06:02:22","2017-07-31 04:35:00",FALSE,506852.11500181,7983282.14659338
17002,"2017-08-19 07:02:22","2017-07-31 04:35:00",FALSE,506863.46911147,7985276.61818569
17002,"2017-08-19 08:02:22","2017-07-31 04:35:00",FALSE,506911.721049052,7986684.23579404
17002,"2017-08-19 09:02:22","2017-07-31 04:35:00",FALSE,507367.720575503,7989073.02562132
17002,"2017-08-19 10:02:22","2017-07-31 04:35:00",FALSE,508565.094534983,7993709.13069535
17002,"2017-08-19 11:02:22","2017-07-31 04:35:00",FALSE,510347.940591732,7996309.75768219
17002,"2017-08-19 12:02:22","2017-07-31 04:35:00",FALSE,510630.434509448,7996653.99574623
17002,"2017-08-19 13:02:22","2017-07-31 04:35:00",FALSE,510329.615108454,7996725.78919863
17002,"2017-08-19 14:02:22","2017-07-31 04:35:00",FALSE,511206.375124536,7995499.38136461
17002,"2017-08-19 15:02:22","2017-07-31 04:35:00",FALSE,509720.466602149,7995358.88979553
17002,"2017-08-19 16:02:22","2017-07-31 04:35:00",FALSE,507683.271798409,7996557.19481605
17002,"2017-08-19 17:02:22","2017-07-31 04:35:00",FALSE,508812.926597534,7996102.40587396
17002,"2017-08-19 18:02:22","2017-07-31 04:35:00",FALSE,512116.285319546,7994738.27541335
17002,"2017-08-20 00:07:28","2017-07-31 04:35:00",FALSE,511266.519053823,7994305.99134531
17002,"2017-08-20 01:07:28","2017-07-31 04:35:00",FALSE,512935.861621351,7991724.86478238
17002,"2017-08-20 02:07:28","2017-07-31 04:35:00",FALSE,510891.085305626,7993723.62299724
17002,"2017-08-20 03:07:28","2017-07-31 04:35:00",FALSE,511577.607969542,7994337.56092492
17002,"2017-08-20 04:07:28","2017-07-31 04:35:00",FALSE,514599.633488595,7990697.0748806
17002,"2017-08-20 05:07:28","2017-07-31 04:35:00",FALSE,510618.032838832,7992386.77396414
17002,"2017-08-20 06:07:28","2017-07-31 04:35:00",FALSE,507105.726538531,7993938.65090552
17002,"2017-08-20 07:07:28","2017-07-31 04:35:00",FALSE,507435.064357455,7995650.08534827
17002,"2017-08-20 08:07:28","2017-07-31 04:35:00",FALSE,507621.258390215,7996271.01236682
17002,"2017-08-20 09:07:28","2017-07-31 04:35:00",FALSE,509707.867959204,7995552.38579015
17002,"2017-08-20 10:07:28","2017-07-31 04:35:00",FALSE,510215.050717296,7995029.29306024
17002,"2017-08-20 11:07:28","2017-07-31 04:35:00",FALSE,509448.456906029,7995525.21530066
17002,"2017-08-20 12:07:28","2017-07-31 04:35:00",FALSE,508455.985428103,7997554.57564488
17002,"2017-08-20 13:07:28","2017-07-31 04:35:00",FALSE,508760.627427174,7996088.46043189
17002,"2017-08-20 14:07:28","2017-07-31 04:35:00",FALSE,508669.024226397,7997202.04020233
17002,"2017-08-20 15:07:28","2017-07-31 04:35:00",FALSE,510117.2889167,7995951.65435509
17002,"2017-08-20 16:07:28","2017-07-31 04:35:00",FALSE,512509.415868514,7993847.01101224
17002,"2017-08-20 17:07:28","2017-07-31 04:35:00",FALSE,510846.878902144,7993604.61048112
17002,"2017-08-20 18:07:28","2017-07-31 04:35:00",FALSE,508792.779372631,7994507.92201442
17002,"2017-08-21 00:00:00","2017-07-31 04:35:00",FALSE,507831.403227345,7994780.94928724
17002,"2017-08-21 01:00:00","2017-07-31 04:35:00",FALSE,507776.492130736,7992638.69739362
17002,"2017-08-21 02:00:00","2017-07-31 04:35:00",FALSE,508779.98703084,7992923.36022849
17002,"2017-08-21 03:00:00","2017-07-31 04:35:00",FALSE,509176.672082984,7992834.69058445
17002,"2017-08-21 04:00:00","2017-07-31 04:35:00",FALSE,508691.869739994,7992621.11450045
17002,"2017-08-21 05:00:00","2017-07-31 04:35:00",FALSE,505181.585462144,7994892.18128561
17002,"2017-08-21 06:00:00","2017-07-31 04:35:00",FALSE,505389.80458465,7996383.59958297
17002,"2017-08-21 07:00:00","2017-07-31 04:35:00",FALSE,508812.078532744,7994501.29275277
17002,"2017-08-21 08:00:00","2017-07-31 04:35:00",FALSE,510187.845048561,7994979.76422316
17002,"2017-08-21 09:00:00","2017-07-31 04:35:00",FALSE,509741.665533009,7995286.06863643
17002,"2017-08-21 10:00:00","2017-07-31 04:35:00",FALSE,512743.370492793,7993032.8137335
17002,"2017-08-21 11:00:00","2017-07-31 04:35:00",FALSE,511468.374093156,7992256.85213586
17002,"2017-08-21 12:00:00","2017-07-31 04:35:00",FALSE,507782.609509481,7992577.97134225
17002,"2017-08-21 13:00:00","2017-07-31 04:35:00",FALSE,508218.543506158,7995601.66878173
17002,"2017-08-21 14:00:00","2017-07-31 04:35:00",FALSE,509561.14689999,7996238.53118079
17002,"2017-08-21 15:00:00","2017-07-31 04:35:00",FALSE,512508.853528466,7993447.31967674
17002,"2017-08-21 16:00:00","2017-07-31 04:35:00",FALSE,512373.925004125,7991418.54020107
17002,"2017-08-21 17:00:00","2017-07-31 04:35:00",FALSE,507414.337734743,7988774.55483971
17002,"2017-08-21 18:00:00","2017-07-31 04:35:00",FALSE,508596.253132267,7989583.13415656
17002,"2017-08-22 00:01:45","2017-07-31 04:35:00",FALSE,513249.597018411,7994072.32557278
17002,"2017-08-22 01:01:45","2017-07-31 04:35:00",FALSE,515539.614703387,7994241.77881824
17002,"2017-08-22 02:01:45","2017-07-31 04:35:00",FALSE,517221.815728498,7996992.42964389
17002,"2017-08-22 03:01:45","2017-07-31 04:35:00",FALSE,516369.139505559,7996887.0519794
17002,"2017-08-22 04:01:45","2017-07-31 04:35:00",FALSE,515388.785839757,7995336.72432629
17002,"2017-08-22 05:01:45","2017-07-31 04:35:00",FALSE,513280.052856064,7994856.54891957
17002,"2017-08-22 06:01:45","2017-07-31 04:35:00",FALSE,509538.496717706,7995219.7446813
17002,"2017-08-22 07:01:45","2017-07-31 04:35:00",FALSE,509474.475539191,7993143.54588994
17002,"2017-08-22 08:01:45","2017-07-31 04:35:00",FALSE,507739.328779162,7988429.13939932
17002,"2017-08-22 09:01:45","2017-07-31 04:35:00",FALSE,507729.691810332,7985956.20844362
17002,"2017-08-22 10:01:45","2017-07-31 04:35:00",FALSE,508166.661555205,7988764.63491948
17002,"2017-08-22 11:01:45","2017-07-31 04:35:00",FALSE,510993.363171313,7992854.93625653
17002,"2017-08-22 12:01:45","2017-07-31 04:35:00",FALSE,513226.828572185,7994293.50826198
17002,"2017-08-22 13:01:45","2017-07-31 04:35:00",FALSE,511331.315119343,7994598.89602439
17002,"2017-08-22 14:01:45","2017-07-31 04:35:00",FALSE,512675.118949028,7994048.03381251
17002,"2017-08-22 15:01:45","2017-07-31 04:35:00",FALSE,509620.188809336,7995157.9365234
17002,"2017-08-22 16:01:45","2017-07-31 04:35:00",FALSE,509567.403055509,7995153.37579923
17002,"2017-08-22 17:01:45","2017-07-31 04:35:00",FALSE,510117.689505815,7995203.59445554
17002,"2017-08-23 00:00:02","2017-07-31 04:35:00",FALSE,506448.890659582,7980275.71668288
17002,"2017-08-23 01:00:02","2017-07-31 04:35:00",FALSE,505889.891326267,7979360.67562267
17002,"2017-08-23 02:00:02","2017-07-31 04:35:00",FALSE,507323.034035081,7983609.34563509
17002,"2017-08-23 03:00:02","2017-07-31 04:35:00",FALSE,506199.123457554,7981559.72647551
17002,"2017-08-23 04:00:02","2017-07-31 04:35:00",FALSE,507614.06315074,7983843.12176912
17002,"2017-08-23 05:00:02","2017-07-31 04:35:00",FALSE,508160.337759594,7982762.40607776
17002,"2017-08-23 06:00:02","2017-07-31 04:35:00",FALSE,505756.268954204,7980791.18979365
17002,"2017-08-23 07:00:02","2017-07-31 04:35:00",FALSE,505796.322321071,7981322.57531278
17002,"2017-08-23 08:00:02","2017-07-31 04:35:00",FALSE,507869.940775459,7984581.13527143
17002,"2017-08-23 09:00:02","2017-07-31 04:35:00",FALSE,507920.668152329,7988894.19077533
17002,"2017-08-23 10:00:02","2017-07-31 04:35:00",FALSE,507829.679648461,7994788.12958943
17002,"2017-08-23 11:00:02","2017-07-31 04:35:00",FALSE,507740.004734709,7997151.08235137
17002,"2017-08-23 12:00:02","2017-07-31 04:35:00",FALSE,509799.225650895,7995695.28604008
17002,"2017-08-23 13:00:02","2017-07-31 04:35:00",FALSE,508166.79661675,7995392.68060963
17002,"2017-08-23 14:00:02","2017-07-31 04:35:00",FALSE,507223.938493663,7995863.14772897
17002,"2017-08-23 15:00:02","2017-07-31 04:35:00",FALSE,507043.960007797,7995027.86112811
17002,"2017-08-23 16:00:02","2017-07-31 04:35:00",FALSE,509172.444388808,7995182.06682224
17002,"2017-08-23 17:00:02","2017-07-31 04:35:00",FALSE,510646.36420708,7995159.24004163
17002,"2017-08-23 18:00:02","2017-07-31 04:35:00",FALSE,512497.006058119,7993246.9638542
17002,"2017-08-24 00:27:14","2017-07-31 04:35:00",FALSE,516154.235912948,7993100.17598279
17002,"2017-08-24 01:27:14","2017-07-31 04:35:00",FALSE,514091.568228686,7993174.67462773
17002,"2017-08-24 02:27:14","2017-07-31 04:35:00",FALSE,516946.724590372,7992814.05936498
17002,"2017-08-24 03:27:14","2017-07-31 04:35:00",FALSE,518984.980411055,7996258.96769871
17002,"2017-08-24 04:27:14","2017-07-31 04:35:00",FALSE,515497.22693374,7994928.9053915
17002,"2017-08-24 05:27:14","2017-07-31 04:35:00",FALSE,511911.383950763,7994779.11008202
17002,"2017-08-24 06:27:14","2017-07-31 04:35:00",FALSE,512595.869317896,7993107.06385526
17002,"2017-08-24 07:27:14","2017-07-31 04:35:00",FALSE,516528.228658198,7992701.95551352
17002,"2017-08-24 08:27:14","2017-07-31 04:35:00",FALSE,515642.745375251,7992480.53772719
17002,"2017-08-24 09:27:14","2017-07-31 04:35:00",FALSE,512635.924058325,7993123.31610971
17002,"2017-08-24 10:27:14","2017-07-31 04:35:00",FALSE,514450.143399844,7993447.85016806
17002,"2017-08-24 11:27:14","2017-07-31 04:35:00",FALSE,514126.478440483,7992858.95437455
17002,"2017-08-24 12:27:14","2017-07-31 04:35:00",FALSE,513064.437335908,7993224.96171488
17002,"2017-08-24 13:27:14","2017-07-31 04:35:00",FALSE,510270.335927489,7994258.54481586
17002,"2017-08-24 14:27:14","2017-07-31 04:35:00",FALSE,512678.772900992,7994267.05775537
17002,"2017-08-24 15:27:14","2017-07-31 04:35:00",FALSE,511783.862871192,7993452.45092411
17002,"2017-08-24 16:27:14","2017-07-31 04:35:00",FALSE,514437.833380427,7992941.31384348
17002,"2017-08-24 17:27:14","2017-07-31 04:35:00",FALSE,514345.172484709,7993363.67269123
17002,"2017-08-24 18:27:14","2017-07-31 04:35:00",FALSE,514283.806276979,7991985.74034273
17002,"2017-08-25 00:20:07","2017-07-31 04:35:00",FALSE,520325.552185452,7994943.95292175
17002,"2017-08-25 01:20:07","2017-07-31 04:35:00",FALSE,521065.980284477,8000128.89748398
17002,"2017-08-25 02:20:07","2017-07-31 04:35:00",FALSE,518540.705276377,8005042.1457237
17002,"2017-08-25 03:20:07","2017-07-31 04:35:00",FALSE,517700.311212214,8003466.7856248
17002,"2017-08-25 04:20:07","2017-07-31 04:35:00",FALSE,516240.586154607,7995378.58428187
17002,"2017-08-25 05:20:07","2017-07-31 04:35:00",FALSE,512781.507069051,7991237.71201243
17002,"2017-08-25 06:20:07","2017-07-31 04:35:00",FALSE,509366.759377942,7993400.77699448
17002,"2017-08-25 07:20:07","2017-07-31 04:35:00",FALSE,511715.063592193,7991305.07217669
17002,"2017-08-25 08:20:07","2017-07-31 04:35:00",FALSE,512318.417665898,7991720.92648267
17002,"2017-08-25 09:20:07","2017-07-31 04:35:00",FALSE,511123.949155983,7990790.39057374
17002,"2017-08-25 10:20:07","2017-07-31 04:35:00",FALSE,508873.648867216,7989645.60418055
17002,"2017-08-25 11:20:07","2017-07-31 04:35:00",FALSE,508093.30775396,7988078.92968063
17002,"2017-08-25 12:20:07","2017-07-31 04:35:00",FALSE,510517.371011884,7991149.32548566
17002,"2017-08-25 13:20:07","2017-07-31 04:35:00",FALSE,512853.278101576,7991727.8848643
17002,"2017-08-25 14:20:07","2017-07-31 04:35:00",FALSE,514198.532444506,7991398.38365952
17002,"2017-08-25 15:20:07","2017-07-31 04:35:00",FALSE,513372.922011012,7992195.31231663
17002,"2017-08-25 16:20:07","2017-07-31 04:35:00",FALSE,512755.121082674,7992744.08894931
17002,"2017-08-25 17:20:07","2017-07-31 04:35:00",FALSE,513778.972392271,7992230.37281428
17002,"2017-08-25 18:20:07","2017-07-31 04:35:00",FALSE,514254.660889541,7991559.61223899
17002,"2017-08-26 00:02:31","2017-07-31 04:35:00",FALSE,515012.874613136,7991942.68137852
17002,"2017-08-26 01:02:31","2017-07-31 04:35:00",FALSE,513608.406908321,7991434.38929801
17002,"2017-08-26 02:02:31","2017-07-31 04:35:00",FALSE,515970.671100458,7991997.19728274
17002,"2017-08-26 03:02:31","2017-07-31 04:35:00",FALSE,515413.29387059,7990515.98463851
17002,"2017-08-26 04:02:31","2017-07-31 04:35:00",FALSE,518565.226447578,7992930.9053613
17002,"2017-08-26 05:02:31","2017-07-31 04:35:00",FALSE,517422.336799535,7993227.67547306
17002,"2017-08-26 06:02:31","2017-07-31 04:35:00",FALSE,514746.203044219,7990724.3404545
17002,"2017-08-26 08:02:31","2017-07-31 04:35:00",FALSE,510778.551496335,7989644.77013693
17002,"2017-08-26 09:02:31","2017-07-31 04:35:00",FALSE,506303.71176378,7986608.43939607
17002,"2017-08-26 10:02:31","2017-07-31 04:35:00",FALSE,505875.807375831,7981675.26517793
17002,"2017-08-26 11:02:31","2017-07-31 04:35:00",FALSE,505924.293830825,7982868.13288621
17002,"2017-08-26 12:02:31","2017-07-31 04:35:00",FALSE,508543.111649057,7982127.58227481
17002,"2017-08-27 00:02:21","2017-07-31 04:35:00",FALSE,505790.319425014,7996558.92266863
17002,"2017-08-27 01:02:21","2017-07-31 04:35:00",FALSE,508863.846478205,7993973.46513886
17002,"2017-08-27 02:02:21","2017-07-31 04:35:00",FALSE,513209.221550816,7992145.10044933
17002,"2017-08-27 03:02:21","2017-07-31 04:35:00",FALSE,517316.24814611,7992848.93646999
17002,"2017-08-27 04:02:21","2017-07-31 04:35:00",FALSE,515335.275525075,7991254.51852082
17002,"2017-08-27 05:02:21","2017-07-31 04:35:00",FALSE,511815.839539687,7990362.17097065
17002,"2017-08-27 06:02:21","2017-07-31 04:35:00",FALSE,509315.154274644,7990349.39123106
17002,"2017-08-27 07:02:21","2017-07-31 04:35:00",FALSE,508693.646518345,7992240.64773524
17002,"2017-08-27 08:02:21","2017-07-31 04:35:00",FALSE,509557.401314976,7994350.56358493
17002,"2017-08-27 09:02:21","2017-07-31 04:35:00",FALSE,504975.218576868,7994990.81490911
17002,"2017-08-27 10:02:21","2017-07-31 04:35:00",FALSE,501229.850241255,7996086.39934019
17002,"2017-08-27 11:02:21","2017-07-31 04:35:00",FALSE,504307.254222547,7998527.41899808
17002,"2017-08-27 12:02:21","2017-07-31 04:35:00",FALSE,508604.172065219,7996821.21933091
17002,"2017-08-27 13:02:21","2017-07-31 04:35:00",FALSE,510746.614034244,7994935.6852464
17002,"2017-08-27 14:02:21","2017-07-31 04:35:00",FALSE,505596.144036869,7995176.177954
17002,"2017-08-27 15:02:21","2017-07-31 04:35:00",FALSE,503703.836708542,7997225.09814888
17002,"2017-08-27 16:02:21","2017-07-31 04:35:00",FALSE,505019.823996133,7997806.39425673
17002,"2017-08-27 17:02:21","2017-07-31 04:35:00",FALSE,504596.871071835,7995632.62361162
17002,"2017-08-27 18:02:21","2017-07-31 04:35:00",FALSE,507353.637663286,7994877.48060331
17002,"2017-08-27 19:02:21","2017-07-31 04:35:00",FALSE,510675.65247298,7994290.5140902
17002,"2017-08-28 00:00:16","2017-07-31 04:35:00",FALSE,511405.569801837,7991540.46382384
17002,"2017-08-28 01:00:16","2017-07-31 04:35:00",FALSE,515329.005814957,7992671.38354451
17002,"2017-08-28 02:00:16","2017-07-31 04:35:00",FALSE,516725.488766114,7994106.82957597
17002,"2017-08-28 03:00:16","2017-07-31 04:35:00",FALSE,517604.170116051,7996979.50634461
17002,"2017-08-28 04:00:16","2017-07-31 04:35:00",FALSE,517662.760827147,8002774.23018047
17002,"2017-08-28 05:00:16","2017-07-31 04:35:00",FALSE,516137.551363838,8003629.58122378
17002,"2017-08-28 07:00:16","2017-07-31 04:35:00",FALSE,514505.519324056,7993379.23170319
17002,"2017-08-28 08:00:16","2017-07-31 04:35:00",FALSE,511601.870522073,7991739.04182909
17002,"2017-08-28 09:00:16","2017-07-31 04:35:00",FALSE,513462.290187208,7993369.5782395
17002,"2017-08-28 10:00:16","2017-07-31 04:35:00",FALSE,511267.774185721,7993038.64477566
17002,"2017-08-28 11:00:16","2017-07-31 04:35:00",FALSE,511168.987977296,7993283.85277178
17002,"2017-08-28 12:00:16","2017-07-31 04:35:00",FALSE,511402.122267574,7992571.05740225
17002,"2017-08-28 13:00:16","2017-07-31 04:35:00",FALSE,512284.191954976,7993176.14831246
17002,"2017-08-28 14:00:16","2017-07-31 04:35:00",FALSE,515624.103498637,7992880.8549123
17002,"2017-08-29 00:02:58","2017-07-31 04:35:00",FALSE,510555.01015236,7994859.96347503
17002,"2017-08-29 01:02:58","2017-07-31 04:35:00",FALSE,508173.927075322,7994067.91508199
17002,"2017-08-29 02:02:58","2017-07-31 04:35:00",FALSE,506234.309968234,7993751.39541371
17002,"2017-08-29 03:02:58","2017-07-31 04:35:00",FALSE,505713.648726029,7995244.93317914
17002,"2017-08-29 04:02:58","2017-07-31 04:35:00",FALSE,508743.086572917,7993922.95489333
17002,"2017-08-29 05:02:58","2017-07-31 04:35:00",FALSE,512513.881274221,7991442.56444283
17002,"2017-08-29 06:02:58","2017-07-31 04:35:00",FALSE,511581.677840228,7990771.94148554
17002,"2017-08-29 07:02:58","2017-07-31 04:35:00",FALSE,508154.190445228,7989613.97868299
17002,"2017-08-29 08:02:58","2017-07-31 04:35:00",FALSE,508272.32910278,7990628.54337021
17002,"2017-08-29 09:02:58","2017-07-31 04:35:00",FALSE,507629.443490161,7994511.40340877
17002,"2017-08-29 10:02:58","2017-07-31 04:35:00",FALSE,508661.856737199,7994619.15944281
17002,"2017-08-29 11:02:58","2017-07-31 04:35:00",FALSE,511506.95316554,7993849.46265942
17002,"2017-08-29 12:02:58","2017-07-31 04:35:00",FALSE,511798.976849489,7993112.50006144
17002,"2017-08-29 13:02:58","2017-07-31 04:35:00",FALSE,511265.950906944,7994105.08931007
17002,"2017-08-29 14:02:58","2017-07-31 04:35:00",FALSE,513178.498647192,7992820.85998304
17002,"2017-08-29 15:02:58","2017-07-31 04:35:00",FALSE,515573.669794512,7992934.92716559
17002,"2017-08-29 16:02:58","2017-07-31 04:35:00",FALSE,516451.446749983,7994901.96060403
17002,"2017-08-29 17:02:58","2017-07-31 04:35:00",FALSE,517355.233380998,7995225.24324501
17003,"2017-08-03 00:01:42","2017-08-01 17:59:00",TRUE,498596.590907919,8029456.81228448
17003,"2017-08-03 01:01:42","2017-08-01 17:59:00",TRUE,498650.90556261,8031396.680828
17003,"2017-08-03 02:01:42","2017-08-01 17:59:00",TRUE,499867.999747152,8032321.13925268
17003,"2017-08-03 03:01:42","2017-08-01 17:59:00",TRUE,500368.680248957,8032861.54832903
17003,"2017-08-03 04:01:42","2017-08-01 17:59:00",TRUE,500349.591378471,8032988.04411845
17003,"2017-08-03 05:01:42","2017-08-01 17:59:00",TRUE,499667.664162356,8031748.0953905
17003,"2017-08-03 06:01:42","2017-08-01 17:59:00",TRUE,497740.16038215,8028523.36556567
17003,"2017-08-03 07:01:42","2017-08-01 17:59:00",TRUE,494909.409659093,8025651.61329173
17003,"2017-08-03 08:01:42","2017-08-01 17:59:00",TRUE,496160.154466016,8027390.14332284
17003,"2017-08-03 09:01:42","2017-08-01 17:59:00",TRUE,497381.169854878,8027765.83948619
17003,"2017-08-03 10:01:42","2017-08-01 17:59:00",TRUE,500341.964181668,8033062.34222554
17003,"2017-08-03 11:01:42","2017-08-01 17:59:00",TRUE,499890.177068667,8032741.74473032
17003,"2017-08-03 12:01:42","2017-08-01 17:59:00",TRUE,500598.554057596,8035236.75729484
17003,"2017-08-03 13:01:42","2017-08-01 17:59:00",TRUE,500851.682572421,8035017.56952455
17003,"2017-08-03 14:01:42","2017-08-01 17:59:00",TRUE,499985.394325391,8033535.48575845
17003,"2017-08-03 15:01:42","2017-08-01 17:59:00",TRUE,498893.40707453,8031101.15986404
17003,"2017-08-03 16:01:42","2017-08-01 17:59:00",TRUE,498672.234780473,8031732.80641263
17003,"2017-08-03 17:01:42","2017-08-01 17:59:00",TRUE,498750.478213685,8030260.75818998
17003,"2017-08-03 18:01:42","2017-08-01 17:59:00",TRUE,496917.23457689,8027935.26725574
17003,"2017-08-03 23:59:58","2017-08-01 17:59:00",TRUE,501627.153872503,8037187.13098677
17003,"2017-08-04 00:59:58","2017-08-01 17:59:00",TRUE,502781.163319204,8038535.50476731
17003,"2017-08-04 01:59:58","2017-08-01 17:59:00",TRUE,504221.87841118,8040950.59813988
17003,"2017-08-04 02:59:58","2017-08-01 17:59:00",TRUE,506605.209586902,8042844.60395994
17003,"2017-08-04 03:59:58","2017-08-01 17:59:00",TRUE,508652.324031805,8045066.72132848
17003,"2017-08-04 04:59:58","2017-08-01 17:59:00",TRUE,509214.753732553,8046893.2853697
17003,"2017-08-04 05:59:58","2017-08-01 17:59:00",TRUE,512152.9394206,8049496.20617554
17003,"2017-08-04 06:59:58","2017-08-01 17:59:00",TRUE,513853.866658804,8048971.23178609
17003,"2017-08-04 07:59:58","2017-08-01 17:59:00",TRUE,510600.702523287,8042928.51438041
17003,"2017-08-04 08:59:58","2017-08-01 17:59:00",TRUE,505127.778548048,8040252.39558111
17003,"2017-08-04 09:59:58","2017-08-01 17:59:00",TRUE,501424.950120293,8037196.01496749
17003,"2017-08-04 10:59:58","2017-08-01 17:59:00",TRUE,499590.872715,8032863.65750029
17003,"2017-08-04 11:59:58","2017-08-01 17:59:00",TRUE,500240.027077225,8032521.26611388
17003,"2017-08-04 12:59:58","2017-08-01 17:59:00",TRUE,498508.952451176,8030919.30806365
17003,"2017-08-04 13:59:58","2017-08-01 17:59:00",TRUE,498144.643190745,8030670.61661479
17003,"2017-08-04 14:59:58","2017-08-01 17:59:00",TRUE,499123.770268302,8031598.04701903
17003,"2017-08-04 15:59:58","2017-08-01 17:59:00",TRUE,499712.903083687,8032745.15406235
17003,"2017-08-04 16:59:58","2017-08-01 17:59:00",TRUE,499878.879734562,8033580.66159655
17003,"2017-08-04 17:59:58","2017-08-01 17:59:00",TRUE,500030.760983047,8033441.96381847
17003,"2017-08-05 00:09:07","2017-08-01 17:59:00",TRUE,500475.617425168,8034587.50120622
17003,"2017-08-05 01:09:07","2017-08-01 17:59:00",TRUE,500810.818053429,8035499.32442084
17003,"2017-08-05 02:09:07","2017-08-01 17:59:00",TRUE,500728.87818929,8033767.17079461
17003,"2017-08-05 03:09:07","2017-08-01 17:59:00",TRUE,499055.775042147,8031276.83895267
17003,"2017-08-05 04:09:07","2017-08-01 17:59:00",TRUE,499177.247603463,8031329.14264209
17003,"2017-08-05 05:09:07","2017-08-01 17:59:00",TRUE,500898.010915061,8033315.64719652
17003,"2017-08-05 06:09:07","2017-08-01 17:59:00",TRUE,501936.648981866,8036990.59210149
17003,"2017-08-05 07:09:07","2017-08-01 17:59:00",TRUE,504877.668526307,8040019.63404126
17003,"2017-08-05 08:09:07","2017-08-01 17:59:00",TRUE,507221.483431641,8039634.19874219
17003,"2017-08-05 09:09:07","2017-08-01 17:59:00",TRUE,509734.993340473,8041648.17463934
17003,"2017-08-05 10:09:07","2017-08-01 17:59:00",TRUE,510800.055680446,8043816.23464205
17003,"2017-08-05 11:09:07","2017-08-01 17:59:00",TRUE,508601.0269203,8043857.14742676
17003,"2017-08-05 12:09:07","2017-08-01 17:59:00",TRUE,504069.998505789,8040464.85410839
17003,"2017-08-05 13:09:07","2017-08-01 17:59:00",TRUE,501996.675363625,8035723.49454579
17003,"2017-08-05 14:09:07","2017-08-01 17:59:00",TRUE,501108.199861536,8032729.602621
17003,"2017-08-05 15:09:07","2017-08-01 17:59:00",TRUE,500070.3937005,8031426.65408828
17003,"2017-08-05 16:09:07","2017-08-01 17:59:00",TRUE,500334.395337035,8033934.72984975
17003,"2017-08-05 17:09:07","2017-08-01 17:59:00",TRUE,499902.634160486,8033059.47368099
17003,"2017-08-05 18:09:07","2017-08-01 17:59:00",TRUE,499843.849063335,8031778.08339046
17003,"2017-08-06 00:05:10","2017-08-01 17:59:00",TRUE,497876.997913045,8030137.86616546
17003,"2017-08-06 01:05:10","2017-08-01 17:59:00",TRUE,498043.730832049,8030097.29877879
17003,"2017-08-06 02:05:10","2017-08-01 17:59:00",TRUE,499505.855750103,8033344.00977069
17003,"2017-08-06 03:05:10","2017-08-01 17:59:00",TRUE,501070.381024568,8036180.21765576
17003,"2017-08-06 04:05:10","2017-08-01 17:59:00",TRUE,501874.747537419,8038285.23846889
17003,"2017-08-06 05:05:10","2017-08-01 17:59:00",TRUE,503366.882637371,8039466.11539753
17003,"2017-08-06 06:05:10","2017-08-01 17:59:00",TRUE,504152.13768403,8040346.44831893
17003,"2017-08-06 07:05:10","2017-08-01 17:59:00",TRUE,504055.016804996,8039957.82949034
17003,"2017-08-06 08:05:10","2017-08-01 17:59:00",TRUE,501893.715832317,8036689.35742986
17003,"2017-08-06 09:05:10","2017-08-01 17:59:00",TRUE,501449.560493545,8035083.91405773
17003,"2017-08-06 10:05:10","2017-08-01 17:59:00",TRUE,501077.277140274,8035382.22483672
17003,"2017-08-06 11:05:10","2017-08-01 17:59:00",TRUE,500727.240658381,8035311.6207876
17003,"2017-08-06 12:05:10","2017-08-01 17:59:00",TRUE,500501.6005254,8035474.56625673
17003,"2017-08-06 13:05:10","2017-08-01 17:59:00",TRUE,500323.656258744,8034077.91556825
17003,"2017-08-06 14:05:10","2017-08-01 17:59:00",TRUE,499454.076730426,8033578.56421938
17003,"2017-08-06 15:05:10","2017-08-01 17:59:00",TRUE,500008.290213914,8033803.07083575
17003,"2017-08-06 16:05:10","2017-08-01 17:59:00",TRUE,500810.94642186,8036924.52914898
17003,"2017-08-06 17:05:10","2017-08-01 17:59:00",TRUE,502177.975123574,8038989.76213669
17003,"2017-08-06 18:05:10","2017-08-01 17:59:00",TRUE,503457.014698936,8040071.43457888
17003,"2017-08-07 00:00:38","2017-08-01 17:59:00",TRUE,501688.072098045,8036852.54111293
17003,"2017-08-07 01:00:38","2017-08-01 17:59:00",TRUE,502229.377926156,8038437.96149684
17003,"2017-08-07 02:00:38","2017-08-01 17:59:00",TRUE,503003.453979088,8039820.06832932
17003,"2017-08-07 03:00:38","2017-08-01 17:59:00",TRUE,503119.014269902,8039727.99253467
17003,"2017-08-07 04:00:38","2017-08-01 17:59:00",TRUE,504798.892738978,8040636.18247941
17003,"2017-08-07 05:00:38","2017-08-01 17:59:00",TRUE,507342.121543365,8042759.19432146
17003,"2017-08-07 06:00:38","2017-08-01 17:59:00",TRUE,509509.878553434,8046337.6896505
17003,"2017-08-07 07:00:38","2017-08-01 17:59:00",TRUE,511133.737208428,8048958.22036447
17003,"2017-08-07 08:00:38","2017-08-01 17:59:00",TRUE,511274.182263143,8048909.83536782
17003,"2017-08-07 09:00:38","2017-08-01 17:59:00",TRUE,510573.308962761,8047117.30963636
17003,"2017-08-07 10:00:38","2017-08-01 17:59:00",TRUE,510727.003642157,8045921.08777069
17003,"2017-08-07 11:00:38","2017-08-01 17:59:00",TRUE,508453.465956164,8043490.90099508
17003,"2017-08-07 12:00:38","2017-08-01 17:59:00",TRUE,505437.591792127,8040402.88397742
17003,"2017-08-07 13:00:38","2017-08-01 17:59:00",TRUE,503159.672896473,8039415.93649491
17003,"2017-08-07 14:00:38","2017-08-01 17:59:00",TRUE,502752.034699709,8039725.92425743
17003,"2017-08-07 15:00:38","2017-08-01 17:59:00",TRUE,503302.779009331,8039735.81717271
17003,"2017-08-07 16:00:38","2017-08-01 17:59:00",TRUE,503182.318824939,8039202.88987466
17003,"2017-08-07 17:00:38","2017-08-01 17:59:00",TRUE,503804.804306107,8040186.52696298
17003,"2017-08-07 18:00:38","2017-08-01 17:59:00",TRUE,505879.820005816,8042293.09400744
17003,"2017-08-08 00:00:04","2017-08-01 17:59:00",TRUE,517889.284452511,8041348.29927279
17003,"2017-08-08 01:00:04","2017-08-01 17:59:00",TRUE,516656.645262102,8035587.24752906
17003,"2017-08-08 02:00:04","2017-08-01 17:59:00",TRUE,517738.731568432,8039088.80640746
17003,"2017-08-08 03:00:04","2017-08-01 17:59:00",TRUE,518045.621404574,8040371.44728539
17003,"2017-08-08 04:00:04","2017-08-01 17:59:00",TRUE,517658.318168554,8039293.88277179
17003,"2017-08-08 05:00:04","2017-08-01 17:59:00",TRUE,516827.8778704,8035949.99435476
17003,"2017-08-08 07:00:04","2017-08-01 17:59:00",TRUE,510960.853816061,8026108.53963213
17003,"2017-08-08 08:00:04","2017-08-01 17:59:00",TRUE,507639.878641033,8020708.55628956
17003,"2017-08-08 09:00:04","2017-08-01 17:59:00",TRUE,505721.346201398,8014649.15636334
17003,"2017-08-08 10:00:04","2017-08-01 17:59:00",TRUE,505824.726510391,8009875.6437844
17003,"2017-08-08 11:00:04","2017-08-01 17:59:00",TRUE,506560.655264609,8007593.78100496
17003,"2017-08-08 12:00:04","2017-08-01 17:59:00",TRUE,509932.65498993,8005888.65126399
17003,"2017-08-08 13:00:04","2017-08-01 17:59:00",TRUE,513016.194309793,8002580.71202815
17003,"2017-08-08 14:00:04","2017-08-01 17:59:00",TRUE,516767.76915937,7999509.03622881
17003,"2017-08-08 15:00:04","2017-08-01 17:59:00",TRUE,518138.807093083,7995830.23861446
17003,"2017-08-08 16:00:04","2017-08-01 17:59:00",TRUE,516347.059052672,7994786.68701401
17003,"2017-08-08 17:00:04","2017-08-01 17:59:00",TRUE,513226.618687996,7994607.99601526
17003,"2017-08-08 18:00:04","2017-08-01 17:59:00",TRUE,515905.584275822,7996209.18503823
17003,"2017-08-08 19:00:04","2017-08-01 17:59:00",TRUE,517363.615585424,7998372.55426572
17003,"2017-08-09 00:02:33","2017-08-01 17:59:00",TRUE,512374.581877356,8014212.01360443
17003,"2017-08-09 01:02:33","2017-08-01 17:59:00",TRUE,508609.199520503,8015884.41990626
17003,"2017-08-09 02:02:33","2017-08-01 17:59:00",TRUE,507853.768812077,8018048.90208846
17003,"2017-08-09 03:02:33","2017-08-01 17:59:00",TRUE,507205.280412236,8015776.90125031
17003,"2017-08-09 04:02:33","2017-08-01 17:59:00",TRUE,507467.538317661,8017746.28875647
17003,"2017-08-09 05:02:33","2017-08-01 17:59:00",TRUE,509181.687383782,8020876.35623528
17003,"2017-08-09 06:02:33","2017-08-01 17:59:00",TRUE,511117.808425856,8023827.79944517
17003,"2017-08-09 07:02:33","2017-08-01 17:59:00",TRUE,512378.770315828,8025578.482394
17003,"2017-08-09 08:02:33","2017-08-01 17:59:00",TRUE,512651.369797496,8026131.1867096
17003,"2017-08-09 09:02:33","2017-08-01 17:59:00",TRUE,511739.862557639,8024161.3755152
17003,"2017-08-09 10:02:33","2017-08-01 17:59:00",TRUE,510842.684025157,8022592.21438901
17003,"2017-08-09 11:02:33","2017-08-01 17:59:00",TRUE,510393.984573028,8023326.10381318
17003,"2017-08-09 12:02:33","2017-08-01 17:59:00",TRUE,510609.564711645,8022992.25747321
17003,"2017-08-09 13:02:33","2017-08-01 17:59:00",TRUE,508825.044813829,8020577.8219108
17003,"2017-08-09 14:02:33","2017-08-01 17:59:00",TRUE,506454.678084736,8017581.65686058
17003,"2017-08-09 15:02:33","2017-08-01 17:59:00",TRUE,507319.662175642,8013654.73924532
17003,"2017-08-09 16:02:33","2017-08-01 17:59:00",TRUE,507719.100282334,8010877.70429531
17003,"2017-08-09 17:02:33","2017-08-01 17:59:00",TRUE,508758.340189531,8009077.77757297
17003,"2017-08-09 18:02:33","2017-08-01 17:59:00",TRUE,508809.063484441,8009068.08556839
17003,"2017-08-10 00:00:57","2017-08-01 17:59:00",TRUE,508345.281429498,8008000.90811777
17003,"2017-08-10 01:00:57","2017-08-01 17:59:00",TRUE,509480.058639889,8007219.21488432
17003,"2017-08-10 02:00:57","2017-08-01 17:59:00",TRUE,509049.418613099,8010086.88927202
17003,"2017-08-10 03:00:57","2017-08-01 17:59:00",TRUE,507680.220576073,8013859.41484797
17003,"2017-08-10 04:00:57","2017-08-01 17:59:00",TRUE,506102.323406708,8016764.48216337
17003,"2017-08-10 05:00:57","2017-08-01 17:59:00",TRUE,506061.361409176,8015412.74347228
17003,"2017-08-10 06:00:57","2017-08-01 17:59:00",TRUE,507018.213224975,8013314.0184217
17003,"2017-08-10 07:00:57","2017-08-01 17:59:00",TRUE,509123.109228301,8016872.33475857
17003,"2017-08-10 08:00:57","2017-08-01 17:59:00",TRUE,512476.930575206,8018853.34437538
17003,"2017-08-10 09:00:57","2017-08-01 17:59:00",TRUE,514750.331399344,8017122.54906842
17003,"2017-08-10 10:00:57","2017-08-01 17:59:00",TRUE,514756.102244104,8015566.29498298
17003,"2017-08-10 11:00:57","2017-08-01 17:59:00",TRUE,518184.680037231,8015933.52197439
17003,"2017-08-10 12:00:57","2017-08-01 17:59:00",TRUE,520545.995742862,8016875.77940734
17003,"2017-08-10 13:00:57","2017-08-01 17:59:00",TRUE,520054.991862893,8017344.47292849
17003,"2017-08-10 14:00:57","2017-08-01 17:59:00",TRUE,522206.848406806,8019440.4866648
17003,"2017-08-10 15:00:57","2017-08-01 17:59:00",TRUE,520218.207346746,8021401.12668407
17003,"2017-08-10 16:00:57","2017-08-01 17:59:00",TRUE,521002.554430705,8024558.50243972
17003,"2017-08-10 17:00:57","2017-08-01 17:59:00",TRUE,520620.730045096,8028418.38571519
17003,"2017-08-10 18:00:57","2017-08-01 17:59:00",TRUE,520915.967097266,8031084.89061842
17003,"2017-08-10 19:00:57","2017-08-01 17:59:00",TRUE,521132.423259978,8031822.31993831
17003,"2017-08-10 20:00:57","2017-08-01 17:59:00",TRUE,520728.834622689,8031885.31290507
17003,"2017-08-10 21:00:57","2017-08-01 17:59:00",TRUE,521609.120190969,8032710.79838469
17003,"2017-08-11 00:00:02","2017-08-01 17:59:00",TRUE,521184.089360852,8038156.2673282
17003,"2017-08-11 01:00:02","2017-08-01 17:59:00",TRUE,520801.977268462,8041137.74491149
17003,"2017-08-11 02:00:02","2017-08-01 17:59:00",TRUE,520338.244301394,8040918.48759431
17003,"2017-08-11 03:00:02","2017-08-01 17:59:00",TRUE,520286.524881146,8041723.44052808
17003,"2017-08-11 04:00:02","2017-08-01 17:59:00",TRUE,521580.369574145,8042033.66996625
17003,"2017-08-11 05:00:02","2017-08-01 17:59:00",TRUE,521943.789780976,8042674.52410459
17003,"2017-08-11 06:00:02","2017-08-01 17:59:00",TRUE,522339.056960345,8044562.43671737
17003,"2017-08-11 07:00:02","2017-08-01 17:59:00",TRUE,521954.587687018,8046540.00583892
17003,"2017-08-11 08:00:02","2017-08-01 17:59:00",TRUE,522545.798746851,8048643.85432361
17003,"2017-08-11 09:00:02","2017-08-01 17:59:00",TRUE,523494.441799494,8050492.18525147
17003,"2017-08-11 10:00:02","2017-08-01 17:59:00",TRUE,525109.251310537,8051853.93953298
17003,"2017-08-11 11:00:02","2017-08-01 17:59:00",TRUE,525588.828018402,8053477.96676928
17003,"2017-08-11 12:00:02","2017-08-01 17:59:00",TRUE,526390.280317437,8055658.46702388
17003,"2017-08-11 13:00:02","2017-08-01 17:59:00",TRUE,526604.267316439,8057586.59370751
17003,"2017-08-11 14:00:02","2017-08-01 17:59:00",TRUE,527860.75373641,8057403.0769315
17003,"2017-08-11 15:00:02","2017-08-01 17:59:00",TRUE,529251.067247208,8057547.3209206
17003,"2017-08-11 16:00:02","2017-08-01 17:59:00",TRUE,530335.770463785,8056878.2075028
17003,"2017-08-11 17:00:02","2017-08-01 17:59:00",TRUE,531685.95921495,8056335.75466981
17003,"2017-08-11 18:00:02","2017-08-01 17:59:00",TRUE,530558.992749748,8056097.73986886
17003,"2017-08-11 19:00:02","2017-08-01 17:59:00",TRUE,531074.235459375,8056080.51625891
17003,"2017-08-11 20:00:02","2017-08-01 17:59:00",TRUE,530982.964792319,8056194.07070673
17003,"2017-08-11 21:00:02","2017-08-01 17:59:00",TRUE,531140.118837397,8057809.49598252
17003,"2017-08-11 22:00:02","2017-08-01 17:59:00",TRUE,532077.53354109,8058333.27509134
17003,"2017-08-11 23:00:02","2017-08-01 17:59:00",TRUE,532300.216056698,8059068.06324356
17003,"2017-08-12 00:00:02","2017-08-01 17:59:00",TRUE,532697.207057195,8059662.67737152
17003,"2017-08-12 01:00:02","2017-08-01 17:59:00",TRUE,535943.705513349,8058776.88709905
17003,"2017-08-12 02:00:02","2017-08-01 17:59:00",TRUE,536460.875029751,8058103.03168763
17003,"2017-08-12 03:00:02","2017-08-01 17:59:00",TRUE,536550.250793406,8056470.02613897
17003,"2017-08-12 04:00:02","2017-08-01 17:59:00",TRUE,537557.246211395,8056778.37346132
17003,"2017-08-12 05:00:02","2017-08-01 17:59:00",TRUE,537864.676869417,8055618.21098364
17003,"2017-08-12 06:00:02","2017-08-01 17:59:00",TRUE,539030.900670997,8055686.74809324
17003,"2017-08-12 07:00:02","2017-08-01 17:59:00",TRUE,537338.230094081,8055735.58348904
17003,"2017-08-12 08:00:02","2017-08-01 17:59:00",TRUE,534981.31720695,8056816.57601345
17003,"2017-08-12 09:00:02","2017-08-01 17:59:00",TRUE,533264.035964788,8055606.78397471
17003,"2017-08-12 10:00:02","2017-08-01 17:59:00",TRUE,531446.232179444,8054111.06679337
17003,"2017-08-12 11:00:02","2017-08-01 17:59:00",TRUE,530998.34895024,8053966.60025872
17003,"2017-08-12 12:00:02","2017-08-01 17:59:00",TRUE,534031.60263922,8055066.71421863
17003,"2017-08-12 13:00:02","2017-08-01 17:59:00",TRUE,535433.063218881,8056441.79251265
17003,"2017-08-12 14:00:02","2017-08-01 17:59:00",TRUE,537567.773171343,8055741.55427318
17003,"2017-08-12 15:00:02","2017-08-01 17:59:00",TRUE,538836.991829947,8057252.87637802
17003,"2017-08-12 16:00:02","2017-08-01 17:59:00",TRUE,540542.372938615,8058895.18829244
17003,"2017-08-12 17:00:02","2017-08-01 17:59:00",TRUE,542804.465995621,8058191.09941188
17003,"2017-08-12 18:00:02","2017-08-01 17:59:00",TRUE,543084.053493514,8057856.52216942
17003,"2017-08-12 19:00:02","2017-08-01 17:59:00",TRUE,545225.407915731,8056348.20054268
17003,"2017-08-12 20:00:02","2017-08-01 17:59:00",TRUE,546518.03921085,8057138.24905254
17003,"2017-08-12 21:00:02","2017-08-01 17:59:00",TRUE,548957.400236125,8056669.29588767
17003,"2017-08-13 00:13:04","2017-08-01 17:59:00",TRUE,550883.325715234,8057922.75715804
17003,"2017-08-13 01:13:04","2017-08-01 17:59:00",TRUE,551936.797091106,8056674.91553885
17003,"2017-08-13 02:13:04","2017-08-01 17:59:00",TRUE,553222.945233299,8057151.03755504
17003,"2017-08-13 03:13:04","2017-08-01 17:59:00",TRUE,552955.997477231,8057024.32753132
17003,"2017-08-13 04:13:04","2017-08-01 17:59:00",TRUE,553259.26603831,8057642.78732017
17003,"2017-08-13 05:13:04","2017-08-01 17:59:00",TRUE,554480.421137169,8058696.21348725
17003,"2017-08-13 06:13:04","2017-08-01 17:59:00",TRUE,554631.506624172,8059607.78741103
17003,"2017-08-13 07:13:04","2017-08-01 17:59:00",TRUE,554818.633897669,8059503.5374052
17003,"2017-08-13 08:13:04","2017-08-01 17:59:00",TRUE,554013.665186434,8057330.94910818
17003,"2017-08-13 09:13:04","2017-08-01 17:59:00",TRUE,554122.893206634,8055897.09064677
17003,"2017-08-13 10:13:04","2017-08-01 17:59:00",TRUE,553638.437773812,8054578.91078252
17003,"2017-08-13 11:13:04","2017-08-01 17:59:00",TRUE,554149.152954998,8054097.55343146
17003,"2017-08-13 12:13:04","2017-08-01 17:59:00",TRUE,555319.762069467,8053018.77155066
17003,"2017-08-13 13:13:04","2017-08-01 17:59:00",TRUE,556817.165321663,8052726.35309169
17003,"2017-08-13 14:13:04","2017-08-01 17:59:00",TRUE,556606.394118093,8052639.83744974
17003,"2017-08-13 15:13:04","2017-08-01 17:59:00",TRUE,555935.459660014,8052184.23262781
17003,"2017-08-13 16:13:04","2017-08-01 17:59:00",TRUE,553515.068750435,8052121.58391128
17003,"2017-08-13 17:13:04","2017-08-01 17:59:00",TRUE,554772.562435117,8052498.43039554
17003,"2017-08-13 18:13:04","2017-08-01 17:59:00",TRUE,555677.678547671,8050858.65030479
17003,"2017-08-13 19:13:04","2017-08-01 17:59:00",TRUE,557176.5276779,8049372.88622559
17003,"2017-08-13 20:13:04","2017-08-01 17:59:00",TRUE,556015.852343758,8050882.60090625
17003,"2017-08-13 21:13:04","2017-08-01 17:59:00",TRUE,557181.26159728,8052138.07907648
17003,"2017-08-13 22:13:04","2017-08-01 17:59:00",TRUE,557393.076410585,8053826.33222276
17003,"2017-08-13 23:13:04","2017-08-01 17:59:00",TRUE,556190.934335192,8054871.51939857
17003,"2017-08-14 00:13:04","2017-08-01 17:59:00",TRUE,555231.565068558,8054437.75445997
17003,"2017-08-14 01:13:04","2017-08-01 17:59:00",TRUE,556433.767618919,8053677.39984186
17003,"2017-08-14 02:13:04","2017-08-01 17:59:00",TRUE,559415.582289523,8053247.24782373
17003,"2017-08-14 03:13:04","2017-08-01 17:59:00",TRUE,561284.24213563,8053150.6573863
17003,"2017-08-14 04:13:04","2017-08-01 17:59:00",TRUE,562935.294330402,8053291.0281195
17003,"2017-08-14 05:13:04","2017-08-01 17:59:00",TRUE,563899.072498035,8054114.37533135
17003,"2017-08-14 06:13:04","2017-08-01 17:59:00",TRUE,565197.826297949,8058388.8229018
17003,"2017-08-14 07:13:04","2017-08-01 17:59:00",TRUE,562621.389893968,8060539.14805862
17003,"2017-08-14 08:13:04","2017-08-01 17:59:00",TRUE,562383.718542911,8061762.97133032
17003,"2017-08-14 09:13:04","2017-08-01 17:59:00",TRUE,560578.438027942,8060827.58577386
17003,"2017-08-14 10:13:04","2017-08-01 17:59:00",TRUE,555724.822307758,8060831.80497608
17003,"2017-08-14 11:13:04","2017-08-01 17:59:00",TRUE,551274.241112501,8059397.97562765
17003,"2017-08-14 12:13:04","2017-08-01 17:59:00",TRUE,547405.073997559,8057248.6951803
17003,"2017-08-14 13:13:04","2017-08-01 17:59:00",TRUE,542779.461511526,8058161.51092368
17003,"2017-08-14 14:13:04","2017-08-01 17:59:00",TRUE,537586.506180046,8058772.20818114
17003,"2017-08-14 15:13:04","2017-08-01 17:59:00",TRUE,534276.737356063,8059930.0902306
17003,"2017-08-14 16:13:04","2017-08-01 17:59:00",TRUE,530102.210139794,8060954.73290011
17003,"2017-08-14 17:13:04","2017-08-01 17:59:00",TRUE,528343.629385867,8060536.76635707
17003,"2017-08-14 18:13:04","2017-08-01 17:59:00",TRUE,524155.683578211,8059407.04414012
17003,"2017-08-15 00:00:32","2017-08-01 17:59:00",TRUE,518236.215176194,8038294.88188613
17003,"2017-08-15 01:00:32","2017-08-01 17:59:00",TRUE,518385.684935033,8032178.93375069
17003,"2017-08-15 02:00:32","2017-08-01 17:59:00",TRUE,512618.140960051,8028659.26620386
17003,"2017-08-15 03:00:32","2017-08-01 17:59:00",TRUE,509109.962838354,8022561.73820266
17003,"2017-08-15 04:00:32","2017-08-01 17:59:00",TRUE,506413.630624678,8016895.32218898
17003,"2017-08-15 05:00:32","2017-08-01 17:59:00",TRUE,506675.423198536,8010605.24370748
17003,"2017-08-15 06:00:32","2017-08-01 17:59:00",TRUE,509185.731009891,8006442.08576788
17003,"2017-08-15 07:00:32","2017-08-01 17:59:00",TRUE,513606.032556898,8002082.82561413
17003,"2017-08-15 08:00:32","2017-08-01 17:59:00",TRUE,515349.693137381,7995779.90937169
17003,"2017-08-15 09:00:32","2017-08-01 17:59:00",TRUE,514140.621007009,7991723.62336255
17003,"2017-08-15 10:00:32","2017-08-01 17:59:00",TRUE,514324.045901092,7991130.22124545
17003,"2017-08-15 11:00:32","2017-08-01 17:59:00",TRUE,512901.951828593,7993888.18076253
17003,"2017-08-15 12:00:32","2017-08-01 17:59:00",TRUE,513039.542731574,7994241.46259128
17003,"2017-08-15 13:00:32","2017-08-01 17:59:00",TRUE,513222.475796052,7994316.49801641
17003,"2017-08-15 14:00:32","2017-08-01 17:59:00",TRUE,514400.399055731,7994521.10174857
17003,"2017-08-15 15:00:32","2017-08-01 17:59:00",TRUE,517618.533215527,7994983.28515584
17003,"2017-08-15 16:00:32","2017-08-01 17:59:00",TRUE,518524.863403004,7997835.48877895
17003,"2017-08-15 17:00:32","2017-08-01 17:59:00",TRUE,519892.493058341,7998809.06146036
17003,"2017-08-15 18:00:32","2017-08-01 17:59:00",TRUE,519735.997334297,8002901.83733085
17003,"2017-08-16 00:07:30","2017-08-01 17:59:00",TRUE,510333.106284237,8020391.51494277
17003,"2017-08-16 01:07:30","2017-08-01 17:59:00",TRUE,511734.904363118,8021827.01127575
17003,"2017-08-16 02:07:30","2017-08-01 17:59:00",TRUE,510842.539589256,8024176.20706243
17003,"2017-08-16 03:07:30","2017-08-01 17:59:00",TRUE,512514.424559516,8026530.07240556
17003,"2017-08-16 04:07:30","2017-08-01 17:59:00",TRUE,514085.304553673,8028977.94080279
17003,"2017-08-16 05:07:30","2017-08-01 17:59:00",TRUE,517801.874938679,8031036.28381214
17003,"2017-08-16 06:07:30","2017-08-01 17:59:00",TRUE,519609.584254378,8034046.62041211
17003,"2017-08-16 07:07:30","2017-08-01 17:59:00",TRUE,520858.449383163,8036463.62700088
17003,"2017-08-16 08:07:30","2017-08-01 17:59:00",TRUE,521762.974366358,8039162.47469194
17003,"2017-08-16 09:07:30","2017-08-01 17:59:00",TRUE,523160.262543805,8040462.66534285
17003,"2017-08-16 10:07:30","2017-08-01 17:59:00",TRUE,522788.766639868,8043573.75003754
17003,"2017-08-16 11:07:30","2017-08-01 17:59:00",TRUE,522705.266482498,8046428.41434556
17003,"2017-08-16 12:07:30","2017-08-01 17:59:00",TRUE,524145.913406036,8049627.66062444
17003,"2017-08-16 13:07:30","2017-08-01 17:59:00",TRUE,526046.54427354,8052063.73728148
17003,"2017-08-16 14:07:30","2017-08-01 17:59:00",TRUE,529273.215962051,8054804.09483809
17003,"2017-08-16 15:07:30","2017-08-01 17:59:00",TRUE,531158.726780137,8053689.47759717
17003,"2017-08-16 16:07:30","2017-08-01 17:59:00",TRUE,534155.442318411,8053818.07420908
17003,"2017-08-16 17:07:30","2017-08-01 17:59:00",TRUE,533629.419042186,8053303.84106836
17003,"2017-08-16 18:07:30","2017-08-01 17:59:00",TRUE,535652.628861976,8050508.63595864
17003,"2017-08-16 19:07:30","2017-08-01 17:59:00",TRUE,538139.615488669,8050857.00703698
17003,"2017-08-16 20:07:30","2017-08-01 17:59:00",TRUE,538397.561905434,8051327.3597619
17003,"2017-08-16 21:07:30","2017-08-01 17:59:00",TRUE,539527.989917789,8051668.51583461
17003,"2017-08-16 22:07:30","2017-08-01 17:59:00",TRUE,542368.294914132,8051347.18865613
17003,"2017-08-16 23:07:30","2017-08-01 17:59:00",TRUE,544202.187569094,8052141.95706461
17003,"2017-08-17 00:07:30","2017-08-01 17:59:00",TRUE,541322.697740372,8049917.72536538
17003,"2017-08-17 01:07:30","2017-08-01 17:59:00",TRUE,534433.543484114,8045786.41873984
17003,"2017-08-17 02:07:30","2017-08-01 17:59:00",TRUE,529547.58790222,8048613.05843221
17003,"2017-08-17 03:07:30","2017-08-01 17:59:00",TRUE,523158.069867067,8042966.51609266
17003,"2017-08-17 04:07:30","2017-08-01 17:59:00",TRUE,517331.188414935,8037658.097196
17003,"2017-08-17 05:07:30","2017-08-01 17:59:00",TRUE,517189.136700256,8031717.93784641
17003,"2017-08-17 06:07:30","2017-08-01 17:59:00",TRUE,512152.007239756,8027851.93248526
17003,"2017-08-17 07:07:30","2017-08-01 17:59:00",TRUE,508825.929225838,8022453.22381859
17003,"2017-08-17 08:07:30","2017-08-01 17:59:00",TRUE,506307.945355409,8016700.89227441
17003,"2017-08-17 09:07:30","2017-08-01 17:59:00",TRUE,506506.355066778,8012281.58832614
17003,"2017-08-17 10:07:30","2017-08-01 17:59:00",TRUE,507152.57921191,8009409.16480808
17003,"2017-08-17 11:07:30","2017-08-01 17:59:00",TRUE,508740.795952813,8007146.80387199
17003,"2017-08-17 12:07:30","2017-08-01 17:59:00",TRUE,507331.609707932,8007419.0913561
17003,"2017-08-17 13:07:30","2017-08-01 17:59:00",TRUE,506272.84541355,8008721.1878107
17003,"2017-08-17 14:07:30","2017-08-01 17:59:00",TRUE,505682.269154816,8009329.74260605
17003,"2017-08-17 15:07:30","2017-08-01 17:59:00",TRUE,505537.758653688,8010271.91806083
17003,"2017-08-17 16:07:30","2017-08-01 17:59:00",TRUE,505987.168050681,8010976.0372392
17003,"2017-08-17 17:07:30","2017-08-01 17:59:00",TRUE,506374.17114585,8009248.55467035
17003,"2017-08-17 18:07:30","2017-08-01 17:59:00",TRUE,507843.018660383,8007365.75640522
17003,"2017-08-18 00:01:12","2017-08-01 17:59:00",TRUE,505771.91419574,8015298.23730618
17003,"2017-08-18 01:01:12","2017-08-01 17:59:00",TRUE,506504.352110342,8017741.97805937
17003,"2017-08-18 02:01:12","2017-08-01 17:59:00",TRUE,507982.811903051,8021523.37399618
17003,"2017-08-18 03:01:12","2017-08-01 17:59:00",TRUE,510520.24325852,8024768.03668794
17003,"2017-08-18 04:01:12","2017-08-01 17:59:00",TRUE,509061.460134174,8022660.71069641
17003,"2017-08-18 05:01:12","2017-08-01 17:59:00",TRUE,508038.567528744,8019429.16311186
17003,"2017-08-18 06:01:12","2017-08-01 17:59:00",TRUE,509962.161745499,8016082.21774259
17003,"2017-08-18 07:01:12","2017-08-01 17:59:00",TRUE,510842.174322206,8018079.18281039
17003,"2017-08-18 08:01:12","2017-08-01 17:59:00",TRUE,508668.533614753,8016568.49440061
17003,"2017-08-18 09:01:12","2017-08-01 17:59:00",TRUE,507114.566937735,8017910.23575386
17003,"2017-08-18 10:01:12","2017-08-01 17:59:00",TRUE,508221.492774194,8015556.84585011
17003,"2017-08-18 11:01:12","2017-08-01 17:59:00",TRUE,508900.749007282,8013244.76745973
17003,"2017-08-18 12:01:12","2017-08-01 17:59:00",TRUE,510025.436233276,8014928.5292178
17003,"2017-08-18 13:01:12","2017-08-01 17:59:00",TRUE,508182.618726554,8018310.3200319
17003,"2017-08-18 14:01:12","2017-08-01 17:59:00",TRUE,509475.786128279,8021699.11109894
17003,"2017-08-18 15:01:12","2017-08-01 17:59:00",TRUE,510345.376263331,8023913.49524834
17003,"2017-08-18 16:01:12","2017-08-01 17:59:00",TRUE,509845.215154485,8021195.4791944
17003,"2017-08-18 17:01:12","2017-08-01 17:59:00",TRUE,507336.076442809,8017531.32579876
17003,"2017-08-18 18:01:12","2017-08-01 17:59:00",TRUE,507337.970153344,8015576.00094624
17003,"2017-08-18 19:01:12","2017-08-01 17:59:00",TRUE,508720.598783814,8013016.27513049
17003,"2017-08-18 20:01:12","2017-08-01 17:59:00",TRUE,509634.772002032,8011736.71402545
17003,"2017-08-18 21:01:12","2017-08-01 17:59:00",TRUE,509624.042611944,8010289.16075727
17003,"2017-08-18 22:01:12","2017-08-01 17:59:00",TRUE,511853.949443593,8012912.31613728
17003,"2017-08-19 01:54:57","2017-08-01 17:59:00",TRUE,505790.926542274,8015800.24274552
17003,"2017-08-19 02:54:57","2017-08-01 17:59:00",TRUE,506285.25843666,8010806.85770204
17003,"2017-08-19 03:54:57","2017-08-01 17:59:00",TRUE,505351.22596713,8009670.88258969
17003,"2017-08-19 04:54:57","2017-08-01 17:59:00",TRUE,505152.509124822,8010117.37497869
17003,"2017-08-19 05:54:57","2017-08-01 17:59:00",TRUE,505423.789085598,8008207.42842472
17003,"2017-08-19 06:54:57","2017-08-01 17:59:00",TRUE,506248.264328676,8008190.35142385
17003,"2017-08-19 07:54:57","2017-08-01 17:59:00",TRUE,506176.794607827,8009876.66098933
17003,"2017-08-19 08:54:57","2017-08-01 17:59:00",TRUE,507349.015501464,8010164.76964469
17003,"2017-08-19 09:54:57","2017-08-01 17:59:00",TRUE,504376.400892696,8010389.11196862
17003,"2017-08-19 10:54:57","2017-08-01 17:59:00",TRUE,504717.21176735,8009737.18869228
17003,"2017-08-19 11:54:57","2017-08-01 17:59:00",TRUE,504702.280193209,8009955.00775626
17003,"2017-08-19 12:54:57","2017-08-01 17:59:00",TRUE,505296.736131543,8009755.96459214
17003,"2017-08-19 13:54:57","2017-08-01 17:59:00",TRUE,506201.797893817,8009712.93458997
17003,"2017-08-19 14:54:57","2017-08-01 17:59:00",TRUE,505123.671100904,8009803.06945112
17003,"2017-08-19 15:54:57","2017-08-01 17:59:00",TRUE,505692.917677711,8008027.93838871
17003,"2017-08-19 16:54:57","2017-08-01 17:59:00",TRUE,503912.00162001,8009807.82661844
17003,"2017-08-19 17:54:57","2017-08-01 17:59:00",TRUE,504738.432023949,8009557.59378217
17003,"2017-08-19 18:54:57","2017-08-01 17:59:00",TRUE,507153.610697237,8007687.37602897
17003,"2017-08-20 00:13:41","2017-08-01 17:59:00",TRUE,517644.872787606,7997931.14646484
17003,"2017-08-20 01:13:41","2017-08-01 17:59:00",TRUE,516297.841031109,7999994.55990531
17003,"2017-08-20 02:13:41","2017-08-01 17:59:00",TRUE,516264.616898016,7996542.98507371
17003,"2017-08-20 03:13:41","2017-08-01 17:59:00",TRUE,517634.193804687,7997755.78190467
17003,"2017-08-20 04:13:41","2017-08-01 17:59:00",TRUE,517796.723681494,8001407.99410935
17003,"2017-08-20 05:13:41","2017-08-01 17:59:00",TRUE,514604.41269956,7995992.11262531
17003,"2017-08-20 06:13:41","2017-08-01 17:59:00",TRUE,514588.274017218,7993977.1889563
17003,"2017-08-20 07:13:41","2017-08-01 17:59:00",TRUE,517460.199970116,7994818.93694475
17003,"2017-08-20 08:13:41","2017-08-01 17:59:00",TRUE,517775.79302264,7995970.45362544
17003,"2017-08-20 09:13:41","2017-08-01 17:59:00",TRUE,518535.499441426,7995081.5943351
17003,"2017-08-20 10:13:41","2017-08-01 17:59:00",TRUE,518888.609405567,7996434.20634104
17003,"2017-08-20 11:13:41","2017-08-01 17:59:00",TRUE,519156.27863902,7996741.61103295
17003,"2017-08-20 12:13:41","2017-08-01 17:59:00",TRUE,519553.206683233,7996447.48928316
17003,"2017-08-20 13:13:41","2017-08-01 17:59:00",TRUE,521399.093103995,7995764.29906055
17003,"2017-08-20 14:13:41","2017-08-01 17:59:00",TRUE,521922.252180707,7999279.98135363
17003,"2017-08-20 15:13:41","2017-08-01 17:59:00",TRUE,519345.723346188,8003087.05955384
17003,"2017-08-20 16:13:41","2017-08-01 17:59:00",TRUE,516794.25573831,8007928.16554038
17003,"2017-08-20 17:13:41","2017-08-01 17:59:00",TRUE,517701.018219352,8013285.12087297
17003,"2017-08-20 18:13:41","2017-08-01 17:59:00",TRUE,519698.294806706,8015435.79699157
17003,"2017-08-20 19:13:41","2017-08-01 17:59:00",TRUE,520421.55403032,8015874.13917945
17003,"2017-08-20 20:13:41","2017-08-01 17:59:00",TRUE,518435.243171696,8016351.27352822
17003,"2017-08-21 00:01:13","2017-08-01 17:59:00",TRUE,522869.597884381,8017526.08889502
17003,"2017-08-21 01:01:13","2017-08-01 17:59:00",TRUE,522966.545626156,8020448.68814684
17003,"2017-08-21 02:01:13","2017-08-01 17:59:00",TRUE,524614.346118368,8024105.72297706
17003,"2017-08-21 03:01:13","2017-08-01 17:59:00",TRUE,524306.983497106,8025683.14764987
17003,"2017-08-21 04:01:13","2017-08-01 17:59:00",TRUE,527271.270518734,8024455.08677107
17003,"2017-08-21 06:01:13","2017-08-01 17:59:00",TRUE,528745.115334511,8022872.06805142
17003,"2017-08-21 07:01:13","2017-08-01 17:59:00",TRUE,530140.374613288,8020721.94810801
17003,"2017-08-21 08:01:13","2017-08-01 17:59:00",TRUE,528265.081813123,8022551.94840499
17003,"2017-08-21 09:01:13","2017-08-01 17:59:00",TRUE,525677.860696676,8025660.58998836
17003,"2017-08-21 10:01:13","2017-08-01 17:59:00",TRUE,523425.917603299,8027125.78809296
17003,"2017-08-21 11:01:13","2017-08-01 17:59:00",TRUE,521790.692897066,8024718.25595114
17003,"2017-08-21 12:01:13","2017-08-01 17:59:00",TRUE,523696.252335558,8023733.12813103
17003,"2017-08-21 13:01:13","2017-08-01 17:59:00",TRUE,524317.503629571,8020912.98325938
17003,"2017-08-21 14:01:13","2017-08-01 17:59:00",TRUE,523418.915357227,8014862.36263186
17003,"2017-08-21 15:01:13","2017-08-01 17:59:00",TRUE,519163.809256368,8011364.77663054
17003,"2017-08-21 16:01:13","2017-08-01 17:59:00",TRUE,517036.182477694,8011717.1765493
17003,"2017-08-21 17:01:13","2017-08-01 17:59:00",TRUE,518117.049292379,8006387.74663725
17003,"2017-08-21 18:01:13","2017-08-01 17:59:00",TRUE,518959.990050161,8000699.53970925
17003,"2017-08-21 19:01:13","2017-08-01 17:59:00",TRUE,518095.626503837,7997180.06068328
17003,"2017-08-21 20:01:13","2017-08-01 17:59:00",TRUE,518363.072529923,7996188.97194645
17003,"2017-08-21 21:01:13","2017-08-01 17:59:00",TRUE,517298.821948802,7993890.96386827
17003,"2017-08-21 22:01:13","2017-08-01 17:59:00",TRUE,518005.316423234,7994159.81910328
17003,"2017-08-21 23:01:13","2017-08-01 17:59:00",TRUE,517167.882160873,7995176.97828411
17003,"2017-08-22 00:01:13","2017-08-01 17:59:00",TRUE,518038.449726431,7996263.79330573
17003,"2017-08-22 01:01:13","2017-08-01 17:59:00",TRUE,516953.527758821,7997322.09293035
17003,"2017-08-22 02:01:13","2017-08-01 17:59:00",TRUE,515670.400857334,8000065.27211627
17003,"2017-08-22 03:01:13","2017-08-01 17:59:00",TRUE,515891.119152965,7999383.76589684
17003,"2017-08-22 04:01:13","2017-08-01 17:59:00",TRUE,516884.793098891,8000576.24642991
17003,"2017-08-22 05:01:13","2017-08-01 17:59:00",TRUE,517109.521171519,8002941.63093791
17003,"2017-08-22 06:01:13","2017-08-01 17:59:00",TRUE,516986.989160787,8003453.86446806
17003,"2017-08-22 07:01:13","2017-08-01 17:59:00",TRUE,516045.865755307,8006344.01730933
17003,"2017-08-22 08:01:13","2017-08-01 17:59:00",TRUE,512955.194898038,8010175.8993316
17003,"2017-08-22 09:01:13","2017-08-01 17:59:00",TRUE,510103.034906556,8011133.3517209
17003,"2017-08-22 10:01:13","2017-08-01 17:59:00",TRUE,510455.959814009,8013109.17160196
17003,"2017-08-22 11:01:13","2017-08-01 17:59:00",TRUE,511390.708335965,8013127.94944551
17003,"2017-08-22 12:01:13","2017-08-01 17:59:00",TRUE,510731.748258629,8015269.00438652
17003,"2017-08-22 13:01:13","2017-08-01 17:59:00",TRUE,511309.923140843,8016696.90726352
17003,"2017-08-22 14:01:13","2017-08-01 17:59:00",TRUE,510702.110662859,8016061.32424832
17003,"2017-08-22 15:01:13","2017-08-01 17:59:00",TRUE,511938.448711353,8016090.99808181
17003,"2017-08-22 16:01:13","2017-08-01 17:59:00",TRUE,512064.889488526,8013120.6961087
17003,"2017-08-22 17:01:13","2017-08-01 17:59:00",TRUE,506878.18029158,8007504.67520148
17003,"2017-08-22 18:01:13","2017-08-01 17:59:00",TRUE,511739.361441016,8002653.34521478
17003,"2017-08-22 19:01:13","2017-08-01 17:59:00",TRUE,515903.249428299,7998494.09003042
17003,"2017-08-22 20:01:13","2017-08-01 17:59:00",TRUE,516201.933791181,7993731.05560577
17003,"2017-08-23 00:25:20","2017-08-01 17:59:00",TRUE,511999.441413186,7991900.75382275
17003,"2017-08-23 01:25:20","2017-08-01 17:59:00",TRUE,514498.675243852,7991018.41995172
17003,"2017-08-23 02:25:20","2017-08-01 17:59:00",TRUE,515732.828784629,7991567.83412929
17003,"2017-08-23 03:25:20","2017-08-01 17:59:00",TRUE,513199.887031731,7990228.25900564
17003,"2017-08-23 04:25:20","2017-08-01 17:59:00",TRUE,509056.090838311,7988682.8580271
17003,"2017-08-23 05:25:20","2017-08-01 17:59:00",TRUE,507978.008760898,7986591.95052088
17003,"2017-08-23 06:25:20","2017-08-01 17:59:00",TRUE,507339.123818101,7984364.02038872
17003,"2017-08-23 07:25:20","2017-08-01 17:59:00",TRUE,507830.757223236,7985032.05725475
17003,"2017-08-23 08:25:20","2017-08-01 17:59:00",TRUE,508081.816374828,7987882.45073375
17003,"2017-08-23 09:25:20","2017-08-01 17:59:00",TRUE,509500.201616055,7991813.81322778
17003,"2017-08-23 10:25:20","2017-08-01 17:59:00",TRUE,509157.77253507,7995586.83984349
17003,"2017-08-23 11:25:20","2017-08-01 17:59:00",TRUE,512135.70340887,7995731.86153684
17003,"2017-08-23 12:25:20","2017-08-01 17:59:00",TRUE,514923.915395795,7995976.6915103
17003,"2017-08-23 13:25:20","2017-08-01 17:59:00",TRUE,517486.37756993,7996573.38793407
17003,"2017-08-23 14:25:20","2017-08-01 17:59:00",TRUE,516315.302592855,7996293.14988706
17003,"2017-08-23 15:25:20","2017-08-01 17:59:00",TRUE,517685.430969371,7996239.56559604
17003,"2017-08-23 16:25:20","2017-08-01 17:59:00",TRUE,516745.78835334,7993473.5034968
17003,"2017-08-23 17:25:20","2017-08-01 17:59:00",TRUE,516965.812356125,7992595.27753359
17003,"2017-08-24 00:03:09","2017-08-01 17:59:00",TRUE,511382.938457633,8013626.22775828
17003,"2017-08-24 01:03:09","2017-08-01 17:59:00",TRUE,509181.648357199,8013849.25847418
17003,"2017-08-24 02:03:09","2017-08-01 17:59:00",TRUE,510271.16260818,8012981.61929937
17003,"2017-08-24 03:03:09","2017-08-01 17:59:00",TRUE,510157.370589025,8012061.80324038
17003,"2017-08-24 04:03:09","2017-08-01 17:59:00",TRUE,508875.224663371,8014071.98350786
17003,"2017-08-24 05:03:09","2017-08-01 17:59:00",TRUE,509832.151773583,8015706.49069129
17003,"2017-08-24 06:03:09","2017-08-01 17:59:00",TRUE,510274.250209955,8016667.86176545
17003,"2017-08-24 07:03:09","2017-08-01 17:59:00",TRUE,510088.971620234,8014580.76487612
17003,"2017-08-24 08:03:09","2017-08-01 17:59:00",TRUE,510339.051101156,8013130.55263184
17003,"2017-08-24 09:03:09","2017-08-01 17:59:00",TRUE,511337.814754694,8011879.45422401
17003,"2017-08-24 10:03:09","2017-08-01 17:59:00",TRUE,510091.955354544,8014266.14676379
17003,"2017-08-24 11:03:09","2017-08-01 17:59:00",TRUE,506436.119802799,8012814.15525774
17003,"2017-08-24 12:03:09","2017-08-01 17:59:00",TRUE,507006.075950829,8013261.12611371
17003,"2017-08-24 13:03:09","2017-08-01 17:59:00",TRUE,507504.319437454,8013574.96754343
17003,"2017-08-24 14:03:09","2017-08-01 17:59:00",TRUE,506760.14689979,8010590.506332
17003,"2017-08-24 15:03:09","2017-08-01 17:59:00",TRUE,506879.928436974,8009283.50891734
17003,"2017-08-24 16:03:09","2017-08-01 17:59:00",TRUE,508376.502703898,8007907.60768895
17003,"2017-08-24 17:03:09","2017-08-01 17:59:00",TRUE,508774.483840235,8009244.26177025
17003,"2017-08-24 18:03:09","2017-08-01 17:59:00",TRUE,510516.680389212,8010344.27541977
17003,"2017-08-24 19:03:09","2017-08-01 17:59:00",TRUE,511474.60504657,8012361.94746616
17003,"2017-08-24 20:03:09","2017-08-01 17:59:00",TRUE,511301.316326152,8013787.11811226
17003,"2017-08-25 00:04:12","2017-08-01 17:59:00",TRUE,510126.093813675,8018293.40905889
17003,"2017-08-25 01:04:12","2017-08-01 17:59:00",TRUE,512173.495799302,8019007.4693802
17003,"2017-08-25 02:04:12","2017-08-01 17:59:00",TRUE,511411.056372851,8021375.55491877
17003,"2017-08-25 03:04:12","2017-08-01 17:59:00",TRUE,510124.806246032,8023250.95056977
17003,"2017-08-25 04:04:12","2017-08-01 17:59:00",TRUE,511483.187269756,8024283.51704142
17003,"2017-08-25 05:04:12","2017-08-01 17:59:00",TRUE,512250.516002221,8026705.70328134
17003,"2017-08-25 06:04:12","2017-08-01 17:59:00",TRUE,512252.815514944,8025507.04580323
17003,"2017-08-25 07:04:12","2017-08-01 17:59:00",TRUE,513033.444836321,8020675.66179435
17003,"2017-08-25 08:04:12","2017-08-01 17:59:00",TRUE,511768.616016778,8020640.25947201
17003,"2017-08-25 09:04:12","2017-08-01 17:59:00",TRUE,509632.543553193,8022010.22803468
17003,"2017-08-25 10:04:12","2017-08-01 17:59:00",TRUE,508003.359435583,8020712.70117023
17003,"2017-08-25 11:04:12","2017-08-01 17:59:00",TRUE,508651.648311205,8020518.72157073
17003,"2017-08-25 12:04:12","2017-08-01 17:59:00",TRUE,509610.811546989,8020798.30016566
17003,"2017-08-25 13:04:12","2017-08-01 17:59:00",TRUE,510733.122822168,8022053.35631285
17003,"2017-08-25 14:04:12","2017-08-01 17:59:00",TRUE,511797.784040744,8023978.48660357
17003,"2017-08-25 15:04:12","2017-08-01 17:59:00",TRUE,512610.247842995,8025147.95443217
17003,"2017-08-25 16:04:12","2017-08-01 17:59:00",TRUE,512776.367235727,8026146.57753394
17003,"2017-08-25 17:04:12","2017-08-01 17:59:00",TRUE,512234.851825102,8026056.41390485
17003,"2017-08-25 18:04:12","2017-08-01 17:59:00",TRUE,512210.794560158,8025416.34544269
17003,"2017-08-25 19:04:12","2017-08-01 17:59:00",TRUE,512627.042772159,8025275.84518995
17003,"2017-08-25 20:04:12","2017-08-01 17:59:00",TRUE,511768.271926644,8025661.30100436
17003,"2017-08-25 21:04:12","2017-08-01 17:59:00",TRUE,511508.97975454,8025012.88991075
17003,"2017-08-26 11:47:50","2017-08-01 17:59:00",TRUE,509657.824577302,8017365.3130602
17003,"2017-08-26 12:47:50","2017-08-01 17:59:00",TRUE,510441.240062268,8020590.32996846
17003,"2017-08-26 13:47:50","2017-08-01 17:59:00",TRUE,512409.743616097,8021404.43610804
17003,"2017-08-26 14:47:50","2017-08-01 17:59:00",TRUE,509471.492532771,8019394.4010402
17003,"2017-08-26 15:47:50","2017-08-01 17:59:00",TRUE,507517.986488686,8015658.57057147
17003,"2017-08-26 16:47:50","2017-08-01 17:59:00",TRUE,509028.80490864,8011616.99617751
17003,"2017-08-26 17:47:50","2017-08-01 17:59:00",TRUE,510252.977439708,8012548.148616
17003,"2017-08-27 07:05:58","2017-08-01 17:59:00",TRUE,517972.923079342,8017678.0112165
17003,"2017-08-27 08:05:58","2017-08-01 17:59:00",TRUE,517862.705618156,8019436.94339181
17003,"2017-08-27 09:05:58","2017-08-01 17:59:00",TRUE,517522.981295999,8021170.305541
17003,"2017-08-27 10:05:58","2017-08-01 17:59:00",TRUE,517310.493401303,8022666.46615997
17003,"2017-08-27 11:05:58","2017-08-01 17:59:00",TRUE,517090.577697636,8023582.81714993
17003,"2017-08-27 12:05:58","2017-08-01 17:59:00",TRUE,515685.494475408,8022624.82744369
17003,"2017-08-27 13:05:58","2017-08-01 17:59:00",TRUE,515016.438513558,8022880.53831931
17003,"2017-08-27 14:05:58","2017-08-01 17:59:00",TRUE,513592.813938204,8023293.8253555
17003,"2017-08-27 15:05:58","2017-08-01 17:59:00",TRUE,513159.874763891,8022764.95515847
17003,"2017-08-27 16:05:58","2017-08-01 17:59:00",TRUE,514325.60000901,8021841.45633871
17003,"2017-08-27 17:05:58","2017-08-01 17:59:00",TRUE,515487.10578077,8022078.68799211
17003,"2017-08-27 18:05:58","2017-08-01 17:59:00",TRUE,512661.556779022,8018720.34202494
17003,"2017-08-27 19:05:58","2017-08-01 17:59:00",TRUE,510905.533766871,8018548.71391214
17003,"2017-08-27 20:05:58","2017-08-01 17:59:00",TRUE,510717.104571863,8018024.44833209
17003,"2017-08-28 01:42:05","2017-08-01 17:59:00",TRUE,520498.202386304,8016530.46944181
17003,"2017-08-28 02:42:05","2017-08-01 17:59:00",TRUE,520001.257345898,8016186.7507298
17003,"2017-08-28 03:42:05","2017-08-01 17:59:00",TRUE,520357.34819265,8018223.21568571
17003,"2017-08-28 04:42:05","2017-08-01 17:59:00",TRUE,518683.843043317,8018564.18101509
17003,"2017-08-28 05:42:05","2017-08-01 17:59:00",TRUE,516172.506705223,8014471.67250153
17003,"2017-08-28 06:42:05","2017-08-01 17:59:00",TRUE,511492.675195507,8015400.42276977
17003,"2017-08-28 07:42:05","2017-08-01 17:59:00",TRUE,509812.925367311,8019362.36015529
17003,"2017-08-28 08:42:05","2017-08-01 17:59:00",TRUE,508983.040262225,8021108.12922761
17003,"2017-08-28 09:42:05","2017-08-01 17:59:00",TRUE,508997.488547891,8020911.05769022
17003,"2017-08-28 10:42:05","2017-08-01 17:59:00",TRUE,510007.43942731,8020795.92145999
17003,"2017-08-28 11:42:05","2017-08-01 17:59:00",TRUE,511745.930686091,8021752.01327685
17003,"2017-08-28 12:42:05","2017-08-01 17:59:00",TRUE,514526.407328441,8021742.23075319
17003,"2017-08-28 15:43:09","2017-08-01 17:59:00",TRUE,514142.20919517,8024630.84512984
17003,"2017-08-28 16:43:09","2017-08-01 17:59:00",TRUE,515117.958309374,8023118.83440682
17003,"2017-08-28 17:43:09","2017-08-01 17:59:00",TRUE,516701.291846297,8022188.51889836
17003,"2017-08-28 18:43:09","2017-08-01 17:59:00",TRUE,516426.551996824,8022008.03831392
17003,"2017-08-28 19:43:09","2017-08-01 17:59:00",TRUE,515995.922988572,8023757.01804083
17003,"2017-08-28 20:43:09","2017-08-01 17:59:00",TRUE,515983.721973196,8024269.86425858
17003,"2017-08-28 21:43:09","2017-08-01 17:59:00",TRUE,516358.21102039,8020176.19596508
17003,"2017-08-29 06:41:32","2017-08-01 17:59:00",TRUE,512104.491791373,8024126.91796709
17003,"2017-08-29 07:41:32","2017-08-01 17:59:00",TRUE,513585.988321453,8023508.63533095
17003,"2017-08-29 08:41:32","2017-08-01 17:59:00",TRUE,513642.072394053,8022018.53627305
17003,"2017-08-29 09:41:32","2017-08-01 17:59:00",TRUE,513962.888909806,8023169.67109427
17003,"2017-08-29 10:41:32","2017-08-01 17:59:00",TRUE,515177.882943006,8023589.21377551
17003,"2017-08-29 11:41:32","2017-08-01 17:59:00",TRUE,515648.489244801,8022739.24150564
17003,"2017-08-29 12:41:32","2017-08-01 17:59:00",TRUE,514458.338721329,8019916.56378102
17003,"2017-08-29 13:41:32","2017-08-01 17:59:00",TRUE,509453.220977584,8014068.07992091
17003,"2017-08-29 14:41:32","2017-08-01 17:59:00",TRUE,506384.38716718,8012094.61683052
17003,"2017-08-29 16:41:32","2017-08-01 17:59:00",TRUE,510211.935664723,8003954.5659715
17003,"2017-08-29 17:41:32","2017-08-01 17:59:00",TRUE,515713.172628596,7999269.34944374
17003,"2017-08-29 18:41:32","2017-08-01 17:59:00",TRUE,514509.211003673,7993822.0064559
17003,"2017-08-29 19:41:32","2017-08-01 17:59:00",TRUE,510830.190445521,7995789.46948339
17003,"2017-08-29 20:41:32","2017-08-01 17:59:00",TRUE,512537.287672761,7994737.37159093
17003,"2017-08-29 21:41:32","2017-08-01 17:59:00",TRUE,515348.036884849,7993723.47057539
17003,"2017-08-30 08:36:35","2017-08-01 17:59:00",TRUE,521942.587343342,8013868.20739644
17003,"2017-08-30 09:36:35","2017-08-01 17:59:00",TRUE,519050.222500332,8012481.92067524
17003,"2017-08-30 10:36:35","2017-08-01 17:59:00",TRUE,516559.749413416,8008860.94826361
17003,"2017-08-30 11:36:35","2017-08-01 17:59:00",TRUE,515683.793538393,8003125.9005596
17003,"2017-08-30 12:36:35","2017-08-01 17:59:00",TRUE,511804.574030881,8005087.11499433
17003,"2017-08-30 13:36:35","2017-08-01 17:59:00",TRUE,508985.863117005,8007519.42085415
17003,"2017-08-30 14:36:35","2017-08-01 17:59:00",TRUE,510231.229024019,8010176.28688416
17003,"2017-08-30 15:36:35","2017-08-01 17:59:00",TRUE,510429.78984256,8010582.0308283
17003,"2017-08-30 16:36:35","2017-08-01 17:59:00",TRUE,506027.97452945,8011240.12019694
17003,"2017-08-30 17:36:35","2017-08-01 17:59:00",TRUE,506614.274562302,8010440.18086221
17003,"2017-08-30 18:36:35","2017-08-01 17:59:00",TRUE,507075.053116795,8009531.30809396
17003,"2017-08-31 00:00:00","2017-08-01 17:59:00",TRUE,506394.332651993,8010068.6411251
17003,"2017-08-31 01:00:00","2017-08-01 17:59:00",TRUE,508084.788308447,8010289.49555474
17003,"2017-08-31 02:00:00","2017-08-01 17:59:00",TRUE,509910.628597609,8010472.75212978
17003,"2017-08-31 03:00:00","2017-08-01 17:59:00",TRUE,508841.574161275,8010109.71548002
17003,"2017-08-31 04:00:00","2017-08-01 17:59:00",TRUE,508262.72678193,8009117.01430269
17003,"2017-08-31 05:00:00","2017-08-01 17:59:00",TRUE,509777.716058931,8008050.91295331
17003,"2017-08-31 06:00:00","2017-08-01 17:59:00",TRUE,508262.258413058,8009265.96179022
17003,"2017-08-31 07:00:00","2017-08-01 17:59:00",TRUE,508579.981978312,8009083.85739675
17003,"2017-08-31 08:00:00","2017-08-01 17:59:00",TRUE,508929.804067729,8005730.9383565
17003,"2017-08-31 09:00:00","2017-08-01 17:59:00",TRUE,513059.470325776,8003205.89392979
17003,"2017-08-31 10:00:00","2017-08-01 17:59:00",TRUE,510140.85826626,8006254.2613779
17004,"2017-08-04 09:01:13","2017-08-03 08:44:00",TRUE,505631.056892971,8040206.08191321
17004,"2017-08-04 10:01:13","2017-08-03 08:44:00",TRUE,501280.335701137,8037831.77682442
17004,"2017-08-04 11:01:13","2017-08-03 08:44:00",TRUE,499913.249390546,8034759.24734856
17004,"2017-08-04 12:01:13","2017-08-03 08:44:00",TRUE,499569.845911309,8033187.81456016
17004,"2017-08-04 13:01:13","2017-08-03 08:44:00",TRUE,500424.87011808,8033327.54866362
17004,"2017-08-04 14:01:13","2017-08-03 08:44:00",TRUE,501123.666698642,8033627.40209735
17004,"2017-08-04 15:01:13","2017-08-03 08:44:00",TRUE,501747.454000366,8034431.95856848
17004,"2017-08-04 16:01:13","2017-08-03 08:44:00",TRUE,502523.239951071,8035879.16349488
17004,"2017-08-04 17:01:13","2017-08-03 08:44:00",TRUE,502461.378700118,8036465.60543813
17004,"2017-08-04 18:01:13","2017-08-03 08:44:00",TRUE,502443.746113142,8037521.59828399
17004,"2017-08-05 00:16:17","2017-08-03 08:44:00",TRUE,507873.161560672,8046638.74340422
17004,"2017-08-05 01:16:17","2017-08-03 08:44:00",TRUE,504819.189045641,8041483.28351143
17004,"2017-08-05 02:16:17","2017-08-03 08:44:00",TRUE,502276.241272529,8037350.82804815
17004,"2017-08-05 03:16:17","2017-08-03 08:44:00",TRUE,501545.539592434,8035312.1185749
17004,"2017-08-05 04:16:17","2017-08-03 08:44:00",TRUE,501056.755845772,8033816.21257848
17004,"2017-08-05 05:16:17","2017-08-03 08:44:00",TRUE,501716.151874294,8035064.60560797
17004,"2017-08-05 06:16:17","2017-08-03 08:44:00",TRUE,502649.806427961,8037125.51544035
17004,"2017-08-05 07:16:17","2017-08-03 08:44:00",TRUE,505817.568573062,8039836.85865157
17004,"2017-08-05 08:16:17","2017-08-03 08:44:00",TRUE,508478.403593437,8041179.95004669
17004,"2017-08-05 09:16:17","2017-08-03 08:44:00",TRUE,511201.11424867,8045317.38706785
17004,"2017-08-05 10:16:17","2017-08-03 08:44:00",TRUE,511505.643303993,8047303.07883506
17004,"2017-08-05 11:16:17","2017-08-03 08:44:00",TRUE,507405.829663444,8045855.51278272
17004,"2017-08-05 12:16:17","2017-08-03 08:44:00",TRUE,504127.647984295,8041094.76984106
17004,"2017-08-05 13:16:17","2017-08-03 08:44:00",TRUE,501401.443523507,8036447.47223001
17004,"2017-08-05 14:16:17","2017-08-03 08:44:00",TRUE,501493.550393948,8035146.77551455
17004,"2017-08-05 15:16:17","2017-08-03 08:44:00",TRUE,501468.661411588,8034513.79734147
17004,"2017-08-05 16:16:17","2017-08-03 08:44:00",TRUE,502389.024715938,8036619.28426906
17004,"2017-08-05 17:16:17","2017-08-03 08:44:00",TRUE,503320.661349431,8039217.42142188
17004,"2017-08-05 18:16:17","2017-08-03 08:44:00",TRUE,505348.53772167,8040731.92433269
17004,"2017-08-06 00:08:48","2017-08-03 08:44:00",TRUE,500185.836835543,8031174.14265043
17004,"2017-08-06 01:08:48","2017-08-03 08:44:00",TRUE,500569.616846269,8031556.92318012
17004,"2017-08-06 02:08:48","2017-08-03 08:44:00",TRUE,501262.611218298,8033954.49442256
17004,"2017-08-06 03:08:48","2017-08-03 08:44:00",TRUE,501844.432584193,8036113.71092519
17004,"2017-08-06 04:08:48","2017-08-03 08:44:00",TRUE,502296.929850124,8037782.5460703
17004,"2017-08-06 05:08:48","2017-08-03 08:44:00",TRUE,503425.526438616,8039166.35262478
17004,"2017-08-06 06:08:48","2017-08-03 08:44:00",TRUE,504661.096016488,8040301.43760417
17004,"2017-08-06 07:08:48","2017-08-03 08:44:00",TRUE,504189.148915962,8041046.26317074
17004,"2017-08-06 08:08:48","2017-08-03 08:44:00",TRUE,501603.404078331,8036735.35623418
17004,"2017-08-06 09:08:48","2017-08-03 08:44:00",TRUE,500582.408980907,8033113.90144591
17004,"2017-08-06 10:08:48","2017-08-03 08:44:00",TRUE,499989.003283269,8032262.86947275
17004,"2017-08-06 11:08:48","2017-08-03 08:44:00",TRUE,500041.726928829,8032114.00759208
17004,"2017-08-06 12:08:48","2017-08-03 08:44:00",TRUE,499804.248071363,8032249.03136778
17004,"2017-08-06 13:08:48","2017-08-03 08:44:00",TRUE,499987.254099702,8032285.50423683
17004,"2017-08-06 14:08:48","2017-08-03 08:44:00",TRUE,500105.580135944,8031941.93863913
17004,"2017-08-06 15:08:48","2017-08-03 08:44:00",TRUE,500597.02261513,8032959.7079565
17004,"2017-08-06 16:08:48","2017-08-03 08:44:00",TRUE,500565.360512985,8033825.00050553
17004,"2017-08-06 17:08:48","2017-08-03 08:44:00",TRUE,501020.252245137,8034838.75741009
17004,"2017-08-06 18:08:48","2017-08-03 08:44:00",TRUE,501370.577025776,8037533.79826093
17004,"2017-08-07 00:12:19","2017-08-03 08:44:00",TRUE,501639.118519872,8034889.2831318
17004,"2017-08-07 01:12:19","2017-08-03 08:44:00",TRUE,501885.862304006,8036078.04494692
17004,"2017-08-07 02:12:19","2017-08-03 08:44:00",TRUE,502739.158361761,8037806.50630579
17004,"2017-08-07 03:12:19","2017-08-03 08:44:00",TRUE,503841.834908581,8039640.88528158
17004,"2017-08-07 04:12:19","2017-08-03 08:44:00",TRUE,504419.754417935,8040793.78311393
17004,"2017-08-07 05:12:19","2017-08-03 08:44:00",TRUE,507849.569335825,8042097.38037693
17004,"2017-08-07 06:12:19","2017-08-03 08:44:00",TRUE,510076.152416661,8044940.38707556
17004,"2017-08-07 07:12:19","2017-08-03 08:44:00",TRUE,511288.471781165,8049461.99588965
17004,"2017-08-07 08:12:19","2017-08-03 08:44:00",TRUE,511122.492163926,8049456.34549011
17004,"2017-08-07 09:12:19","2017-08-03 08:44:00",TRUE,510483.846692546,8048809.88232934
17004,"2017-08-07 10:12:19","2017-08-03 08:44:00",TRUE,508433.858023879,8046332.94685027
17004,"2017-08-07 11:12:19","2017-08-03 08:44:00",TRUE,504509.862499027,8041446.41738853
17004,"2017-08-07 12:12:19","2017-08-03 08:44:00",TRUE,502214.270870124,8037481.77981902
17004,"2017-08-07 13:12:19","2017-08-03 08:44:00",TRUE,501743.054725364,8036046.38439656
17004,"2017-08-07 14:12:19","2017-08-03 08:44:00",TRUE,501876.998362372,8037478.80308714
17004,"2017-08-07 15:12:19","2017-08-03 08:44:00",TRUE,500868.26291529,8035057.81307838
17004,"2017-08-07 16:12:19","2017-08-03 08:44:00",TRUE,501749.887381175,8035679.48301065
17004,"2017-08-07 17:12:19","2017-08-03 08:44:00",TRUE,502284.520113662,8038058.60075862
17004,"2017-08-07 18:12:19","2017-08-03 08:44:00",TRUE,504625.103853634,8041705.97933492
17004,"2017-08-07 23:59:58","2017-08-03 08:44:00",TRUE,517862.594049473,8041705.02880058
17004,"2017-08-08 00:59:58","2017-08-03 08:44:00",TRUE,516597.37675926,8035703.95534714
17004,"2017-08-08 01:59:58","2017-08-03 08:44:00",TRUE,517530.387221441,8038879.11880807
17004,"2017-08-08 02:59:58","2017-08-03 08:44:00",TRUE,517881.253861989,8042045.71721548
17004,"2017-08-08 03:59:58","2017-08-03 08:44:00",TRUE,517566.812255725,8044015.20365962
17004,"2017-08-08 04:59:58","2017-08-03 08:44:00",TRUE,516803.875936912,8036526.63216486
17004,"2017-08-08 05:59:58","2017-08-03 08:44:00",TRUE,516641.393944976,8031320.9425359
17004,"2017-08-08 06:59:58","2017-08-03 08:44:00",TRUE,511018.331377161,8026657.3925079
17004,"2017-08-08 07:59:58","2017-08-03 08:44:00",TRUE,507351.653925128,8020335.46672351
17004,"2017-08-08 08:59:58","2017-08-03 08:44:00",TRUE,505094.026600178,8014381.15524488
17004,"2017-08-08 09:59:58","2017-08-03 08:44:00",TRUE,505215.957792768,8010642.96469894
17004,"2017-08-08 10:59:58","2017-08-03 08:44:00",TRUE,504419.793392895,8009908.40054755
17004,"2017-08-08 11:59:58","2017-08-03 08:44:00",TRUE,505301.509151472,8009531.25866788
17004,"2017-08-08 12:59:58","2017-08-03 08:44:00",TRUE,508518.749649084,8005606.42603491
17004,"2017-08-08 13:59:58","2017-08-03 08:44:00",TRUE,514317.483802594,8000665.97649619
17004,"2017-08-08 14:59:58","2017-08-03 08:44:00",TRUE,517317.917192378,7995591.52681774
17004,"2017-08-08 15:59:58","2017-08-03 08:44:00",TRUE,515670.56777002,7994305.50474781
17004,"2017-08-08 16:59:58","2017-08-03 08:44:00",TRUE,514446.669074639,7993728.13420905
17004,"2017-08-08 17:59:58","2017-08-03 08:44:00",TRUE,516118.865885207,7993918.39696141
17004,"2017-08-09 00:02:16","2017-08-03 08:44:00",TRUE,517921.826852698,8011843.55212227
17004,"2017-08-09 01:02:16","2017-08-03 08:44:00",TRUE,516866.710916324,8016025.01690529
17004,"2017-08-09 02:02:16","2017-08-03 08:44:00",TRUE,514416.01006508,8018330.81141463
17004,"2017-08-09 03:02:16","2017-08-03 08:44:00",TRUE,513377.315371886,8020813.42131399
17004,"2017-08-09 04:02:16","2017-08-03 08:44:00",TRUE,514294.656532669,8022722.03349117
17004,"2017-08-09 05:02:16","2017-08-03 08:44:00",TRUE,515117.243406525,8023132.64734279
17004,"2017-08-09 06:02:16","2017-08-03 08:44:00",TRUE,515678.754589056,8023687.41748328
17004,"2017-08-09 07:02:16","2017-08-03 08:44:00",TRUE,516433.573518678,8025594.82667578
17004,"2017-08-09 08:02:16","2017-08-03 08:44:00",TRUE,515241.885051392,8027812.06902502
17004,"2017-08-09 09:02:16","2017-08-03 08:44:00",TRUE,512434.364036552,8025752.11420594
17004,"2017-08-09 10:02:16","2017-08-03 08:44:00",TRUE,512475.32691931,8022905.13191153
17004,"2017-08-09 11:02:16","2017-08-03 08:44:00",TRUE,513107.114740187,8023653.86174871
17004,"2017-08-09 12:02:16","2017-08-03 08:44:00",TRUE,513027.179704954,8024198.58109833
17004,"2017-08-09 13:02:16","2017-08-03 08:44:00",TRUE,511876.033155,8022414.19245735
17004,"2017-08-09 14:02:16","2017-08-03 08:44:00",TRUE,507075.896126366,8019635.3644893
17004,"2017-08-09 15:02:16","2017-08-03 08:44:00",TRUE,505710.162121022,8014493.68060194
17004,"2017-08-09 16:02:16","2017-08-03 08:44:00",TRUE,506072.996650815,8010989.79544742
17004,"2017-08-09 17:02:16","2017-08-03 08:44:00",TRUE,506615.997507097,8009117.7292663
17004,"2017-08-09 18:02:16","2017-08-03 08:44:00",TRUE,506224.42636628,8008216.2858013
17004,"2017-08-10 00:04:05","2017-08-03 08:44:00",TRUE,506117.528200709,8011305.94107332
17004,"2017-08-10 01:04:05","2017-08-03 08:44:00",TRUE,506618.099686963,8011968.24342018
17004,"2017-08-10 02:04:05","2017-08-03 08:44:00",TRUE,507447.93846316,8012162.06302601
17004,"2017-08-10 03:04:05","2017-08-03 08:44:00",TRUE,506607.673523266,8015720.12914962
17004,"2017-08-10 04:04:05","2017-08-03 08:44:00",TRUE,507460.624257934,8020067.38025701
17004,"2017-08-10 05:04:05","2017-08-03 08:44:00",TRUE,508788.473325781,8022152.92150634
17004,"2017-08-10 06:04:05","2017-08-03 08:44:00",TRUE,509938.658240438,8019621.871847
17004,"2017-08-10 07:04:05","2017-08-03 08:44:00",TRUE,510228.408955485,8019052.58808013
17004,"2017-08-10 08:04:05","2017-08-03 08:44:00",TRUE,513247.411086532,8019165.16139862
17004,"2017-08-10 09:04:05","2017-08-03 08:44:00",TRUE,515373.423952207,8017271.48261652
17004,"2017-08-10 10:04:05","2017-08-03 08:44:00",TRUE,515916.208208875,8015973.43328268
17004,"2017-08-10 11:04:05","2017-08-03 08:44:00",TRUE,517533.238663015,8014814.52912409
17004,"2017-08-10 12:04:05","2017-08-03 08:44:00",TRUE,519902.468363094,8015325.6293741
17004,"2017-08-10 13:04:05","2017-08-03 08:44:00",TRUE,521946.771878145,8015820.12774877
17004,"2017-08-10 14:04:05","2017-08-03 08:44:00",TRUE,524057.979441565,8016533.48835553
17004,"2017-08-10 15:04:05","2017-08-03 08:44:00",TRUE,523967.304724909,8020702.76061923
17004,"2017-08-10 16:04:05","2017-08-03 08:44:00",TRUE,524189.81728679,8023667.91137937
17004,"2017-08-10 17:04:05","2017-08-03 08:44:00",TRUE,524169.486763736,8026736.77041552
17004,"2017-08-10 18:04:05","2017-08-03 08:44:00",TRUE,524692.058458843,8029959.87586245
17004,"2017-08-11 00:12:29","2017-08-03 08:44:00",TRUE,521659.618039465,8044051.35220736
17004,"2017-08-11 01:12:29","2017-08-03 08:44:00",TRUE,522220.10336627,8044250.90083132
17004,"2017-08-11 02:12:29","2017-08-03 08:44:00",TRUE,522640.648115528,8045336.28385371
17004,"2017-08-11 03:12:29","2017-08-03 08:44:00",TRUE,522763.718120349,8047423.61783804
17004,"2017-08-11 04:12:29","2017-08-03 08:44:00",TRUE,524925.980711879,8048991.64406366
17004,"2017-08-11 05:12:29","2017-08-03 08:44:00",TRUE,526685.185466479,8051172.21332195
17004,"2017-08-11 06:12:29","2017-08-03 08:44:00",TRUE,528804.707192302,8051421.08179163
17004,"2017-08-11 07:12:29","2017-08-03 08:44:00",TRUE,529520.960862091,8052239.3508087
17004,"2017-08-11 08:12:29","2017-08-03 08:44:00",TRUE,530431.433302558,8052507.61095607
17004,"2017-08-11 09:12:29","2017-08-03 08:44:00",TRUE,530753.372787824,8053316.12485042
17004,"2017-08-11 10:12:29","2017-08-03 08:44:00",TRUE,530562.18685487,8053198.38443057
17004,"2017-08-11 11:12:29","2017-08-03 08:44:00",TRUE,530632.000547889,8052980.94680571
17004,"2017-08-11 12:12:29","2017-08-03 08:44:00",TRUE,530376.976751059,8055109.18201367
17004,"2017-08-11 13:12:29","2017-08-03 08:44:00",TRUE,530654.61496364,8056150.88945645
17004,"2017-08-11 14:12:29","2017-08-03 08:44:00",TRUE,531503.157446992,8056892.66857481
17004,"2017-08-11 15:12:29","2017-08-03 08:44:00",TRUE,531154.716065174,8057866.31562016
17004,"2017-08-11 16:12:29","2017-08-03 08:44:00",TRUE,530309.955599525,8058225.31928916
17004,"2017-08-11 17:12:29","2017-08-03 08:44:00",TRUE,529531.078583625,8057951.27611126
17004,"2017-08-11 18:12:29","2017-08-03 08:44:00",TRUE,529731.619713432,8058409.91214349
17004,"2017-08-11 19:12:29","2017-08-03 08:44:00",TRUE,529837.510967492,8057854.14871967
17004,"2017-08-11 20:12:29","2017-08-03 08:44:00",TRUE,530553.321073314,8057505.0378798
17004,"2017-08-12 00:00:07","2017-08-03 08:44:00",TRUE,531192.399096087,8057251.38991324
17004,"2017-08-12 01:00:07","2017-08-03 08:44:00",TRUE,533399.613039479,8054258.35332098
17004,"2017-08-12 02:00:07","2017-08-03 08:44:00",TRUE,532817.144544758,8053796.68259767
17004,"2017-08-12 03:00:07","2017-08-03 08:44:00",TRUE,532758.32711384,8052991.70605798
17004,"2017-08-12 04:00:07","2017-08-03 08:44:00",TRUE,534071.810656613,8052955.35178861
17004,"2017-08-12 05:00:07","2017-08-03 08:44:00",TRUE,534498.033966126,8052960.95461448
17004,"2017-08-12 06:00:07","2017-08-03 08:44:00",TRUE,535565.152496483,8051995.14744928
17004,"2017-08-12 07:00:07","2017-08-03 08:44:00",TRUE,535067.333583986,8051782.37105471
17004,"2017-08-12 08:00:07","2017-08-03 08:44:00",TRUE,535186.652712406,8053490.3890321
17004,"2017-08-12 09:00:07","2017-08-03 08:44:00",TRUE,535515.312565099,8054179.02286387
17004,"2017-08-12 10:00:07","2017-08-03 08:44:00",TRUE,534896.845376487,8053930.46169229
17004,"2017-08-12 11:00:07","2017-08-03 08:44:00",TRUE,534276.703725436,8053551.70144071
17004,"2017-08-12 12:00:07","2017-08-03 08:44:00",TRUE,534717.730934961,8054247.46478138
17004,"2017-08-12 13:00:07","2017-08-03 08:44:00",TRUE,535257.439100887,8056082.38788042
17004,"2017-08-12 14:00:07","2017-08-03 08:44:00",TRUE,535516.052537689,8056553.4165007
17004,"2017-08-12 15:00:07","2017-08-03 08:44:00",TRUE,535936.889232289,8057702.26037999
17004,"2017-08-12 16:00:07","2017-08-03 08:44:00",TRUE,536969.041191674,8058480.63615573
17004,"2017-08-12 17:00:07","2017-08-03 08:44:00",TRUE,539121.687052046,8058125.35985491
17004,"2017-08-13 00:09:58","2017-08-03 08:44:00",TRUE,549712.132833172,8058328.51776736
17004,"2017-08-13 01:09:58","2017-08-03 08:44:00",TRUE,552178.420966397,8057723.46857467
17004,"2017-08-13 02:09:58","2017-08-03 08:44:00",TRUE,554919.720931944,8057062.10938147
17004,"2017-08-13 03:09:58","2017-08-03 08:44:00",TRUE,556734.283489849,8056932.89966332
17004,"2017-08-13 04:09:58","2017-08-03 08:44:00",TRUE,558849.872852752,8057426.86337481
17004,"2017-08-13 05:09:58","2017-08-03 08:44:00",TRUE,561300.817758014,8058002.80081472
17004,"2017-08-13 06:09:58","2017-08-03 08:44:00",TRUE,562540.308992762,8057106.95789895
17004,"2017-08-13 07:09:58","2017-08-03 08:44:00",TRUE,563823.665033622,8057723.78430558
17004,"2017-08-13 08:09:58","2017-08-03 08:44:00",TRUE,565030.658819041,8058206.97203371
17004,"2017-08-13 09:09:58","2017-08-03 08:44:00",TRUE,565969.143988089,8059226.22940666
17004,"2017-08-13 10:09:58","2017-08-03 08:44:00",TRUE,566706.953680725,8060803.09945555
17004,"2017-08-13 11:09:58","2017-08-03 08:44:00",TRUE,566969.792310167,8062100.16431461
17004,"2017-08-13 12:09:58","2017-08-03 08:44:00",TRUE,566957.880884641,8062867.61254279
17004,"2017-08-13 13:09:58","2017-08-03 08:44:00",TRUE,567137.612831259,8063332.96182361
17004,"2017-08-13 14:09:58","2017-08-03 08:44:00",TRUE,567101.26866711,8064528.08792337
17004,"2017-08-13 15:09:58","2017-08-03 08:44:00",TRUE,567621.921887982,8065948.0911365
17004,"2017-08-13 16:09:58","2017-08-03 08:44:00",TRUE,565303.014716687,8066547.20813068
17004,"2017-08-13 17:09:58","2017-08-03 08:44:00",TRUE,563606.95792295,8066635.66146685
17004,"2017-08-14 00:02:47","2017-08-03 08:44:00",TRUE,557787.451443897,8062763.8779895
17004,"2017-08-14 01:02:47","2017-08-03 08:44:00",TRUE,557305.840355245,8063823.23824287
17004,"2017-08-14 02:02:47","2017-08-03 08:44:00",TRUE,557324.235734782,8064633.11458983
17004,"2017-08-14 03:02:47","2017-08-03 08:44:00",TRUE,556925.916555423,8063025.14198035
17004,"2017-08-14 04:02:47","2017-08-03 08:44:00",TRUE,557122.428498477,8063509.53387581
17004,"2017-08-14 05:02:47","2017-08-03 08:44:00",TRUE,560221.560966083,8063608.2019008
17004,"2017-08-14 06:02:47","2017-08-03 08:44:00",TRUE,563218.016830435,8064205.01315186
17004,"2017-08-14 07:02:47","2017-08-03 08:44:00",TRUE,562485.907875875,8065295.4291708
17004,"2017-08-14 08:02:47","2017-08-03 08:44:00",TRUE,560899.710884186,8066279.712424
17004,"2017-08-14 09:02:47","2017-08-03 08:44:00",TRUE,559433.94007655,8065111.59779577
17004,"2017-08-14 10:02:47","2017-08-03 08:44:00",TRUE,557143.259259713,8062421.26158589
17004,"2017-08-14 11:02:47","2017-08-03 08:44:00",TRUE,553729.861224521,8061915.89617114
17004,"2017-08-14 12:02:47","2017-08-03 08:44:00",TRUE,550230.774297331,8060138.82026945
17004,"2017-08-14 13:02:47","2017-08-03 08:44:00",TRUE,548081.86016234,8060381.50934279
17004,"2017-08-14 14:02:47","2017-08-03 08:44:00",TRUE,545524.238998202,8060802.8003733
17004,"2017-08-14 15:02:47","2017-08-03 08:44:00",TRUE,542215.11632649,8060591.2611456
17004,"2017-08-14 16:02:47","2017-08-03 08:44:00",TRUE,538607.740352702,8060248.62249113
17004,"2017-08-14 17:02:47","2017-08-03 08:44:00",TRUE,534978.662576592,8060401.8267311
17004,"2017-08-15 00:02:51","2017-08-03 08:44:00",TRUE,517934.554552849,8042308.04665618
17004,"2017-08-15 01:02:51","2017-08-03 08:44:00",TRUE,517570.996363016,8037453.889021
17004,"2017-08-15 02:02:51","2017-08-03 08:44:00",TRUE,517374.978884949,8031435.26036846
17004,"2017-08-15 03:02:51","2017-08-03 08:44:00",TRUE,513927.340880717,8027665.53106675
17004,"2017-08-15 04:02:51","2017-08-03 08:44:00",TRUE,510524.104856745,8023854.7846054
17004,"2017-08-15 05:02:51","2017-08-03 08:44:00",TRUE,507824.004583674,8018735.22219346
17004,"2017-08-15 06:02:51","2017-08-03 08:44:00",TRUE,506864.825793218,8013216.32215432
17004,"2017-08-15 07:02:51","2017-08-03 08:44:00",TRUE,506642.631521351,8009076.07104606
17004,"2017-08-15 08:02:51","2017-08-03 08:44:00",TRUE,508479.222788774,8005760.97802512
17004,"2017-08-15 09:02:51","2017-08-03 08:44:00",TRUE,505389.786782443,8008248.29820037
17004,"2017-08-15 10:02:51","2017-08-03 08:44:00",TRUE,504400.164939358,8010686.73146964
17004,"2017-08-15 11:02:51","2017-08-03 08:44:00",TRUE,506476.69478275,8012386.45017574
17004,"2017-08-15 12:02:51","2017-08-03 08:44:00",TRUE,506226.087845294,8016619.35002211
17004,"2017-08-15 13:02:51","2017-08-03 08:44:00",TRUE,507853.745233737,8021017.83584003
17004,"2017-08-15 14:02:51","2017-08-03 08:44:00",TRUE,510723.109621957,8025398.50404481
17004,"2017-08-15 15:02:51","2017-08-03 08:44:00",TRUE,514058.089399118,8029971.43377685
17004,"2017-08-15 16:02:51","2017-08-03 08:44:00",TRUE,518217.207989243,8032370.29330472
17004,"2017-08-15 17:02:51","2017-08-03 08:44:00",TRUE,519194.209025139,8035637.30403172
17004,"2017-08-16 00:09:59","2017-08-03 08:44:00",TRUE,511235.252275104,8019414.66618181
17004,"2017-08-16 01:09:59","2017-08-03 08:44:00",TRUE,511155.964052325,8021008.76793123
17004,"2017-08-16 02:09:59","2017-08-03 08:44:00",TRUE,511292.804377492,8022325.19836131
17004,"2017-08-16 03:09:59","2017-08-03 08:44:00",TRUE,511880.949458618,8023867.15497995
17004,"2017-08-16 04:09:59","2017-08-03 08:44:00",TRUE,513259.996572174,8025330.18047693
17004,"2017-08-16 05:09:59","2017-08-03 08:44:00",TRUE,515055.388823072,8028080.995516
17004,"2017-08-16 06:09:59","2017-08-03 08:44:00",TRUE,517246.227940329,8030254.31047965
17004,"2017-08-16 07:09:59","2017-08-03 08:44:00",TRUE,519936.602044044,8034018.58327849
17004,"2017-08-16 08:09:59","2017-08-03 08:44:00",TRUE,520941.598882227,8037366.16121794
17004,"2017-08-16 09:09:59","2017-08-03 08:44:00",TRUE,521350.37937282,8039355.32543912
17004,"2017-08-16 10:09:59","2017-08-03 08:44:00",TRUE,520567.139692508,8042003.69003535
17004,"2017-08-16 11:09:59","2017-08-03 08:44:00",TRUE,520425.657741619,8045222.54030861
17004,"2017-08-16 12:09:59","2017-08-03 08:44:00",TRUE,522359.215882257,8047606.93040565
17004,"2017-08-16 13:09:59","2017-08-03 08:44:00",TRUE,523805.091486062,8050446.86675392
17004,"2017-08-16 14:09:59","2017-08-03 08:44:00",TRUE,525544.9184409,8053480.7647739
17004,"2017-08-16 15:09:59","2017-08-03 08:44:00",TRUE,528169.423466482,8055238.03460077
17004,"2017-08-16 16:09:59","2017-08-03 08:44:00",TRUE,529999.278431492,8057336.98836742
17004,"2017-08-16 17:09:59","2017-08-03 08:44:00",TRUE,530017.062654312,8056188.85320126
17004,"2017-08-16 18:09:59","2017-08-03 08:44:00",TRUE,533202.421049957,8054759.20788133
17004,"2017-08-16 19:09:59","2017-08-03 08:44:00",TRUE,535357.166278528,8055039.6301754
17004,"2017-08-16 20:09:59","2017-08-03 08:44:00",TRUE,537296.426997819,8054841.15157439
17004,"2017-08-17 00:16:05","2017-08-03 08:44:00",TRUE,539351.856959302,8049495.831852
17004,"2017-08-17 01:16:05","2017-08-03 08:44:00",TRUE,534163.03832687,8045802.34171545
17004,"2017-08-17 02:16:05","2017-08-03 08:44:00",TRUE,529943.15828882,8048698.66160187
17004,"2017-08-17 03:16:05","2017-08-03 08:44:00",TRUE,524599.091921631,8045013.33969248
17004,"2017-08-17 04:16:05","2017-08-03 08:44:00",TRUE,518930.533232865,8040554.30613352
17004,"2017-08-17 05:16:05","2017-08-03 08:44:00",TRUE,516558.740571502,8034482.33447655
17004,"2017-08-17 06:16:05","2017-08-03 08:44:00",TRUE,515331.751728053,8029487.82567391
17004,"2017-08-17 07:16:05","2017-08-03 08:44:00",TRUE,510936.975419731,8024745.37526322
17004,"2017-08-17 08:16:05","2017-08-03 08:44:00",TRUE,508021.502552123,8019321.23867291
17004,"2017-08-17 09:16:05","2017-08-03 08:44:00",TRUE,505988.594389049,8013754.83621427
17004,"2017-08-17 10:16:05","2017-08-03 08:44:00",TRUE,506089.488935427,8009702.56938348
17004,"2017-08-17 11:16:05","2017-08-03 08:44:00",TRUE,507014.13954073,8006850.76503283
17004,"2017-08-17 12:16:05","2017-08-03 08:44:00",TRUE,506424.50527602,8007727.95485338
17004,"2017-08-17 13:16:05","2017-08-03 08:44:00",TRUE,505465.332440954,8009717.40988991
17004,"2017-08-17 14:16:05","2017-08-03 08:44:00",TRUE,505335.655960728,8010071.19333764
17004,"2017-08-17 15:16:05","2017-08-03 08:44:00",TRUE,504950.306976362,8010103.69360146
17004,"2017-08-17 16:16:05","2017-08-03 08:44:00",TRUE,506953.84357769,8008904.26633648
17004,"2017-08-17 17:16:05","2017-08-03 08:44:00",TRUE,507442.098178771,8006312.23372668
17004,"2017-08-18 00:01:29","2017-08-03 08:44:00",TRUE,502822.805338716,8010451.03341498
17004,"2017-08-18 01:01:29","2017-08-03 08:44:00",TRUE,503388.551120956,8010853.77674033
17004,"2017-08-18 02:01:29","2017-08-03 08:44:00",TRUE,505008.475648183,8009443.2587057
17004,"2017-08-18 03:01:29","2017-08-03 08:44:00",TRUE,508130.391380922,8005790.49292404
17004,"2017-08-18 04:01:29","2017-08-03 08:44:00",TRUE,513264.586084368,8004926.47430382
17004,"2017-08-18 05:01:29","2017-08-03 08:44:00",TRUE,516811.067026382,8005717.30485543
17004,"2017-08-18 06:01:29","2017-08-03 08:44:00",TRUE,516944.81945235,8010580.26009499
17004,"2017-08-18 07:01:29","2017-08-03 08:44:00",TRUE,514096.401959597,8015238.83593336
17004,"2017-08-18 08:01:29","2017-08-03 08:44:00",TRUE,511565.184367133,8015709.45551525
17004,"2017-08-18 09:01:29","2017-08-03 08:44:00",TRUE,507674.352916834,8016216.41210678
17004,"2017-08-18 10:01:29","2017-08-03 08:44:00",TRUE,508909.364735533,8013924.4101219
17004,"2017-08-18 11:01:29","2017-08-03 08:44:00",TRUE,509759.975901298,8010538.60777832
17004,"2017-08-18 12:01:29","2017-08-03 08:44:00",TRUE,511613.271577886,8010278.03564664
17004,"2017-08-18 13:01:29","2017-08-03 08:44:00",TRUE,510630.662092425,8013530.97943741
17004,"2017-08-18 14:01:29","2017-08-03 08:44:00",TRUE,511890.003649457,8017181.77765398
17004,"2017-08-18 15:01:29","2017-08-03 08:44:00",TRUE,510685.886844164,8021312.71972721
17004,"2017-08-18 16:01:29","2017-08-03 08:44:00",TRUE,508751.307435109,8019190.7846584
17004,"2017-08-18 17:01:29","2017-08-03 08:44:00",TRUE,505760.042409226,8014703.67171045
17004,"2017-08-18 18:01:29","2017-08-03 08:44:00",TRUE,506056.113516243,8010948.12288182
17004,"2017-08-19 00:11:22","2017-08-03 08:44:00",TRUE,506513.535185942,8006923.46790645
17004,"2017-08-19 01:11:22","2017-08-03 08:44:00",TRUE,506478.033225543,8006835.84833104
17004,"2017-08-19 02:11:22","2017-08-03 08:44:00",TRUE,502939.392629162,8010831.08579677
17004,"2017-08-19 03:11:22","2017-08-03 08:44:00",TRUE,504352.858481887,8010064.5736146
17004,"2017-08-19 04:11:22","2017-08-03 08:44:00",TRUE,502896.66087564,8010566.39038224
17004,"2017-08-19 05:11:22","2017-08-03 08:44:00",TRUE,504633.18449959,8010703.8489227
17004,"2017-08-19 06:11:22","2017-08-03 08:44:00",TRUE,505078.422160071,8009502.66119362
17004,"2017-08-19 07:11:22","2017-08-03 08:44:00",TRUE,505738.160551902,8008781.98869708
17004,"2017-08-19 08:11:22","2017-08-03 08:44:00",TRUE,505350.440870233,8009806.89719941
17004,"2017-08-19 09:11:22","2017-08-03 08:44:00",TRUE,504222.96738626,8009580.51872959
17004,"2017-08-19 10:11:22","2017-08-03 08:44:00",TRUE,503720.469771073,8010798.18549635
17004,"2017-08-19 11:11:22","2017-08-03 08:44:00",TRUE,503955.334133404,8010604.93606656
17004,"2017-08-19 12:11:22","2017-08-03 08:44:00",TRUE,504611.760094096,8009922.58029776
17004,"2017-08-19 13:11:22","2017-08-03 08:44:00",TRUE,505110.254796041,8009319.17063088
17004,"2017-08-19 14:11:22","2017-08-03 08:44:00",TRUE,504598.758333848,8009578.01666882
17004,"2017-08-19 15:11:22","2017-08-03 08:44:00",TRUE,503510.696833286,8010871.43085381
17004,"2017-08-19 16:11:22","2017-08-03 08:44:00",TRUE,504554.08874115,8010795.38281337
17004,"2017-08-20 00:16:38","2017-08-03 08:44:00",TRUE,517168.380991064,7995339.25359009
17004,"2017-08-20 01:16:38","2017-08-03 08:44:00",TRUE,518608.069856592,7998011.28588381
17004,"2017-08-20 02:16:38","2017-08-03 08:44:00",TRUE,518142.208861657,8000904.56123812
17004,"2017-08-20 03:16:38","2017-08-03 08:44:00",TRUE,517629.550353425,8005552.92025193
17004,"2017-08-20 04:16:38","2017-08-03 08:44:00",TRUE,517325.766354067,8010619.0745209
17004,"2017-08-20 05:16:38","2017-08-03 08:44:00",TRUE,518752.245857214,8014335.79471363
17004,"2017-08-20 06:16:38","2017-08-03 08:44:00",TRUE,513658.943168159,8015944.72461134
17004,"2017-08-20 07:16:38","2017-08-03 08:44:00",TRUE,510234.544741799,8015140.8448676
17004,"2017-08-20 08:16:38","2017-08-03 08:44:00",TRUE,507662.326492769,8011633.74003796
17004,"2017-08-20 09:16:38","2017-08-03 08:44:00",TRUE,504982.302966771,8009923.63624847
17004,"2017-08-20 10:16:38","2017-08-03 08:44:00",TRUE,507606.085788758,8006394.57378719
17004,"2017-08-20 11:16:38","2017-08-03 08:44:00",TRUE,511772.210125819,8003431.65559934
17004,"2017-08-20 12:16:38","2017-08-03 08:44:00",TRUE,516002.988174511,7998427.08878037
17004,"2017-08-20 13:16:38","2017-08-03 08:44:00",TRUE,516626.248806567,7994660.3054195
17004,"2017-08-20 14:16:38","2017-08-03 08:44:00",TRUE,515877.001761861,7994299.69082108
17004,"2017-08-20 15:16:38","2017-08-03 08:44:00",TRUE,517949.305013481,7994319.92403962
17004,"2017-08-20 16:16:38","2017-08-03 08:44:00",TRUE,518813.919023846,7997497.76596591
17004,"2017-08-20 17:16:38","2017-08-03 08:44:00",TRUE,517871.083348286,7998906.57507685
17004,"2017-08-20 18:16:38","2017-08-03 08:44:00",TRUE,514262.527077078,7995697.24389174
17004,"2017-08-21 00:00:06","2017-08-03 08:44:00",TRUE,515301.890068488,7995246.53820114
17004,"2017-08-21 01:00:06","2017-08-03 08:44:00",TRUE,516314.572391303,7994794.20988986
17004,"2017-08-21 02:00:06","2017-08-03 08:44:00",TRUE,513733.312986227,7994937.08116577
17004,"2017-08-21 03:00:06","2017-08-03 08:44:00",TRUE,514798.448940351,7994634.90337466
17004,"2017-08-21 04:00:06","2017-08-03 08:44:00",TRUE,512635.372897931,7992806.91954558
17004,"2017-08-21 05:00:06","2017-08-03 08:44:00",TRUE,507041.44780753,7994185.02076759
17004,"2017-08-21 06:00:06","2017-08-03 08:44:00",TRUE,506455.097941503,7996407.86108958
17004,"2017-08-21 07:00:06","2017-08-03 08:44:00",TRUE,507909.813475121,7994467.08715175
17004,"2017-08-21 08:00:06","2017-08-03 08:44:00",TRUE,510740.350915827,7995898.55205223
17004,"2017-08-21 09:00:06","2017-08-03 08:44:00",TRUE,510306.827186607,7996205.80601599
17004,"2017-08-21 10:00:06","2017-08-03 08:44:00",TRUE,512219.890456451,7994720.08526231
17004,"2017-08-21 11:00:06","2017-08-03 08:44:00",TRUE,511153.720128363,7993634.98803534
17004,"2017-08-21 12:00:06","2017-08-03 08:44:00",TRUE,509027.650327928,7993738.36246772
17004,"2017-08-21 13:00:06","2017-08-03 08:44:00",TRUE,511672.626206738,7993450.3424136
17004,"2017-08-21 14:00:06","2017-08-03 08:44:00",TRUE,513864.616206075,7994038.34651595
17004,"2017-08-21 15:00:06","2017-08-03 08:44:00",TRUE,514784.581305387,7994319.42658934
17004,"2017-08-21 16:00:06","2017-08-03 08:44:00",TRUE,513900.960043465,7994207.27341519
17004,"2017-08-21 17:00:06","2017-08-03 08:44:00",TRUE,512489.996583479,7993513.50110226
17004,"2017-08-21 18:00:06","2017-08-03 08:44:00",TRUE,513609.459881462,7993415.99907067
17004,"2017-08-21 19:00:06","2017-08-03 08:44:00",TRUE,514535.465871053,7994178.4125541
17004,"2017-08-22 00:00:08","2017-08-03 08:44:00",TRUE,512893.418755952,7994360.09456
17004,"2017-08-22 01:00:08","2017-08-03 08:44:00",TRUE,514749.465117026,7994519.37998467
17004,"2017-08-22 02:00:08","2017-08-03 08:44:00",TRUE,518161.042227535,7999084.26803233
17004,"2017-08-22 03:00:08","2017-08-03 08:44:00",TRUE,517986.342073435,8002171.36465182
17004,"2017-08-22 04:00:08","2017-08-03 08:44:00",TRUE,516402.82998951,8006685.72194684
17004,"2017-08-22 05:00:08","2017-08-03 08:44:00",TRUE,517470.873792861,8011036.54333804
17004,"2017-08-22 06:00:08","2017-08-03 08:44:00",TRUE,518019.55320559,8012577.23300598
17004,"2017-08-22 07:00:08","2017-08-03 08:44:00",TRUE,514761.384827,8015782.27484435
17004,"2017-08-22 08:00:08","2017-08-03 08:44:00",TRUE,510459.393042639,8016118.83468066
17004,"2017-08-22 09:00:08","2017-08-03 08:44:00",TRUE,506937.773663781,8017148.19298727
17004,"2017-08-22 10:00:08","2017-08-03 08:44:00",TRUE,506401.475272835,8016308.42375436
17004,"2017-08-22 11:00:08","2017-08-03 08:44:00",TRUE,508510.194367073,8014842.06416866
17004,"2017-08-22 12:00:08","2017-08-03 08:44:00",TRUE,508131.015495672,8018127.06200824
17004,"2017-08-22 13:00:08","2017-08-03 08:44:00",TRUE,509177.113511206,8020922.27398566
17004,"2017-08-22 14:00:08","2017-08-03 08:44:00",TRUE,509316.84728978,8019850.30372181
17004,"2017-08-22 15:00:08","2017-08-03 08:44:00",TRUE,511063.139999902,8017581.69107639
17004,"2017-08-22 16:00:08","2017-08-03 08:44:00",TRUE,512890.798671213,8013947.38563313
17004,"2017-08-22 17:00:08","2017-08-03 08:44:00",TRUE,507899.80829872,8007511.73279118
17004,"2017-08-22 18:00:08","2017-08-03 08:44:00",TRUE,511714.428640756,8003245.0641868
17004,"2017-08-22 19:00:08","2017-08-03 08:44:00",TRUE,515998.549877826,7997515.25763439
17004,"2017-08-23 00:00:03","2017-08-03 08:44:00",TRUE,509928.982924414,7995593.05620081
17004,"2017-08-23 01:00:03","2017-08-03 08:44:00",TRUE,513072.522438724,7993792.30437276
17004,"2017-08-23 02:00:03","2017-08-03 08:44:00",TRUE,515617.436313388,7993552.25730642
17004,"2017-08-23 03:00:03","2017-08-03 08:44:00",TRUE,512625.308548349,7990512.1890211
17004,"2017-08-23 04:00:03","2017-08-03 08:44:00",TRUE,508061.03208719,7987228.79200594
17004,"2017-08-23 05:00:03","2017-08-03 08:44:00",TRUE,507690.514963789,7984319.59547951
17004,"2017-08-23 06:00:03","2017-08-03 08:44:00",TRUE,506857.433102045,7984828.69567155
17004,"2017-08-23 07:00:03","2017-08-03 08:44:00",TRUE,507975.642112952,7987863.37928301
17004,"2017-08-23 08:00:03","2017-08-03 08:44:00",TRUE,509323.600745226,7989918.44342976
17004,"2017-08-23 09:00:03","2017-08-03 08:44:00",TRUE,511554.695509277,7994188.77375324
17004,"2017-08-23 10:00:03","2017-08-03 08:44:00",TRUE,511245.796062124,7996383.58938605
17004,"2017-08-23 11:00:03","2017-08-03 08:44:00",TRUE,511098.965475147,7997356.5528709
17004,"2017-08-23 12:00:03","2017-08-03 08:44:00",TRUE,509851.056559734,7998661.44191218
17004,"2017-08-23 13:00:03","2017-08-03 08:44:00",TRUE,508973.561995091,7998490.1235593
17004,"2017-08-23 14:00:03","2017-08-03 08:44:00",TRUE,507938.252377502,7998880.35473657
17004,"2017-08-23 15:00:03","2017-08-03 08:44:00",TRUE,506799.581085182,7998675.04952732
17004,"2017-08-23 16:00:03","2017-08-03 08:44:00",TRUE,508027.406190647,7999489.86309148
17004,"2017-08-23 17:00:03","2017-08-03 08:44:00",TRUE,506777.562831817,7997289.4632051
17004,"2017-08-24 00:04:39","2017-08-03 08:44:00",TRUE,512927.790882967,7992709.45047019
17004,"2017-08-24 01:04:39","2017-08-03 08:44:00",TRUE,511868.860995241,7992977.12377057
17004,"2017-08-24 02:04:39","2017-08-03 08:44:00",TRUE,510089.665914151,7991584.90936277
17004,"2017-08-24 03:04:39","2017-08-03 08:44:00",TRUE,509849.694685873,7993401.66248051
17004,"2017-08-24 04:04:39","2017-08-03 08:44:00",TRUE,513176.253367415,7993371.54652856
17004,"2017-08-24 05:04:39","2017-08-03 08:44:00",TRUE,511138.843776286,7994915.9483102
17004,"2017-08-24 06:04:39","2017-08-03 08:44:00",TRUE,508472.810300366,7996994.00311239
17004,"2017-08-24 07:04:39","2017-08-03 08:44:00",TRUE,509689.479420047,7996470.11413517
17004,"2017-08-24 08:04:39","2017-08-03 08:44:00",TRUE,512400.121684482,7995036.9446293
17004,"2017-08-24 11:14:51","2017-08-03 08:44:00",TRUE,513302.856419688,7994886.94325001
17004,"2017-08-24 12:14:51","2017-08-03 08:44:00",TRUE,513737.375474817,7994518.89998003
17004,"2017-08-24 13:14:51","2017-08-03 08:44:00",TRUE,512649.782770133,7995227.74544685
17004,"2017-08-24 14:14:51","2017-08-03 08:44:00",TRUE,513631.481249777,7995165.35242267
17004,"2017-08-24 15:14:51","2017-08-03 08:44:00",TRUE,515083.661737085,7994539.38703791
17004,"2017-08-24 16:14:51","2017-08-03 08:44:00",TRUE,516393.633239465,7994781.99517835
17004,"2017-08-24 17:14:51","2017-08-03 08:44:00",TRUE,517220.062771596,7995526.53803664
17004,"2017-08-24 18:14:51","2017-08-03 08:44:00",TRUE,517247.772493997,7995627.70830742
17004,"2017-08-24 19:14:51","2017-08-03 08:44:00",TRUE,515149.02753928,7994285.52444861
17004,"2017-08-26 00:08:34","2017-08-03 08:44:00",TRUE,516711.641456931,8008386.5134266
17004,"2017-08-26 01:08:34","2017-08-03 08:44:00",TRUE,515913.027588241,8014143.8567747
17004,"2017-08-26 02:08:34","2017-08-03 08:44:00",TRUE,516016.496012968,8019445.30403755
17004,"2017-08-26 03:08:34","2017-08-03 08:44:00",TRUE,516007.300206433,8022680.94986387
17004,"2017-08-26 04:08:34","2017-08-03 08:44:00",TRUE,514673.083133639,8025196.40154231
17004,"2017-08-26 05:08:34","2017-08-03 08:44:00",TRUE,510715.379093989,8023788.90470978
17004,"2017-08-26 06:08:34","2017-08-03 08:44:00",TRUE,512136.9731816,8020175.49597433
17004,"2017-08-26 07:08:34","2017-08-03 08:44:00",TRUE,507839.952429847,8019699.74688339
17004,"2017-08-26 08:08:34","2017-08-03 08:44:00",TRUE,506490.537597955,8015289.61675055
17004,"2017-08-26 09:08:34","2017-08-03 08:44:00",TRUE,510294.373460505,8011240.51072697
17004,"2017-08-26 10:08:34","2017-08-03 08:44:00",TRUE,507999.325233783,8007206.6253733
17004,"2017-08-26 11:08:34","2017-08-03 08:44:00",TRUE,506627.306234118,8011194.61726673
17004,"2017-08-26 12:08:34","2017-08-03 08:44:00",TRUE,505995.555794187,8016261.46277135
17004,"2017-08-26 13:08:34","2017-08-03 08:44:00",TRUE,507622.508055758,8020587.80501753
17004,"2017-08-26 14:08:34","2017-08-03 08:44:00",TRUE,508500.995539494,8021152.87503054
17004,"2017-08-26 15:08:34","2017-08-03 08:44:00",TRUE,505882.429534618,8015127.43782879
17004,"2017-08-26 16:08:34","2017-08-03 08:44:00",TRUE,507233.669815865,8010719.75669904
17004,"2017-08-26 17:08:34","2017-08-03 08:44:00",TRUE,510137.517621582,8007042.73389066
17004,"2017-08-26 18:08:34","2017-08-03 08:44:00",TRUE,511686.307507873,8010552.18158817
17004,"2017-08-27 00:02:43","2017-08-03 08:44:00",TRUE,516140.134810348,8016301.84367433
17004,"2017-08-27 01:02:43","2017-08-03 08:44:00",TRUE,518052.206362897,8017440.89640749
17004,"2017-08-27 02:02:43","2017-08-03 08:44:00",TRUE,520758.781615063,8014488.41834499
17004,"2017-08-27 03:02:43","2017-08-03 08:44:00",TRUE,523225.060963058,8014530.83032317
17004,"2017-08-27 04:02:43","2017-08-03 08:44:00",TRUE,523542.782382206,8015552.57783212
17004,"2017-08-27 05:02:43","2017-08-03 08:44:00",TRUE,522883.226136968,8011857.09407939
17004,"2017-08-27 06:02:43","2017-08-03 08:44:00",TRUE,519653.119326476,8011658.46220767
17004,"2017-08-27 07:02:43","2017-08-03 08:44:00",TRUE,515669.14633419,8010167.60956705
17004,"2017-08-27 08:02:43","2017-08-03 08:44:00",TRUE,516991.35159724,8007765.56043977
17004,"2017-08-27 10:02:43","2017-08-03 08:44:00",TRUE,516401.02106418,7998197.28660817
17004,"2017-08-27 11:02:43","2017-08-03 08:44:00",TRUE,513630.968710254,7996055.12913776
17004,"2017-08-27 12:02:43","2017-08-03 08:44:00",TRUE,510365.268148254,7994986.04687278
17004,"2017-08-27 13:02:43","2017-08-03 08:44:00",TRUE,507971.620667894,7995376.01073653
17004,"2017-08-27 14:02:43","2017-08-03 08:44:00",TRUE,503708.968421086,7994915.40418619
17004,"2017-08-27 15:02:43","2017-08-03 08:44:00",TRUE,500432.644529439,7994967.0967571
17004,"2017-08-27 16:02:43","2017-08-03 08:44:00",TRUE,498095.166598877,7995043.6749227
17004,"2017-08-27 17:02:43","2017-08-03 08:44:00",TRUE,498548.692592952,7995169.68375292
17004,"2017-08-27 18:02:43","2017-08-03 08:44:00",TRUE,501696.337620725,7995118.56968198
17004,"2017-08-27 19:02:43","2017-08-03 08:44:00",TRUE,503698.186401503,7996214.26176709
17004,"2017-08-28 00:22:03","2017-08-03 08:44:00",TRUE,508238.476180557,7992741.28995431
17004,"2017-08-28 01:22:03","2017-08-03 08:44:00",TRUE,509910.178430097,7991873.64738038
17004,"2017-08-28 02:22:03","2017-08-03 08:44:00",TRUE,509522.988640087,7993935.17893905
17004,"2017-08-28 03:22:03","2017-08-03 08:44:00",TRUE,507527.9174073,7995864.35481562
17004,"2017-08-28 04:22:03","2017-08-03 08:44:00",TRUE,507077.63076038,7998247.38332502
17004,"2017-08-28 05:22:03","2017-08-03 08:44:00",TRUE,503828.476393334,7995292.69271482
17004,"2017-08-28 06:22:03","2017-08-03 08:44:00",TRUE,502304.633111894,7994141.24588855
17004,"2017-08-28 08:22:03","2017-08-03 08:44:00",TRUE,509483.986240517,7993731.01130205
17004,"2017-08-28 09:22:03","2017-08-03 08:44:00",TRUE,512529.073421833,7993522.67558023
17004,"2017-08-28 10:22:03","2017-08-03 08:44:00",TRUE,509612.931665289,7992658.0193551
17004,"2017-08-28 11:22:03","2017-08-03 08:44:00",TRUE,509036.315989761,7993246.33318556
17004,"2017-08-28 12:22:03","2017-08-03 08:44:00",TRUE,508700.541022593,7996622.01546328
17004,"2017-08-28 13:22:03","2017-08-03 08:44:00",TRUE,510309.986567559,7996826.51361008
17004,"2017-08-28 14:22:03","2017-08-03 08:44:00",TRUE,513415.448270454,7995672.15982743
17004,"2017-08-28 15:22:03","2017-08-03 08:44:00",TRUE,513336.062055841,7995556.52257258
17004,"2017-08-29 00:00:45","2017-08-03 08:44:00",TRUE,510217.984809739,7996944.14305577
17004,"2017-08-29 01:00:45","2017-08-03 08:44:00",TRUE,507198.151536929,7998096.07476487
17004,"2017-08-29 02:00:45","2017-08-03 08:44:00",TRUE,504963.9206785,7998444.5423097
17004,"2017-08-29 03:00:45","2017-08-03 08:44:00",TRUE,505942.104792661,7998497.97144419
17004,"2017-08-29 04:00:45","2017-08-03 08:44:00",TRUE,509436.74981314,7997962.0541859
17004,"2017-08-29 05:00:45","2017-08-03 08:44:00",TRUE,512652.908277929,7995891.77249275
17004,"2017-08-29 06:00:45","2017-08-03 08:44:00",TRUE,515786.492309029,7995652.51375783
17004,"2017-08-29 07:00:45","2017-08-03 08:44:00",TRUE,513779.985781543,7994687.85138775
17004,"2017-08-29 08:00:45","2017-08-03 08:44:00",TRUE,510366.899074332,7995335.54959599
17004,"2017-08-29 09:00:45","2017-08-03 08:44:00",TRUE,509367.575747107,7998246.69415783
17004,"2017-08-29 10:00:45","2017-08-03 08:44:00",TRUE,508989.399900199,7997357.90176943
17004,"2017-08-29 11:00:45","2017-08-03 08:44:00",TRUE,509850.549264682,7997167.43211992
17004,"2017-08-29 12:00:45","2017-08-03 08:44:00",TRUE,511123.283466966,7995945.46812976
17004,"2017-08-29 13:00:45","2017-08-03 08:44:00",TRUE,510979.492585496,7995833.9907304
17004,"2017-08-29 14:00:45","2017-08-03 08:44:00",TRUE,513194.945661399,7994691.58644425
17004,"2017-08-29 15:00:45","2017-08-03 08:44:00",TRUE,515341.318397828,7995627.65661785
17004,"2017-08-29 16:00:45","2017-08-03 08:44:00",TRUE,514095.230726839,7995110.91066146
17004,"2017-08-29 17:00:45","2017-08-03 08:44:00",TRUE,515968.262413286,7996460.94269495
17004,"2017-08-29 18:00:45","2017-08-03 08:44:00",TRUE,516096.084263722,7994962.41454339
17004,"2017-08-31 00:00:46","2017-08-03 08:44:00",TRUE,502975.337315903,8011187.43905993
17004,"2017-08-31 01:00:46","2017-08-03 08:44:00",TRUE,503850.729510492,8010031.3223582
17004,"2017-08-31 02:00:46","2017-08-03 08:44:00",TRUE,504036.780580207,8009935.54599455
17004,"2017-08-31 03:00:46","2017-08-03 08:44:00",TRUE,503079.291732806,8011131.09525638
17004,"2017-08-31 04:00:46","2017-08-03 08:44:00",TRUE,505260.371358419,8009577.24041716
17004,"2017-08-31 05:00:46","2017-08-03 08:44:00",TRUE,506860.918763085,8007573.93774299
17004,"2017-08-31 06:00:46","2017-08-03 08:44:00",TRUE,506670.296175255,8008205.58524705
17004,"2017-08-31 07:00:46","2017-08-03 08:44:00",TRUE,506005.719334145,8009846.14317596
17004,"2017-08-31 08:00:46","2017-08-03 08:44:00",TRUE,508437.028029993,8005485.05774009
17004,"2017-08-31 09:00:46","2017-08-03 08:44:00",TRUE,512005.011348541,8002998.94680269
17004,"2017-08-31 10:00:46","2017-08-03 08:44:00",TRUE,508438.233443252,8005230.98057368
17004,"2017-08-31 11:00:46","2017-08-03 08:44:00",TRUE,503743.360398845,8010042.3170401
17004,"2017-08-31 12:00:46","2017-08-03 08:44:00",TRUE,502101.82727661,8011024.10193238
17004,"2017-08-31 13:00:46","2017-08-03 08:44:00",TRUE,502737.170667147,8011062.46272582
17004,"2017-08-31 14:00:46","2017-08-03 08:44:00",TRUE,503396.466263343,8010899.71898308
17004,"2017-09-01 00:00:00","2017-08-03 08:44:00",TRUE,503147.547845146,8010139.18228075
17004,"2017-09-01 01:00:00","2017-08-03 08:44:00",TRUE,502045.049454159,8010762.02963817
17004,"2017-09-01 02:00:00","2017-08-03 08:44:00",TRUE,503328.579739613,8010285.8546261
17004,"2017-09-01 03:00:00","2017-08-03 08:44:00",TRUE,502642.283558081,8010670.6606373
17004,"2017-09-01 04:00:00","2017-08-03 08:44:00",TRUE,503444.154645545,8010472.74249993
17004,"2017-09-01 05:00:00","2017-08-03 08:44:00",TRUE,503471.467259484,8010191.44989269
17004,"2017-09-01 06:00:00","2017-08-03 08:44:00",TRUE,502475.773419764,8011078.95757218
17004,"2017-09-01 08:00:00","2017-08-03 08:44:00",TRUE,504892.929258614,8008115.91530493
17004,"2017-09-01 09:00:00","2017-08-03 08:44:00",TRUE,510473.966900067,8003869.75889459
17004,"2017-09-01 10:00:00","2017-08-03 08:44:00",TRUE,515764.782246652,7999217.40057492
17004,"2017-09-01 11:00:00","2017-08-03 08:44:00",TRUE,511522.781609314,7997245.48316846
17004,"2017-09-01 12:00:00","2017-08-03 08:44:00",TRUE,505805.728623377,7999541.02914511
17004,"2017-09-01 13:00:00","2017-08-03 08:44:00",TRUE,501224.329298954,7995638.07602258
17004,"2017-09-02 05:23:04","2017-08-03 08:44:00",TRUE,502978.5875836,7978637.51918364
17004,"2017-09-02 06:23:04","2017-08-03 08:44:00",TRUE,503134.840250479,7978836.62619745
17004,"2017-09-02 07:23:04","2017-08-03 08:44:00",TRUE,502814.813302573,7978462.27964723
17004,"2017-09-02 08:23:04","2017-08-03 08:44:00",TRUE,502111.15660553,7976834.5337554
17005,"2017-08-05 00:00:04","2017-08-03 20:38:00",TRUE,516243.12444888,8058591.46210654
17005,"2017-08-05 01:00:04","2017-08-03 20:38:00",TRUE,518088.054551171,8062673.49953808
17005,"2017-08-05 02:00:04","2017-08-03 20:38:00",TRUE,520683.833310237,8065127.96288919
17005,"2017-08-05 03:00:04","2017-08-03 20:38:00",TRUE,523605.789190536,8065485.12917203
17005,"2017-08-05 04:00:04","2017-08-03 20:38:00",TRUE,525221.071122582,8068829.0160518
17005,"2017-08-05 05:00:04","2017-08-03 20:38:00",TRUE,527992.148653733,8073871.38289319
17005,"2017-08-05 06:00:04","2017-08-03 20:38:00",TRUE,532256.690782229,8077166.1451597
17005,"2017-08-05 07:00:04","2017-08-03 20:38:00",TRUE,530788.935780331,8081967.61109123
17005,"2017-08-05 08:00:04","2017-08-03 20:38:00",TRUE,525386.2233344,8083843.89648245
17005,"2017-08-05 09:00:04","2017-08-03 20:38:00",TRUE,526736.47428556,8089903.39740252
17005,"2017-08-05 10:00:04","2017-08-03 20:38:00",TRUE,530392.117709204,8092932.69872864
17005,"2017-08-05 11:00:04","2017-08-03 20:38:00",TRUE,531514.86368616,8086896.09233381
17005,"2017-08-05 12:00:04","2017-08-03 20:38:00",TRUE,535408.413719587,8081341.65250551
17005,"2017-08-05 13:00:04","2017-08-03 20:38:00",TRUE,536813.602745318,8075103.72443542
17005,"2017-08-05 14:00:04","2017-08-03 20:38:00",TRUE,536748.340082332,8068082.17400581
17005,"2017-08-05 15:00:04","2017-08-03 20:38:00",TRUE,530266.321772791,8065545.99739902
17005,"2017-08-05 16:00:04","2017-08-03 20:38:00",TRUE,524582.112881069,8060088.15333792
17005,"2017-08-05 17:00:04","2017-08-03 20:38:00",TRUE,518909.286561038,8057031.24567909
17005,"2017-08-06 00:03:37","2017-08-03 20:38:00",TRUE,501007.812990043,8036127.03603645
17005,"2017-08-06 01:03:37","2017-08-03 20:38:00",TRUE,499590.764556598,8032254.87119736
17005,"2017-08-06 02:03:37","2017-08-03 20:38:00",TRUE,500307.805553516,8033555.53744972
17005,"2017-08-06 03:03:37","2017-08-03 20:38:00",TRUE,501375.69461498,8036382.35949489
17005,"2017-08-06 05:03:37","2017-08-03 20:38:00",TRUE,504911.12620732,8042190.82583348
17005,"2017-08-06 06:03:37","2017-08-03 20:38:00",TRUE,507367.835113749,8045162.01933578
17005,"2017-08-06 07:03:37","2017-08-03 20:38:00",TRUE,510328.995844655,8049140.15625027
17005,"2017-08-06 08:03:37","2017-08-03 20:38:00",TRUE,514410.367462148,8052503.60485343
17005,"2017-08-06 09:03:37","2017-08-03 20:38:00",TRUE,516778.629421881,8056151.04600023
17005,"2017-08-06 10:03:37","2017-08-03 20:38:00",TRUE,517714.533323797,8061120.25042549
17005,"2017-08-06 11:03:37","2017-08-03 20:38:00",TRUE,521167.143524521,8065805.5131446
17005,"2017-08-06 12:03:37","2017-08-03 20:38:00",TRUE,525180.69384353,8069551.61495612
17005,"2017-08-06 13:03:37","2017-08-03 20:38:00",TRUE,527956.396502643,8075377.6018107
17005,"2017-08-06 14:03:37","2017-08-03 20:38:00",TRUE,524321.666981328,8080855.2824696
17005,"2017-08-06 15:03:37","2017-08-03 20:38:00",TRUE,517952.238343919,8085486.01612981
17005,"2017-08-06 16:03:37","2017-08-03 20:38:00",TRUE,515332.285886741,8091279.83410874
17005,"2017-08-06 17:03:37","2017-08-03 20:38:00",TRUE,516318.228469841,8095654.29868444
17005,"2017-08-07 00:10:35","2017-08-03 20:38:00",TRUE,503301.986545211,8125582.30419707
17005,"2017-08-07 01:10:35","2017-08-03 20:38:00",TRUE,498652.406343877,8126827.27178816
17005,"2017-08-07 02:10:35","2017-08-03 20:38:00",TRUE,495560.116969391,8129505.72435264
17005,"2017-08-07 03:10:35","2017-08-03 20:38:00",TRUE,494175.200030839,8135106.5170937
17005,"2017-08-07 04:10:35","2017-08-03 20:38:00",TRUE,495150.36582559,8141460.28537449
17005,"2017-08-07 05:10:35","2017-08-03 20:38:00",TRUE,495140.593050281,8148048.58649694
17005,"2017-08-07 06:10:35","2017-08-03 20:38:00",TRUE,494240.796377409,8154844.13742769
17005,"2017-08-07 07:10:35","2017-08-03 20:38:00",TRUE,493056.569416912,8161604.6712904
17005,"2017-08-07 08:10:35","2017-08-03 20:38:00",TRUE,490388.203366707,8168187.78641912
17005,"2017-08-07 09:10:35","2017-08-03 20:38:00",TRUE,486981.118362619,8172560.23557977
17005,"2017-08-07 10:10:35","2017-08-03 20:38:00",TRUE,485662.573570768,8178593.93520469
17005,"2017-08-07 11:10:35","2017-08-03 20:38:00",TRUE,481594.875800741,8182983.46784833
17005,"2017-08-07 12:10:35","2017-08-03 20:38:00",TRUE,474822.600771202,8184991.97287113
17005,"2017-08-07 13:10:35","2017-08-03 20:38:00",TRUE,470105.875839142,8186719.50417548
17005,"2017-08-07 14:10:35","2017-08-03 20:38:00",TRUE,464281.788305596,8185277.78107
17005,"2017-08-07 15:10:35","2017-08-03 20:38:00",TRUE,458459.615116586,8183956.61999041
17005,"2017-08-07 16:10:35","2017-08-03 20:38:00",TRUE,453357.853626882,8183719.66935236
17005,"2017-08-07 17:10:35","2017-08-03 20:38:00",TRUE,448960.617922204,8185134.13149815
17005,"2017-08-08 00:00:03","2017-08-03 20:38:00",TRUE,411775.889681883,8164701.84559973
17005,"2017-08-08 01:00:03","2017-08-03 20:38:00",TRUE,405517.594398912,8160500.06820596
17005,"2017-08-08 02:00:03","2017-08-03 20:38:00",TRUE,399999.599618404,8157286.13608758
17005,"2017-08-08 03:00:03","2017-08-03 20:38:00",TRUE,395049.774497468,8154307.93386059
17005,"2017-08-08 04:00:03","2017-08-03 20:38:00",TRUE,389381.063451244,8151822.90377954
17005,"2017-08-08 05:00:03","2017-08-03 20:38:00",TRUE,384089.128484945,8148069.80869463
17005,"2017-08-08 06:00:03","2017-08-03 20:38:00",TRUE,382204.814770639,8142424.87115149
17005,"2017-08-08 07:00:03","2017-08-03 20:38:00",TRUE,385127.457543155,8137035.43778275
17005,"2017-08-08 08:00:03","2017-08-03 20:38:00",TRUE,389238.809576311,8132453.35881479
17005,"2017-08-08 09:00:03","2017-08-03 20:38:00",TRUE,389324.216885195,8132365.52745125
17005,"2017-08-08 10:00:03","2017-08-03 20:38:00",TRUE,384934.376001738,8136821.88638754
17005,"2017-08-08 11:00:03","2017-08-03 20:38:00",TRUE,381943.308102676,8142424.03026902
17005,"2017-08-08 12:00:03","2017-08-03 20:38:00",TRUE,379795.278334797,8147853.6279333
17005,"2017-08-08 13:00:03","2017-08-03 20:38:00",TRUE,374758.439029976,8145392.3157394
17005,"2017-08-08 14:00:03","2017-08-03 20:38:00",TRUE,369857.634790977,8141842.6618616
17005,"2017-08-08 15:00:03","2017-08-03 20:38:00",TRUE,365300.296645404,8135783.06028567
17005,"2017-08-08 16:00:03","2017-08-03 20:38:00",TRUE,360420.167658801,8130695.32444755
17005,"2017-08-08 17:00:03","2017-08-03 20:38:00",TRUE,356005.865061116,8126251.96063354
17005,"2017-08-09 00:23:22","2017-08-03 20:38:00",TRUE,339563.19515114,8131528.3925611
17005,"2017-08-09 01:23:22","2017-08-03 20:38:00",TRUE,340769.748865941,8133617.68962949
17005,"2017-08-09 02:23:22","2017-08-03 20:38:00",TRUE,340819.830862303,8136040.51201372
17005,"2017-08-09 03:23:22","2017-08-03 20:38:00",TRUE,340569.465972096,8140583.27289414
17005,"2017-08-09 04:23:22","2017-08-03 20:38:00",TRUE,342150.387986999,8144022.69510227
17005,"2017-08-09 05:23:22","2017-08-03 20:38:00",TRUE,344625.084983955,8147625.87093206
17005,"2017-08-09 06:23:22","2017-08-03 20:38:00",TRUE,347078.630500556,8150487.59715171
17005,"2017-08-09 07:23:22","2017-08-03 20:38:00",TRUE,347756.620986442,8151112.34195745
17005,"2017-08-09 08:23:22","2017-08-03 20:38:00",TRUE,346301.898351779,8149061.03251894
17005,"2017-08-09 09:23:22","2017-08-03 20:38:00",TRUE,344637.399749359,8146026.96649281
17005,"2017-08-09 10:23:22","2017-08-03 20:38:00",TRUE,344687.109398131,8142623.7188492
17005,"2017-08-09 11:23:22","2017-08-03 20:38:00",TRUE,344825.618971839,8138213.16704606
17005,"2017-08-09 12:23:22","2017-08-03 20:38:00",TRUE,344458.890615178,8135742.77725792
17005,"2017-08-09 13:23:22","2017-08-03 20:38:00",TRUE,344215.364257187,8135221.82472674
17005,"2017-08-09 14:23:22","2017-08-03 20:38:00",TRUE,343695.799564981,8136297.15486137
17005,"2017-08-09 15:23:22","2017-08-03 20:38:00",TRUE,339783.798566052,8137049.82955464
17005,"2017-08-09 16:23:22","2017-08-03 20:38:00",TRUE,338573.443725201,8137710.14989624
17005,"2017-08-09 17:23:22","2017-08-03 20:38:00",TRUE,338002.552221686,8138219.85939093
17005,"2017-08-10 00:23:59","2017-08-03 20:38:00",TRUE,336210.267188187,8122358.97157345
17005,"2017-08-10 01:23:59","2017-08-03 20:38:00",TRUE,336495.843708467,8121329.49615581
17005,"2017-08-10 02:23:59","2017-08-03 20:38:00",TRUE,336350.512561051,8121250.81974065
17005,"2017-08-10 03:23:59","2017-08-03 20:38:00",TRUE,335706.512389657,8120901.29223624
17005,"2017-08-10 04:23:59","2017-08-03 20:38:00",TRUE,334396.13584073,8120201.6321414
17005,"2017-08-10 05:23:59","2017-08-03 20:38:00",TRUE,330972.509541776,8121506.49900658
17005,"2017-08-10 06:23:59","2017-08-03 20:38:00",TRUE,331195.708107891,8123364.63985356
17005,"2017-08-10 07:23:59","2017-08-03 20:38:00",TRUE,333132.927757543,8123469.15719725
17005,"2017-08-10 08:23:59","2017-08-03 20:38:00",TRUE,334843.029753818,8125170.73375987
17005,"2017-08-10 09:23:59","2017-08-03 20:38:00",TRUE,332187.603850231,8122052.3357822
17005,"2017-08-10 10:23:59","2017-08-03 20:38:00",TRUE,332543.941388621,8117367.44185088
17005,"2017-08-10 11:23:59","2017-08-03 20:38:00",TRUE,331384.935929656,8114380.10708285
17005,"2017-08-10 12:23:59","2017-08-03 20:38:00",TRUE,328647.559217716,8112588.09366561
17005,"2017-08-10 13:23:59","2017-08-03 20:38:00",TRUE,325270.716871214,8109991.45019785
17005,"2017-08-10 14:23:59","2017-08-03 20:38:00",TRUE,322055.681546272,8104421.83713751
17005,"2017-08-10 15:23:59","2017-08-03 20:38:00",TRUE,318534.167425794,8098300.29297348
17005,"2017-08-10 16:23:59","2017-08-03 20:38:00",TRUE,318448.137430354,8096782.10363409
17005,"2017-08-10 17:23:59","2017-08-03 20:38:00",TRUE,317346.62137853,8096751.83466325
17005,"2017-08-10 18:23:59","2017-08-03 20:38:00",TRUE,317623.414900267,8096965.82705679
17005,"2017-08-11 00:11:51","2017-08-03 20:38:00",TRUE,317200.368010379,8092209.41531106
17005,"2017-08-11 01:11:51","2017-08-03 20:38:00",TRUE,318663.763966229,8094934.35463785
17005,"2017-08-11 02:11:51","2017-08-03 20:38:00",TRUE,320807.921999823,8097500.63789198
17005,"2017-08-11 03:11:51","2017-08-03 20:38:00",TRUE,322814.272240517,8100109.70368432
17005,"2017-08-11 04:11:51","2017-08-03 20:38:00",TRUE,325350.914877416,8102484.75959333
17005,"2017-08-11 05:11:51","2017-08-03 20:38:00",TRUE,327994.171015251,8105593.53448554
17005,"2017-08-11 06:11:51","2017-08-03 20:38:00",TRUE,330987.187168852,8107551.44291812
17005,"2017-08-11 07:11:51","2017-08-03 20:38:00",TRUE,334129.251153933,8109389.36494354
17005,"2017-08-11 08:11:51","2017-08-03 20:38:00",TRUE,335995.707828631,8110802.18690427
17005,"2017-08-11 09:11:51","2017-08-03 20:38:00",TRUE,335812.177322158,8112546.85086459
17005,"2017-08-11 10:11:51","2017-08-03 20:38:00",TRUE,336918.621728937,8116559.97781486
17005,"2017-08-11 11:11:51","2017-08-03 20:38:00",TRUE,334617.883350793,8117203.7393313
17005,"2017-08-11 12:11:51","2017-08-03 20:38:00",TRUE,330277.584208605,8115070.49817837
17005,"2017-08-11 13:11:51","2017-08-03 20:38:00",TRUE,326663.909963558,8112598.77875212
17005,"2017-08-11 14:11:51","2017-08-03 20:38:00",TRUE,323369.62153998,8107415.83148953
17005,"2017-08-11 15:11:51","2017-08-03 20:38:00",TRUE,319840.987899092,8101946.87714344
17005,"2017-08-11 16:11:51","2017-08-03 20:38:00",TRUE,314999.550059227,8095836.9316667
17005,"2017-08-11 17:11:51","2017-08-03 20:38:00",TRUE,312730.13830619,8088531.6426838
17005,"2017-08-12 00:00:54","2017-08-03 20:38:00",TRUE,314769.839968197,8066825.6933697
17005,"2017-08-12 01:00:54","2017-08-03 20:38:00",TRUE,316895.106991758,8065019.73990431
17005,"2017-08-12 02:00:54","2017-08-03 20:38:00",TRUE,318636.466514953,8061816.19524454
17005,"2017-08-12 03:00:54","2017-08-03 20:38:00",TRUE,321656.787459886,8058589.68017734
17005,"2017-08-12 04:00:54","2017-08-03 20:38:00",TRUE,322223.420173354,8057022.93376358
17005,"2017-08-12 05:00:54","2017-08-03 20:38:00",TRUE,321280.579976176,8057425.06182068
17005,"2017-08-12 06:00:54","2017-08-03 20:38:00",TRUE,321189.978348151,8058898.55041476
17005,"2017-08-12 07:00:54","2017-08-03 20:38:00",TRUE,320257.56316506,8060840.98401319
17005,"2017-08-12 08:00:54","2017-08-03 20:38:00",TRUE,318061.606891004,8064142.59902656
17005,"2017-08-12 09:00:54","2017-08-03 20:38:00",TRUE,314906.059381496,8065064.78865983
17005,"2017-08-12 10:00:54","2017-08-03 20:38:00",TRUE,317233.437803728,8060794.69260953
17005,"2017-08-12 11:00:54","2017-08-03 20:38:00",TRUE,319928.001862349,8055767.72818459
17005,"2017-08-12 12:00:54","2017-08-03 20:38:00",TRUE,322056.063751656,8050897.95910923
17005,"2017-08-12 13:00:54","2017-08-03 20:38:00",TRUE,323456.819690644,8046584.42556856
17005,"2017-08-12 14:00:54","2017-08-03 20:38:00",TRUE,324072.801055922,8042430.63999709
17005,"2017-08-12 15:00:54","2017-08-03 20:38:00",TRUE,322451.397236919,8038158.56532038
17005,"2017-08-12 16:00:54","2017-08-03 20:38:00",TRUE,321014.838309055,8035694.02849587
17005,"2017-08-12 17:00:54","2017-08-03 20:38:00",TRUE,321392.852832424,8035994.78713685
17005,"2017-08-13 00:01:04","2017-08-03 20:38:00",TRUE,322335.027655791,8052009.94945774
17005,"2017-08-13 01:01:04","2017-08-03 20:38:00",TRUE,319646.337554129,8056298.87520742
17005,"2017-08-13 02:01:04","2017-08-03 20:38:00",TRUE,317210.472575931,8060484.76345929
17005,"2017-08-13 03:01:04","2017-08-03 20:38:00",TRUE,315370.035127753,8064028.1953785
17005,"2017-08-13 04:01:04","2017-08-03 20:38:00",TRUE,314495.323877011,8065561.03578664
17005,"2017-08-13 05:01:04","2017-08-03 20:38:00",TRUE,317067.27505981,8063433.64884596
17005,"2017-08-13 06:01:04","2017-08-03 20:38:00",TRUE,316109.766858465,8064358.11974834
17005,"2017-08-13 07:01:04","2017-08-03 20:38:00",TRUE,315239.680631738,8064815.82911031
17005,"2017-08-13 08:01:04","2017-08-03 20:38:00",TRUE,315867.986324281,8062515.65756939
17005,"2017-08-13 09:01:04","2017-08-03 20:38:00",TRUE,318263.084490849,8058623.08289285
17005,"2017-08-13 10:01:04","2017-08-03 20:38:00",TRUE,320299.397592342,8054680.82561143
17005,"2017-08-13 11:01:04","2017-08-03 20:38:00",TRUE,321926.168796112,8050709.53813104
17005,"2017-08-13 12:01:04","2017-08-03 20:38:00",TRUE,323313.341659619,8047019.41590458
17005,"2017-08-13 14:01:04","2017-08-03 20:38:00",TRUE,324674.03196066,8040833.53175153
17005,"2017-08-13 15:01:04","2017-08-03 20:38:00",TRUE,324699.483793711,8038969.82007238
17005,"2017-08-13 16:01:04","2017-08-03 20:38:00",TRUE,324946.452878698,8036955.60689312
17005,"2017-08-13 17:01:04","2017-08-03 20:38:00",TRUE,325406.631015792,8035355.64893084
17005,"2017-08-14 00:00:00","2017-08-03 20:38:00",TRUE,322050.687186557,8037192.04494682
17005,"2017-08-14 01:00:00","2017-08-03 20:38:00",TRUE,321185.49743454,8036196.74404256
17005,"2017-08-14 02:00:00","2017-08-03 20:38:00",TRUE,321388.046720964,8035891.04262155
17005,"2017-08-14 03:00:00","2017-08-03 20:38:00",TRUE,321817.026977209,8035540.7095825
17005,"2017-08-14 04:00:00","2017-08-03 20:38:00",TRUE,322237.523721132,8035516.13795098
17005,"2017-08-14 05:00:00","2017-08-03 20:38:00",TRUE,320468.527289103,8034327.97818028
17005,"2017-08-14 06:00:00","2017-08-03 20:38:00",TRUE,318336.524295126,8032370.58954929
17005,"2017-08-14 07:00:00","2017-08-03 20:38:00",TRUE,316817.262209965,8029036.61841416
17005,"2017-08-14 08:00:00","2017-08-03 20:38:00",TRUE,315914.898433124,8025938.24851547
17005,"2017-08-14 09:00:00","2017-08-03 20:38:00",TRUE,315783.107757005,8023380.39238549
17005,"2017-08-14 10:00:00","2017-08-03 20:38:00",TRUE,315181.832052735,8021175.65343514
17005,"2017-08-14 11:00:00","2017-08-03 20:38:00",TRUE,315310.29535299,8019299.63630938
17005,"2017-08-14 12:00:00","2017-08-03 20:38:00",TRUE,315137.003959054,8016591.94838004
17005,"2017-08-14 13:00:00","2017-08-03 20:38:00",TRUE,314905.839073698,8013232.57758256
17005,"2017-08-14 14:00:00","2017-08-03 20:38:00",TRUE,315493.278423878,8012509.17241169
17005,"2017-08-14 15:00:00","2017-08-03 20:38:00",TRUE,315651.51377948,8015011.74623729
17005,"2017-08-14 16:00:00","2017-08-03 20:38:00",TRUE,315932.267569465,8018261.81682201
17005,"2017-08-14 17:00:00","2017-08-03 20:38:00",TRUE,315083.595294383,8020903.05492554
17005,"2017-08-14 18:00:00","2017-08-03 20:38:00",TRUE,315919.610941743,8023179.88934812
17005,"2017-08-15 00:00:15","2017-08-03 20:38:00",TRUE,316562.078245863,8027362.41803031
17005,"2017-08-15 01:00:15","2017-08-03 20:38:00",TRUE,316113.825176977,8024985.16242387
17005,"2017-08-15 02:00:15","2017-08-03 20:38:00",TRUE,315804.208277403,8023040.70822013
17005,"2017-08-15 03:00:15","2017-08-03 20:38:00",TRUE,314996.733566948,8020369.06198219
17005,"2017-08-15 04:00:15","2017-08-03 20:38:00",TRUE,315493.477641167,8017587.38754063
17005,"2017-08-15 05:00:15","2017-08-03 20:38:00",TRUE,315277.184400519,8014004.01331345
17005,"2017-08-15 06:00:15","2017-08-03 20:38:00",TRUE,314540.485829412,8010411.41712963
17005,"2017-08-15 07:00:15","2017-08-03 20:38:00",TRUE,314892.758445504,8008933.5494852
17005,"2017-08-15 08:00:15","2017-08-03 20:38:00",TRUE,314882.463930318,8009814.00431583
17005,"2017-08-15 09:00:15","2017-08-03 20:38:00",TRUE,314849.783092688,8010475.18487467
17005,"2017-08-15 10:00:15","2017-08-03 20:38:00",TRUE,314651.084952259,8010835.03469254
17005,"2017-08-15 11:00:15","2017-08-03 20:38:00",TRUE,314598.664154274,8011241.63947176
17005,"2017-08-15 12:00:15","2017-08-03 20:38:00",TRUE,315592.413635538,8011719.96207621
17005,"2017-08-15 13:00:15","2017-08-03 20:38:00",TRUE,315667.69528376,8012181.96571466
17005,"2017-08-15 14:00:15","2017-08-03 20:38:00",TRUE,315348.428811886,8012710.56637003
17005,"2017-08-15 15:00:15","2017-08-03 20:38:00",TRUE,315400.254461788,8014081.66014829
17005,"2017-08-15 16:00:15","2017-08-03 20:38:00",TRUE,315318.650381668,8015536.40472371
17005,"2017-08-15 17:00:15","2017-08-03 20:38:00",TRUE,315319.263918394,8017557.84050215
17005,"2017-08-15 18:00:15","2017-08-03 20:38:00",TRUE,315055.559867498,8018925.22892169
17005,"2017-08-16 00:21:31","2017-08-03 20:38:00",TRUE,316840.160528606,8026620.32097473
17005,"2017-08-16 01:21:31","2017-08-03 20:38:00",TRUE,316535.067853636,8025107.11437149
17005,"2017-08-16 02:21:31","2017-08-03 20:38:00",TRUE,316618.377324169,8027126.59317128
17005,"2017-08-16 03:21:31","2017-08-03 20:38:00",TRUE,316621.322828666,8028267.68779825
17005,"2017-08-16 04:21:31","2017-08-03 20:38:00",TRUE,317552.025377169,8030522.69046843
17005,"2017-08-16 05:21:31","2017-08-03 20:38:00",TRUE,318774.80332894,8031977.00859811
17005,"2017-08-16 06:21:31","2017-08-03 20:38:00",TRUE,319549.671157439,8034000.9792988
17005,"2017-08-16 07:21:31","2017-08-03 20:38:00",TRUE,320724.745811473,8035660.12971256
17005,"2017-08-16 08:21:31","2017-08-03 20:38:00",TRUE,321977.574763948,8036839.02396664
17005,"2017-08-16 09:21:31","2017-08-03 20:38:00",TRUE,323003.015527844,8037804.68260463
17005,"2017-08-16 10:21:31","2017-08-03 20:38:00",TRUE,323342.840780696,8039143.65621049
17005,"2017-08-16 11:21:31","2017-08-03 20:38:00",TRUE,323931.025483926,8040337.66110138
17005,"2017-08-16 12:21:31","2017-08-03 20:38:00",TRUE,324835.613347752,8041425.05176944
17005,"2017-08-16 13:21:31","2017-08-03 20:38:00",TRUE,324888.199203495,8042791.79592769
17005,"2017-08-16 14:21:31","2017-08-03 20:38:00",TRUE,324477.197144234,8044122.84025993
17005,"2017-08-16 15:21:31","2017-08-03 20:38:00",TRUE,324074.259501257,8045963.03538511
17005,"2017-08-16 16:21:31","2017-08-03 20:38:00",TRUE,324060.332983002,8047527.03331778
17005,"2017-08-16 17:21:31","2017-08-03 20:38:00",TRUE,324354.549906905,8049408.44517317
17005,"2017-08-16 18:21:31","2017-08-03 20:38:00",TRUE,323852.536838797,8051481.052819
17005,"2017-08-16 19:21:31","2017-08-03 20:38:00",TRUE,323687.932639687,8053327.25170016
17005,"2017-08-17 00:01:21","2017-08-03 20:38:00",TRUE,328824.838597853,8060686.0452117
17005,"2017-08-17 01:01:21","2017-08-03 20:38:00",TRUE,330961.430074004,8060129.74795359
17005,"2017-08-17 02:01:21","2017-08-03 20:38:00",TRUE,332428.967041378,8057670.94018759
17005,"2017-08-17 03:01:21","2017-08-03 20:38:00",TRUE,331014.922533538,8057210.70220208
17005,"2017-08-17 04:01:21","2017-08-03 20:38:00",TRUE,328419.290914241,8059492.1445027
17005,"2017-08-17 05:01:21","2017-08-03 20:38:00",TRUE,328782.766734319,8060190.44170513
17005,"2017-08-17 06:01:21","2017-08-03 20:38:00",TRUE,330992.218033094,8060294.97622309
17005,"2017-08-17 07:01:21","2017-08-03 20:38:00",TRUE,332484.883297896,8058441.21824667
17005,"2017-08-17 08:01:21","2017-08-03 20:38:00",TRUE,334086.430318648,8057171.51585597
17005,"2017-08-17 09:01:21","2017-08-03 20:38:00",TRUE,334764.376354902,8056898.94305048
17005,"2017-08-17 10:01:21","2017-08-03 20:38:00",TRUE,334377.271752713,8055369.36383795
17005,"2017-08-17 11:01:21","2017-08-03 20:38:00",TRUE,334483.309090173,8057445.68244287
17005,"2017-08-17 12:01:21","2017-08-03 20:38:00",TRUE,337258.886241682,8058732.13280329
17005,"2017-08-17 13:01:21","2017-08-03 20:38:00",TRUE,336251.707842156,8057178.35473128
17005,"2017-08-17 14:01:21","2017-08-03 20:38:00",TRUE,332434.123219708,8055737.12184686
17005,"2017-08-17 15:01:21","2017-08-03 20:38:00",TRUE,327878.433560492,8055544.90825694
17005,"2017-08-17 16:01:21","2017-08-03 20:38:00",TRUE,325338.479273364,8054888.75867479
17005,"2017-08-17 17:01:21","2017-08-03 20:38:00",TRUE,326727.555142902,8052527.19971357
17005,"2017-08-17 18:01:21","2017-08-03 20:38:00",TRUE,328181.915942911,8053109.09748025
17005,"2017-08-17 19:01:21","2017-08-03 20:38:00",TRUE,327873.981659441,8055087.59575757
17005,"2017-08-18 00:12:57","2017-08-03 20:38:00",TRUE,327382.0720539,8065301.5100017
17005,"2017-08-18 01:12:57","2017-08-03 20:38:00",TRUE,326793.655669482,8065370.16289094
17005,"2017-08-18 02:12:57","2017-08-03 20:38:00",TRUE,328371.047012301,8065289.09847264
17005,"2017-08-18 03:12:57","2017-08-03 20:38:00",TRUE,330068.674826982,8064100.97851438
17005,"2017-08-18 04:12:57","2017-08-03 20:38:00",TRUE,331675.45709093,8063866.39672923
17005,"2017-08-18 05:12:57","2017-08-03 20:38:00",TRUE,333236.670890709,8063289.79297645
17005,"2017-08-18 06:12:57","2017-08-03 20:38:00",TRUE,334951.845113219,8063866.17612742
17005,"2017-08-18 07:12:57","2017-08-03 20:38:00",TRUE,335941.700164833,8063631.8551478
17005,"2017-08-18 08:12:57","2017-08-03 20:38:00",TRUE,337463.070646922,8060950.55840181
17005,"2017-08-18 09:12:57","2017-08-03 20:38:00",TRUE,338104.011093748,8060760.95517628
17005,"2017-08-18 10:12:57","2017-08-03 20:38:00",TRUE,338801.312510944,8061514.72260853
17005,"2017-08-18 11:12:57","2017-08-03 20:38:00",TRUE,337957.194382173,8059044.04462323
17005,"2017-08-18 12:12:57","2017-08-03 20:38:00",TRUE,336420.5415193,8055976.10129737
17005,"2017-08-18 13:12:57","2017-08-03 20:38:00",TRUE,335529.778802305,8051948.436334
17005,"2017-08-18 14:12:57","2017-08-03 20:38:00",TRUE,332374.34320739,8050743.83520203
17005,"2017-08-18 15:12:57","2017-08-03 20:38:00",TRUE,328600.867675238,8052335.30266923
17005,"2017-08-18 16:12:57","2017-08-03 20:38:00",TRUE,325176.374592536,8054040.57452837
17005,"2017-08-18 17:12:57","2017-08-03 20:38:00",TRUE,322394.351578284,8056788.58651759
17005,"2017-08-18 18:12:57","2017-08-03 20:38:00",TRUE,321187.983441648,8058781.30310639
17005,"2017-08-19 00:10:00","2017-08-03 20:38:00",TRUE,323243.161092519,8050720.01694715
17005,"2017-08-19 01:10:00","2017-08-03 20:38:00",TRUE,324168.200747504,8050712.84401056
17005,"2017-08-19 02:10:00","2017-08-03 20:38:00",TRUE,326125.497213199,8048963.45118765
17005,"2017-08-19 03:10:00","2017-08-03 20:38:00",TRUE,329959.140446018,8048525.8173333
17005,"2017-08-19 04:10:00","2017-08-03 20:38:00",TRUE,332994.704868179,8047994.148494
17005,"2017-08-19 05:10:00","2017-08-03 20:38:00",TRUE,338222.036541495,8047368.91642111
17005,"2017-08-19 06:10:00","2017-08-03 20:38:00",TRUE,340723.850506857,8046312.45898957
17005,"2017-08-19 07:10:00","2017-08-03 20:38:00",TRUE,341666.395734495,8045829.23321001
17005,"2017-08-19 08:10:00","2017-08-03 20:38:00",TRUE,342069.306402726,8046186.55525179
17005,"2017-08-19 09:10:00","2017-08-03 20:38:00",TRUE,342710.248994814,8046319.0094839
17005,"2017-08-19 10:10:00","2017-08-03 20:38:00",TRUE,343342.94240733,8046624.58456915
17005,"2017-08-19 11:10:00","2017-08-03 20:38:00",TRUE,343747.343222166,8047122.59346455
17005,"2017-08-19 12:10:00","2017-08-03 20:38:00",TRUE,343536.926902857,8048125.48428057
17005,"2017-08-19 13:10:00","2017-08-03 20:38:00",TRUE,343015.613778682,8048920.53272227
17005,"2017-08-19 14:10:00","2017-08-03 20:38:00",TRUE,342850.47606881,8049721.20073903
17005,"2017-08-19 15:10:00","2017-08-03 20:38:00",TRUE,342595.4910478,8050451.78928844
17005,"2017-08-19 16:10:00","2017-08-03 20:38:00",TRUE,342668.039316677,8051678.98033792
17005,"2017-08-19 17:10:00","2017-08-03 20:38:00",TRUE,341602.789052454,8053150.36825756
17005,"2017-08-19 18:10:00","2017-08-03 20:38:00",TRUE,341631.026157531,8051963.32343308
17005,"2017-08-19 19:10:00","2017-08-03 20:38:00",TRUE,341617.887836711,8049485.04015269
17005,"2017-08-19 20:10:00","2017-08-03 20:38:00",TRUE,342646.071283978,8047906.29049486
17005,"2017-08-20 00:42:21","2017-08-03 20:38:00",TRUE,341324.488903679,8057315.8062468
17005,"2017-08-20 01:42:21","2017-08-03 20:38:00",TRUE,343474.633432293,8059542.6085636
17005,"2017-08-20 02:42:21","2017-08-03 20:38:00",TRUE,344605.822550661,8056248.27595963
17005,"2017-08-20 03:42:21","2017-08-03 20:38:00",TRUE,343740.294626726,8052581.37217686
17005,"2017-08-20 04:42:21","2017-08-03 20:38:00",TRUE,341233.511239799,8050649.83308589
17005,"2017-08-20 05:42:21","2017-08-03 20:38:00",TRUE,337228.980868112,8048896.11141546
17005,"2017-08-20 06:42:21","2017-08-03 20:38:00",TRUE,333899.203962399,8045122.7214767
17005,"2017-08-20 07:42:21","2017-08-03 20:38:00",TRUE,329436.136844878,8042872.80249821
17005,"2017-08-20 08:42:21","2017-08-03 20:38:00",TRUE,325258.520029066,8044311.64070734
17005,"2017-08-20 09:42:21","2017-08-03 20:38:00",TRUE,323067.920033979,8047536.51429014
17005,"2017-08-20 10:42:21","2017-08-03 20:38:00",TRUE,321449.018289937,8052228.47894636
17005,"2017-08-20 11:42:21","2017-08-03 20:38:00",TRUE,319977.130622575,8055822.92435295
17005,"2017-08-20 12:42:21","2017-08-03 20:38:00",TRUE,317927.061495553,8059066.6285703
17005,"2017-08-20 13:42:21","2017-08-03 20:38:00",TRUE,315918.591618489,8062382.59946075
17005,"2017-08-20 14:42:21","2017-08-03 20:38:00",TRUE,313769.406191651,8066736.03026008
17005,"2017-08-20 15:42:21","2017-08-03 20:38:00",TRUE,312840.29852205,8071929.51986834
17005,"2017-08-20 16:42:21","2017-08-03 20:38:00",TRUE,311655.436142139,8075975.09517099
17005,"2017-08-20 17:42:21","2017-08-03 20:38:00",TRUE,311700.841546015,8078525.86839405
17005,"2017-08-21 00:00:58","2017-08-03 20:38:00",TRUE,315201.916629857,8064185.47430827
17005,"2017-08-21 01:00:58","2017-08-03 20:38:00",TRUE,315222.848929482,8064487.59770844
17005,"2017-08-21 02:00:58","2017-08-03 20:38:00",TRUE,312788.991912742,8069036.99398213
17005,"2017-08-21 03:00:58","2017-08-03 20:38:00",TRUE,311287.158734829,8072974.13378258
17005,"2017-08-21 04:00:58","2017-08-03 20:38:00",TRUE,311940.913144263,8075670.71238643
17005,"2017-08-21 05:00:58","2017-08-03 20:38:00",TRUE,311111.528682601,8080045.90283646
17005,"2017-08-21 06:00:58","2017-08-03 20:38:00",TRUE,311978.969424674,8084671.74019008
17005,"2017-08-21 08:00:58","2017-08-03 20:38:00",TRUE,313885.472536224,8093577.11464997
17005,"2017-08-21 09:00:58","2017-08-03 20:38:00",TRUE,316334.995040677,8097572.76745206
17005,"2017-08-21 10:00:58","2017-08-03 20:38:00",TRUE,313904.756963031,8094056.80686212
17005,"2017-08-21 11:00:58","2017-08-03 20:38:00",TRUE,312749.010919319,8088691.99832423
17005,"2017-08-21 12:00:58","2017-08-03 20:38:00",TRUE,311731.412067494,8084746.56447118
17005,"2017-08-21 13:00:58","2017-08-03 20:38:00",TRUE,310787.046360118,8080075.10963027
17005,"2017-08-21 14:00:58","2017-08-03 20:38:00",TRUE,311379.8553746,8075759.66899597
17005,"2017-08-21 15:00:58","2017-08-03 20:38:00",TRUE,311265.059126847,8071763.19405112
17005,"2017-08-21 16:00:58","2017-08-03 20:38:00",TRUE,312956.491324067,8068043.78591178
17005,"2017-08-21 17:00:58","2017-08-03 20:38:00",TRUE,314445.683774223,8064835.87368617
17005,"2017-08-22 00:01:07","2017-08-03 20:38:00",TRUE,328548.21577836,8053284.42336992
17005,"2017-08-22 01:01:07","2017-08-03 20:38:00",TRUE,329155.22791371,8054442.2718608
17005,"2017-08-22 02:01:07","2017-08-03 20:38:00",TRUE,328869.502452617,8056318.17423662
17005,"2017-08-22 03:01:07","2017-08-03 20:38:00",TRUE,330723.907973654,8052396.12869773
17005,"2017-08-22 04:01:07","2017-08-03 20:38:00",TRUE,332158.036589251,8046908.34483896
17005,"2017-08-22 05:01:07","2017-08-03 20:38:00",TRUE,333466.986223871,8042077.29647107
17005,"2017-08-22 06:01:07","2017-08-03 20:38:00",TRUE,334646.687408491,8042493.69087754
17005,"2017-08-22 07:01:07","2017-08-03 20:38:00",TRUE,332491.038110096,8044833.77901361
17005,"2017-08-22 08:01:07","2017-08-03 20:38:00",TRUE,331030.98220921,8048350.73338109
17005,"2017-08-22 09:01:07","2017-08-03 20:38:00",TRUE,329953.594744399,8050993.60876333
17005,"2017-08-22 10:01:07","2017-08-03 20:38:00",TRUE,327872.401107804,8053907.03777494
17005,"2017-08-22 11:01:07","2017-08-03 20:38:00",TRUE,327710.7208575,8057932.27974448
17005,"2017-08-22 12:01:07","2017-08-03 20:38:00",TRUE,328433.678981457,8060543.4393955
17005,"2017-08-22 13:01:07","2017-08-03 20:38:00",TRUE,329334.874484763,8062061.99803054
17005,"2017-08-22 14:01:07","2017-08-03 20:38:00",TRUE,330072.675493234,8063366.54684438
17005,"2017-08-22 15:01:07","2017-08-03 20:38:00",TRUE,330649.969732058,8064474.24497477
17005,"2017-08-22 16:01:07","2017-08-03 20:38:00",TRUE,331049.56883512,8065515.81582808
17005,"2017-08-22 17:01:07","2017-08-03 20:38:00",TRUE,330513.972522651,8067368.53627779
17005,"2017-08-22 18:01:07","2017-08-03 20:38:00",TRUE,331672.495886807,8068140.96721057
17005,"2017-08-22 19:01:07","2017-08-03 20:38:00",TRUE,332546.111851562,8069173.23479809
17005,"2017-08-22 20:01:07","2017-08-03 20:38:00",TRUE,333540.363146482,8069477.82412909
17005,"2017-08-23 07:36:22","2017-08-03 20:38:00",TRUE,338620.72354092,8072398.65554136
17005,"2017-08-23 08:36:22","2017-08-03 20:38:00",TRUE,337603.639168755,8071220.26865168
17005,"2017-08-23 09:36:22","2017-08-03 20:38:00",TRUE,337415.35755978,8069051.7393803
17005,"2017-08-23 10:36:22","2017-08-03 20:38:00",TRUE,336376.916934884,8066876.80750002
17005,"2017-08-23 11:36:22","2017-08-03 20:38:00",TRUE,332310.389648971,8066560.61102204
17005,"2017-08-23 12:36:22","2017-08-03 20:38:00",TRUE,330016.461252592,8066359.50637065
17005,"2017-08-23 13:36:22","2017-08-03 20:38:00",TRUE,325646.994581372,8066421.05522889
17005,"2017-08-23 14:36:22","2017-08-03 20:38:00",TRUE,323276.882418009,8068142.80260705
17005,"2017-08-23 15:36:22","2017-08-03 20:38:00",TRUE,321379.178538153,8069401.02609704
17005,"2017-08-23 16:36:22","2017-08-03 20:38:00",TRUE,319885.07252384,8072242.98858879
17005,"2017-08-24 01:38:48","2017-08-03 20:38:00",TRUE,314735.535421077,8088931.81639144
17005,"2017-08-24 02:38:48","2017-08-03 20:38:00",TRUE,315348.058777348,8090835.52309125
17005,"2017-08-24 03:38:48","2017-08-03 20:38:00",TRUE,316471.929130473,8090976.51631062
17005,"2017-08-24 04:38:48","2017-08-03 20:38:00",TRUE,316988.360518716,8090482.60213266
17005,"2017-08-24 05:38:48","2017-08-03 20:38:00",TRUE,317017.652717824,8089505.47609896
17005,"2017-08-24 06:38:48","2017-08-03 20:38:00",TRUE,318348.260833065,8087977.34301808
17005,"2017-08-24 07:38:48","2017-08-03 20:38:00",TRUE,318027.654855217,8088163.57494
17005,"2017-08-24 08:38:48","2017-08-03 20:38:00",TRUE,316408.953965091,8088157.50090975
17005,"2017-08-24 09:38:48","2017-08-03 20:38:00",TRUE,314842.903866079,8086904.19189362
17005,"2017-08-24 10:38:48","2017-08-03 20:38:00",TRUE,315731.080365962,8084961.19604259
17005,"2017-08-24 11:38:48","2017-08-03 20:38:00",TRUE,317584.773745834,8084949.73260708
17005,"2017-08-24 12:38:48","2017-08-03 20:38:00",TRUE,318874.14936418,8086804.75458716
17005,"2017-08-24 13:38:48","2017-08-03 20:38:00",TRUE,319620.199973819,8089957.91839023
17005,"2017-08-24 14:38:48","2017-08-03 20:38:00",TRUE,319257.682797926,8093096.39483672
17005,"2017-08-24 15:38:48","2017-08-03 20:38:00",TRUE,320096.665405317,8094011.8911529
17005,"2017-08-24 16:38:48","2017-08-03 20:38:00",TRUE,321197.765722245,8095145.66158963
17005,"2017-08-24 17:38:48","2017-08-03 20:38:00",TRUE,322138.993195794,8096708.42676633
17005,"2017-08-24 18:38:48","2017-08-03 20:38:00",TRUE,323209.114054816,8098143.67186437
17005,"2017-08-24 19:38:48","2017-08-03 20:38:00",TRUE,324666.962652055,8097347.10507786
17005,"2017-08-25 00:18:10","2017-08-03 20:38:00",TRUE,329054.072225983,8101750.47047685
17005,"2017-08-25 01:18:10","2017-08-03 20:38:00",TRUE,329854.598015365,8102214.35202992
17005,"2017-08-25 02:18:10","2017-08-03 20:38:00",TRUE,329932.593029201,8102414.20533447
17005,"2017-08-25 03:18:10","2017-08-03 20:38:00",TRUE,331377.302335378,8103663.21809592
17005,"2017-08-25 04:18:10","2017-08-03 20:38:00",TRUE,331287.158648647,8104202.38228015
17005,"2017-08-25 05:18:10","2017-08-03 20:38:00",TRUE,331646.046100955,8104131.81654687
17005,"2017-08-25 06:18:10","2017-08-03 20:38:00",TRUE,330226.49758219,8103046.14850965
17005,"2017-08-25 07:18:10","2017-08-03 20:38:00",TRUE,323858.850473251,8099077.98500731
17005,"2017-08-25 08:18:10","2017-08-03 20:38:00",TRUE,317388.376405241,8096809.44903067
17005,"2017-08-25 09:18:10","2017-08-03 20:38:00",TRUE,313543.330586174,8092972.30872205
17005,"2017-08-25 10:18:10","2017-08-03 20:38:00",TRUE,312652.391020468,8087946.11469995
17005,"2017-08-25 11:18:10","2017-08-03 20:38:00",TRUE,311185.963152592,8083730.94744991
17005,"2017-08-25 12:18:10","2017-08-03 20:38:00",TRUE,310719.163424245,8081930.47733309
17005,"2017-08-25 13:18:10","2017-08-03 20:38:00",TRUE,310592.417623137,8077794.56026626
17005,"2017-08-25 14:18:10","2017-08-03 20:38:00",TRUE,311504.572587227,8074056.10421096
17005,"2017-08-25 15:18:10","2017-08-03 20:38:00",TRUE,313345.014436004,8070350.88182605
17005,"2017-08-25 16:18:10","2017-08-03 20:38:00",TRUE,314043.264194367,8067051.45236456
17005,"2017-08-25 17:18:10","2017-08-03 20:38:00",TRUE,315469.166262532,8063430.74182876
17005,"2017-08-25 18:18:10","2017-08-03 20:38:00",TRUE,317769.235765604,8059590.13106048
17005,"2017-08-26 09:31:25","2017-08-03 20:38:00",TRUE,313450.592424174,8092383.54437093
17005,"2017-08-26 10:31:25","2017-08-03 20:38:00",TRUE,315417.915954504,8096362.03285088
17005,"2017-08-26 11:31:25","2017-08-03 20:38:00",TRUE,315430.440645899,8096077.08464856
17005,"2017-08-26 12:31:25","2017-08-03 20:38:00",TRUE,316060.043288073,8093482.86059247
17005,"2017-08-26 13:31:25","2017-08-03 20:38:00",TRUE,316669.707836681,8092349.46745131
17005,"2017-08-26 14:31:25","2017-08-03 20:38:00",TRUE,314745.385052616,8095473.46941183
17005,"2017-08-26 15:31:25","2017-08-03 20:38:00",TRUE,318557.815604515,8099906.66135498
17005,"2017-08-27 02:10:03","2017-08-03 20:38:00",TRUE,330795.529402986,8123514.21073854
17005,"2017-08-27 03:10:03","2017-08-03 20:38:00",TRUE,329750.762066692,8121464.93214634
17005,"2017-08-27 04:10:03","2017-08-03 20:38:00",TRUE,329355.47778531,8120807.19563994
17005,"2017-08-27 05:10:03","2017-08-03 20:38:00",TRUE,329855.420094017,8121716.89673521
17005,"2017-08-27 06:10:03","2017-08-03 20:38:00",TRUE,330206.678829669,8120196.7549611
17005,"2017-08-27 07:10:03","2017-08-03 20:38:00",TRUE,331119.778394934,8121954.07412475
17005,"2017-08-27 08:10:03","2017-08-03 20:38:00",TRUE,328802.906026403,8120219.73559085
17005,"2017-08-27 09:10:03","2017-08-03 20:38:00",TRUE,327205.519917616,8114624.16590692
17005,"2017-08-27 10:10:03","2017-08-03 20:38:00",TRUE,325317.568703517,8110361.14352485
17005,"2017-08-27 12:10:03","2017-08-03 20:38:00",TRUE,320259.407120302,8102373.99719603
17005,"2017-08-27 13:10:03","2017-08-03 20:38:00",TRUE,318114.445480878,8099601.07024867
17005,"2017-08-27 14:10:03","2017-08-03 20:38:00",TRUE,315413.706563884,8096491.1251643
17005,"2017-08-27 15:10:03","2017-08-03 20:38:00",TRUE,313461.008458319,8092308.20970393
17005,"2017-08-27 16:10:03","2017-08-03 20:38:00",TRUE,312989.20037422,8089094.82513089
17005,"2017-08-27 17:10:03","2017-08-03 20:38:00",TRUE,312146.98718934,8085655.52921757
17005,"2017-08-28 00:24:12","2017-08-03 20:38:00",TRUE,314179.742456757,8067071.17187839
17005,"2017-08-28 01:24:12","2017-08-03 20:38:00",TRUE,315249.939803083,8063880.56064376
17005,"2017-08-28 02:24:12","2017-08-03 20:38:00",TRUE,317226.068139143,8060667.27032538
17005,"2017-08-28 03:24:12","2017-08-03 20:38:00",TRUE,320261.369364476,8058812.85065817
17005,"2017-08-28 04:24:12","2017-08-03 20:38:00",TRUE,321631.583650771,8056405.0166729
17005,"2017-08-28 05:24:12","2017-08-03 20:38:00",TRUE,323372.854618679,8051877.53204639
17005,"2017-08-28 06:24:12","2017-08-03 20:38:00",TRUE,322846.702068884,8049562.53751389
17005,"2017-08-28 07:24:12","2017-08-03 20:38:00",TRUE,321674.528070409,8051404.99311205
17005,"2017-08-28 08:24:12","2017-08-03 20:38:00",TRUE,320816.939095473,8054014.87633587
17005,"2017-08-28 09:24:12","2017-08-03 20:38:00",TRUE,319488.936079452,8056395.03134179
17005,"2017-08-28 10:24:12","2017-08-03 20:38:00",TRUE,318083.394354231,8059434.92437375
17005,"2017-08-28 11:24:12","2017-08-03 20:38:00",TRUE,319621.299064655,8055905.45714301
17005,"2017-08-28 12:24:12","2017-08-03 20:38:00",TRUE,322056.99911215,8050183.90467589
17005,"2017-08-28 13:24:12","2017-08-03 20:38:00",TRUE,323779.830444083,8044464.19228381
17005,"2017-08-29 00:00:02","2017-08-03 20:38:00",TRUE,321618.135254658,8052745.66118597
17005,"2017-08-29 01:00:02","2017-08-03 20:38:00",TRUE,322153.584287695,8049302.90843089
17005,"2017-08-29 02:00:02","2017-08-03 20:38:00",TRUE,323777.23155735,8044027.63409061
17005,"2017-08-29 03:00:02","2017-08-03 20:38:00",TRUE,322950.497680937,8039514.4522526
17005,"2017-08-29 04:00:02","2017-08-03 20:38:00",TRUE,321005.073527636,8036255.64447787
17005,"2017-08-29 05:00:02","2017-08-03 20:38:00",TRUE,319002.185356569,8033366.40756704
17005,"2017-08-29 06:00:02","2017-08-03 20:38:00",TRUE,317232.250707408,8030346.59550339
17005,"2017-08-29 07:00:02","2017-08-03 20:38:00",TRUE,315956.370130306,8026947.12815582
17005,"2017-08-29 08:00:02","2017-08-03 20:38:00",TRUE,315374.091949354,8022284.40911555
17005,"2017-08-29 09:00:02","2017-08-03 20:38:00",TRUE,314841.786880476,8018375.23471976
17005,"2017-08-29 10:00:02","2017-08-03 20:38:00",TRUE,314679.719916222,8020224.18985642
17005,"2017-08-29 11:00:02","2017-08-03 20:38:00",TRUE,315497.738499744,8023547.08752104
17005,"2017-08-29 12:00:02","2017-08-03 20:38:00",TRUE,316436.737687823,8026394.38813807
17005,"2017-08-29 13:00:02","2017-08-03 20:38:00",TRUE,316096.902567111,8027060.32766895
17005,"2017-08-29 14:00:02","2017-08-03 20:38:00",TRUE,315669.027692775,8023474.5002222
17005,"2017-08-29 15:00:02","2017-08-03 20:38:00",TRUE,314780.065357689,8019794.08817341
17005,"2017-08-29 16:00:02","2017-08-03 20:38:00",TRUE,314852.133085719,8016149.30380377
17005,"2017-08-29 17:00:02","2017-08-03 20:38:00",TRUE,314465.224972877,8010463.30695528
17005,"2017-08-30 00:02:08","2017-08-03 20:38:00",TRUE,316513.697645668,7998562.70996301
17005,"2017-08-30 01:02:08","2017-08-03 20:38:00",TRUE,315451.398428105,7999991.26830008
17005,"2017-08-30 02:02:08","2017-08-03 20:38:00",TRUE,314936.652552594,7999859.51915197
17005,"2017-08-30 03:02:08","2017-08-03 20:38:00",TRUE,316131.907180535,7997144.16211793
17005,"2017-08-30 04:02:08","2017-08-03 20:38:00",TRUE,317437.45269529,7993992.7233463
17005,"2017-08-30 05:02:08","2017-08-03 20:38:00",TRUE,317491.257793987,7995649.8558737
17005,"2017-08-30 06:02:08","2017-08-03 20:38:00",TRUE,316106.405894894,7997424.02329485
17005,"2017-08-30 07:02:08","2017-08-03 20:38:00",TRUE,316281.941371185,7995824.57837739
17005,"2017-08-30 08:02:08","2017-08-03 20:38:00",TRUE,316705.516657036,7995646.83621224
17005,"2017-08-30 09:02:08","2017-08-03 20:38:00",TRUE,316946.489465154,7997188.9456163
17005,"2017-08-30 10:02:08","2017-08-03 20:38:00",TRUE,316410.426240738,7999055.22369611
17005,"2017-08-30 11:02:08","2017-08-03 20:38:00",TRUE,315104.46894949,8003140.08476636
17005,"2017-08-30 12:02:08","2017-08-03 20:38:00",TRUE,314353.322745789,8008003.65766875
17005,"2017-08-30 13:02:08","2017-08-03 20:38:00",TRUE,315426.301406154,8007322.23338005
17005,"2017-08-30 14:02:08","2017-08-03 20:38:00",TRUE,314814.65131973,8009590.43533012
17005,"2017-08-30 15:02:08","2017-08-03 20:38:00",TRUE,315076.601094321,8013565.13913021
17005,"2017-08-30 16:02:08","2017-08-03 20:38:00",TRUE,315244.12760459,8017592.04123725
17005,"2017-08-30 17:02:08","2017-08-03 20:38:00",TRUE,315351.663066328,8017805.27907695
17005,"2017-08-30 18:02:08","2017-08-03 20:38:00",TRUE,315077.353995991,8019067.97462455
17005,"2017-08-31 00:00:01","2017-08-03 20:38:00",TRUE,320354.618732558,8035414.92096648
17005,"2017-08-31 01:00:01","2017-08-03 20:38:00",TRUE,317432.611596125,8031280.34265271
17005,"2017-08-31 02:00:01","2017-08-03 20:38:00",TRUE,317689.412670968,8029675.14132083
17005,"2017-08-31 03:00:01","2017-08-03 20:38:00",TRUE,316806.667125587,8028667.52292528
17005,"2017-08-31 04:00:01","2017-08-03 20:38:00",TRUE,315341.916726012,8023488.17482813
17005,"2017-08-31 05:00:01","2017-08-03 20:38:00",TRUE,314957.986645064,8019197.35134524
17005,"2017-08-31 09:24:56","2017-08-03 20:38:00",TRUE,315438.349282152,8017895.25101914
17005,"2017-08-31 10:24:56","2017-08-03 20:38:00",TRUE,315014.811866903,8019806.80202212
17005,"2017-08-31 11:24:56","2017-08-03 20:38:00",TRUE,315641.435260663,8023810.67605476
17005,"2017-08-31 12:24:56","2017-08-03 20:38:00",TRUE,316020.340962727,8025294.11062077
17005,"2017-08-31 13:24:56","2017-08-03 20:38:00",TRUE,316647.790804847,8025435.76655904
17005,"2017-09-01 00:19:58","2017-08-03 20:38:00",TRUE,336543.510261395,8026634.81151594
17005,"2017-09-01 01:19:58","2017-08-03 20:38:00",TRUE,336028.260933254,8026108.60758892
17005,"2017-09-01 02:19:58","2017-08-03 20:38:00",TRUE,335954.313198887,8026822.68758892
17005,"2017-09-01 03:19:58","2017-08-03 20:38:00",TRUE,336258.481504558,8027741.40248497
17005,"2017-09-01 04:19:58","2017-08-03 20:38:00",TRUE,338606.92071651,8027649.61495379
17005,"2017-09-01 05:19:58","2017-08-03 20:38:00",TRUE,340867.760609723,8024800.6843576
17005,"2017-09-01 06:19:58","2017-08-03 20:38:00",TRUE,343290.507947725,8025005.9167216
17005,"2017-09-01 08:19:58","2017-08-03 20:38:00",TRUE,344976.433611687,8017775.84967211
17005,"2017-09-01 09:19:58","2017-08-03 20:38:00",TRUE,345970.239696736,8013893.94974269
17005,"2017-09-01 10:19:58","2017-08-03 20:38:00",TRUE,346319.655495056,8010599.99931865
17005,"2017-09-01 11:19:58","2017-08-03 20:38:00",TRUE,344759.93267996,8009491.10684344
17005,"2017-09-01 12:19:58","2017-08-03 20:38:00",TRUE,341436.662002131,8010175.85306963
17005,"2017-09-02 00:02:36","2017-08-03 20:38:00",TRUE,335141.588130413,7998639.67950825
17005,"2017-09-02 01:02:36","2017-08-03 20:38:00",TRUE,333927.2628459,7998289.89270491
17005,"2017-09-02 02:02:36","2017-08-03 20:38:00",TRUE,335203.949788285,7997742.05117685
17005,"2017-09-02 03:02:36","2017-08-03 20:38:00",TRUE,334119.558375408,7998356.56377936
17005,"2017-09-02 04:02:36","2017-08-03 20:38:00",TRUE,334950.114098824,7998111.95014639
17005,"2017-09-02 05:02:36","2017-08-03 20:38:00",TRUE,331779.180743388,8000843.52542473
17005,"2017-09-02 06:02:36","2017-08-03 20:38:00",TRUE,330180.758981033,8001444.27586512
17005,"2017-09-02 07:02:36","2017-08-03 20:38:00",TRUE,329770.371025189,8004167.35561305
17005,"2017-09-02 08:02:36","2017-08-03 20:38:00",TRUE,329385.790025929,8005665.86924644
17005,"2017-09-02 09:02:36","2017-08-03 20:38:00",TRUE,328738.30189617,8006038.29496628
17005,"2017-09-02 10:02:36","2017-08-03 20:38:00",TRUE,332628.776955273,8005209.16454583
17005,"2017-09-02 11:02:36","2017-08-03 20:38:00",TRUE,336243.515925,8006068.69866159
17005,"2017-09-02 12:02:36","2017-08-03 20:38:00",TRUE,340159.874964555,8004826.5384513
17005,"2017-09-02 13:02:36","2017-08-03 20:38:00",TRUE,341321.936146867,8007348.80299622
17005,"2017-09-02 14:02:36","2017-08-03 20:38:00",TRUE,339786.199341155,8011161.88205604
17005,"2017-09-02 15:02:36","2017-08-03 20:38:00",TRUE,340429.226729987,8014523.16877124
17005,"2017-09-02 16:02:36","2017-08-03 20:38:00",TRUE,342018.041470821,8014577.19343664
17005,"2017-09-02 17:02:36","2017-08-03 20:38:00",TRUE,340396.73703864,8011289.81570226
17005,"2017-09-02 18:02:36","2017-08-03 20:38:00",TRUE,337065.402588133,8011818.47676953
17005,"2017-09-02 19:02:36","2017-08-03 20:38:00",TRUE,335722.278252891,8011021.52555767
17006,"2017-08-05 00:07:59","2017-08-03 20:38:00",TRUE,516178.790218945,8059539.13943793
17006,"2017-08-05 01:07:59","2017-08-03 20:38:00",TRUE,518359.365297476,8063331.66198411
17006,"2017-08-05 02:07:59","2017-08-03 20:38:00",TRUE,520950.721650328,8064762.22667942
17006,"2017-08-05 03:07:59","2017-08-03 20:38:00",TRUE,525181.219307398,8065807.83074863
17006,"2017-08-05 04:07:59","2017-08-03 20:38:00",TRUE,525489.548635648,8069624.09400234
17006,"2017-08-05 05:07:59","2017-08-03 20:38:00",TRUE,528236.540516061,8074612.74526639
17006,"2017-08-05 06:07:59","2017-08-03 20:38:00",TRUE,532716.276856942,8078534.8141448
17006,"2017-08-05 07:07:59","2017-08-03 20:38:00",TRUE,528656.453214556,8081595.92825595
17006,"2017-08-05 08:07:59","2017-08-03 20:38:00",TRUE,524159.893810466,8085193.44269148
17006,"2017-08-05 09:07:59","2017-08-03 20:38:00",TRUE,526852.605930966,8091621.92992579
17006,"2017-08-05 10:07:59","2017-08-03 20:38:00",TRUE,530607.632772963,8092279.04747399
17006,"2017-08-05 11:07:59","2017-08-03 20:38:00",TRUE,532137.441458903,8086052.4348982
17006,"2017-08-05 12:07:59","2017-08-03 20:38:00",TRUE,536689.014449393,8081334.95211084
17006,"2017-08-05 13:07:59","2017-08-03 20:38:00",TRUE,537972.060969451,8074292.36050754
17006,"2017-08-05 14:07:59","2017-08-03 20:38:00",TRUE,537426.04215164,8067425.20128535
17006,"2017-08-05 15:07:59","2017-08-03 20:38:00",TRUE,530351.626722191,8064287.57113791
17006,"2017-08-05 16:07:59","2017-08-03 20:38:00",TRUE,523820.220285637,8059833.40354339
17006,"2017-08-05 17:07:59","2017-08-03 20:38:00",TRUE,517342.715558062,8057217.9680948
17006,"2017-08-05 18:07:59","2017-08-03 20:38:00",TRUE,518078.350410228,8060254.15720363
17006,"2017-08-06 00:01:10","2017-08-03 20:38:00",TRUE,500428.081880271,8036059.90270893
17006,"2017-08-06 01:01:10","2017-08-03 20:38:00",TRUE,499732.173187574,8033029.22973279
17006,"2017-08-06 02:01:10","2017-08-03 20:38:00",TRUE,500983.667477202,8036457.98099109
17006,"2017-08-06 03:01:10","2017-08-03 20:38:00",TRUE,501599.395672336,8038288.05311205
17006,"2017-08-06 04:01:10","2017-08-03 20:38:00",TRUE,502790.040222994,8039679.56526199
17006,"2017-08-06 05:01:10","2017-08-03 20:38:00",TRUE,504773.703791251,8042061.91263493
17006,"2017-08-06 06:01:10","2017-08-03 20:38:00",TRUE,507335.810109886,8044956.07939186
17006,"2017-08-06 07:01:10","2017-08-03 20:38:00",TRUE,510122.982924535,8049047.05197857
17006,"2017-08-06 08:01:10","2017-08-03 20:38:00",TRUE,514357.299282523,8052512.37147075
17006,"2017-08-06 09:01:10","2017-08-03 20:38:00",TRUE,515866.64477174,8056404.94925352
17006,"2017-08-06 10:01:10","2017-08-03 20:38:00",TRUE,517761.725705248,8061992.37841584
17006,"2017-08-06 11:01:10","2017-08-03 20:38:00",TRUE,521280.797579629,8066513.67053555
17006,"2017-08-06 12:01:10","2017-08-03 20:38:00",TRUE,525144.877629783,8069798.56548023
17006,"2017-08-06 13:01:10","2017-08-03 20:38:00",TRUE,527413.67056599,8075501.94135335
17006,"2017-08-06 14:01:10","2017-08-03 20:38:00",TRUE,523679.944730082,8081641.08296966
17006,"2017-08-06 15:01:10","2017-08-03 20:38:00",TRUE,517328.196172429,8085538.10349559
17006,"2017-08-06 16:01:10","2017-08-03 20:38:00",TRUE,515110.477444192,8091764.43175808
17006,"2017-08-06 17:01:10","2017-08-03 20:38:00",TRUE,516089.257691437,8096256.96849561
17006,"2017-08-07 00:14:04","2017-08-03 20:38:00",TRUE,502715.667268598,8125592.5446375
17006,"2017-08-07 01:14:04","2017-08-03 20:38:00",TRUE,498409.697023111,8127509.31358236
17006,"2017-08-07 02:14:04","2017-08-03 20:38:00",TRUE,495248.723209184,8131561.21669604
17006,"2017-08-07 03:14:04","2017-08-03 20:38:00",TRUE,494543.100098226,8137787.65394802
17006,"2017-08-07 04:14:04","2017-08-03 20:38:00",TRUE,495404.202696893,8144692.56468026
17006,"2017-08-07 05:14:04","2017-08-03 20:38:00",TRUE,494209.114569418,8151583.79059247
17006,"2017-08-07 06:14:04","2017-08-03 20:38:00",TRUE,494431.112425806,8157832.42504412
17006,"2017-08-07 07:14:04","2017-08-03 20:38:00",TRUE,493310.126472513,8161952.94224179
17006,"2017-08-07 08:14:04","2017-08-03 20:38:00",TRUE,490437.993495874,8168501.26241003
17006,"2017-08-07 09:14:04","2017-08-03 20:38:00",TRUE,487966.417707389,8173052.42636244
17006,"2017-08-07 10:14:04","2017-08-03 20:38:00",TRUE,486448.154879705,8178271.07732654
17006,"2017-08-07 11:14:04","2017-08-03 20:38:00",TRUE,482198.538065099,8182956.4276253
17006,"2017-08-07 12:14:04","2017-08-03 20:38:00",TRUE,475469.343194822,8184945.8201334
17006,"2017-08-07 13:14:04","2017-08-03 20:38:00",TRUE,469275.013526175,8186442.0143241
17006,"2017-08-07 14:14:04","2017-08-03 20:38:00",TRUE,463059.85213662,8185443.25266259
17006,"2017-08-07 15:14:04","2017-08-03 20:38:00",TRUE,457108.223558393,8184274.82431427
17006,"2017-08-07 16:14:04","2017-08-03 20:38:00",TRUE,451284.741446641,8184739.02820972
17006,"2017-08-07 17:14:04","2017-08-03 20:38:00",TRUE,445236.127476943,8187310.49919976
17006,"2017-08-08 00:00:16","2017-08-03 20:38:00",TRUE,405030.199944232,8161924.00780302
17006,"2017-08-08 01:00:16","2017-08-03 20:38:00",TRUE,400459.920258358,8157624.43433512
17006,"2017-08-08 02:00:16","2017-08-03 20:38:00",TRUE,394463.777593836,8154123.55521268
17006,"2017-08-08 03:00:16","2017-08-03 20:38:00",TRUE,390054.227967626,8152306.33584228
17006,"2017-08-08 04:00:16","2017-08-03 20:38:00",TRUE,386710.793869039,8151484.87298914
17006,"2017-08-08 05:00:16","2017-08-03 20:38:00",TRUE,384012.537834109,8145722.53678114
17006,"2017-08-08 06:00:16","2017-08-03 20:38:00",TRUE,382189.743268772,8140178.66432098
17006,"2017-08-08 07:00:16","2017-08-03 20:38:00",TRUE,386766.863033977,8135692.41394969
17006,"2017-08-08 08:00:16","2017-08-03 20:38:00",TRUE,390084.442806722,8130480.91742875
17006,"2017-08-08 09:00:16","2017-08-03 20:38:00",TRUE,389357.29867326,8132415.07681781
17006,"2017-08-08 10:00:16","2017-08-03 20:38:00",TRUE,384913.154001166,8136827.35870388
17006,"2017-08-08 11:00:16","2017-08-03 20:38:00",TRUE,381872.633848343,8142496.28058253
17006,"2017-08-08 12:00:16","2017-08-03 20:38:00",TRUE,379549.448493403,8147834.41762622
17006,"2017-08-08 13:00:16","2017-08-03 20:38:00",TRUE,374795.374847791,8146371.03740204
17006,"2017-08-08 14:00:16","2017-08-03 20:38:00",TRUE,369065.04603691,8141180.49841084
17006,"2017-08-08 15:00:16","2017-08-03 20:38:00",TRUE,364050.665905327,8132950.18237693
17006,"2017-08-08 16:00:16","2017-08-03 20:38:00",TRUE,359270.442754058,8124604.29927614
17006,"2017-08-08 17:00:16","2017-08-03 20:38:00",TRUE,352440.52309317,8118710.05031385
17006,"2017-08-08 18:00:16","2017-08-03 20:38:00",TRUE,345140.144806349,8117784.351397
17006,"2017-08-09 00:16:39","2017-08-03 20:38:00",TRUE,339599.389008885,8131458.18415477
17006,"2017-08-09 01:16:39","2017-08-03 20:38:00",TRUE,340297.209320059,8134094.76873098
17006,"2017-08-09 02:16:39","2017-08-03 20:38:00",TRUE,340057.257286934,8136133.80657949
17006,"2017-08-09 03:16:39","2017-08-03 20:38:00",TRUE,340229.934251953,8140681.42701585
17006,"2017-08-09 04:16:39","2017-08-03 20:38:00",TRUE,342427.571502729,8145262.48762224
17006,"2017-08-09 05:16:39","2017-08-03 20:38:00",TRUE,345081.421304651,8149208.96039893
17006,"2017-08-09 06:16:39","2017-08-03 20:38:00",TRUE,348061.96412924,8152802.77999551
17006,"2017-08-09 07:16:39","2017-08-03 20:38:00",TRUE,348999.309138848,8152596.74795674
17006,"2017-08-09 08:16:39","2017-08-03 20:38:00",TRUE,345701.361267225,8149745.91228195
17006,"2017-08-09 09:16:39","2017-08-03 20:38:00",TRUE,343560.827887114,8145735.05515384
17006,"2017-08-09 10:16:39","2017-08-03 20:38:00",TRUE,341523.785250556,8140773.58921419
17006,"2017-08-09 11:16:39","2017-08-03 20:38:00",TRUE,341464.555152652,8137259.32688094
17006,"2017-08-09 12:16:39","2017-08-03 20:38:00",TRUE,341713.748386902,8137018.99764103
17006,"2017-08-09 13:16:39","2017-08-03 20:38:00",TRUE,344222.82141418,8138571.37205217
17006,"2017-08-09 14:16:39","2017-08-03 20:38:00",TRUE,345345.382799919,8139149.97232565
17006,"2017-08-09 15:16:39","2017-08-03 20:38:00",TRUE,340292.116468841,8136881.04041854
17006,"2017-08-09 16:16:39","2017-08-03 20:38:00",TRUE,338712.321175171,8137617.50294681
17006,"2017-08-09 17:16:39","2017-08-03 20:38:00",TRUE,338262.506343052,8138448.10717767
17006,"2017-08-09 18:16:39","2017-08-03 20:38:00",TRUE,336998.425795289,8136719.59526717
17006,"2017-08-09 19:16:39","2017-08-03 20:38:00",TRUE,338133.488628278,8138328.73395689
17006,"2017-08-09 20:16:39","2017-08-03 20:38:00",TRUE,336957.965221001,8137122.61003281
17006,"2017-08-09 21:16:39","2017-08-03 20:38:00",TRUE,335735.890265875,8133257.62826407
17006,"2017-08-10 00:00:08","2017-08-03 20:38:00",TRUE,332037.284216368,8120062.62206531
17006,"2017-08-10 01:00:08","2017-08-03 20:38:00",TRUE,331265.862360147,8116830.01498163
17006,"2017-08-10 02:00:08","2017-08-03 20:38:00",TRUE,332003.197655218,8116980.80217784
17006,"2017-08-10 03:00:08","2017-08-03 20:38:00",TRUE,332184.690026624,8118506.72262387
17006,"2017-08-10 04:00:08","2017-08-03 20:38:00",TRUE,333634.256756712,8120687.47395615
17006,"2017-08-10 05:00:08","2017-08-03 20:38:00",TRUE,333394.867468339,8120701.62700505
17006,"2017-08-10 06:00:08","2017-08-03 20:38:00",TRUE,330644.862378868,8122571.91299473
17006,"2017-08-10 07:00:08","2017-08-03 20:38:00",TRUE,332397.35953813,8123822.36658974
17006,"2017-08-10 08:00:08","2017-08-03 20:38:00",TRUE,335294.893410779,8125397.25969284
17006,"2017-08-10 09:00:08","2017-08-03 20:38:00",TRUE,332545.304255308,8123691.96694819
17006,"2017-08-10 10:00:08","2017-08-03 20:38:00",TRUE,332958.810053107,8118890.06226483
17006,"2017-08-10 11:00:08","2017-08-03 20:38:00",TRUE,332015.308496816,8114907.10624177
17006,"2017-08-10 12:00:08","2017-08-03 20:38:00",TRUE,329022.742284818,8112655.76058446
17006,"2017-08-10 13:00:08","2017-08-03 20:38:00",TRUE,326006.638919368,8109526.20609859
17006,"2017-08-10 14:00:08","2017-08-03 20:38:00",TRUE,323103.908529631,8104088.45335056
17006,"2017-08-10 15:00:08","2017-08-03 20:38:00",TRUE,319396.382975469,8098861.59311577
17006,"2017-08-10 16:00:08","2017-08-03 20:38:00",TRUE,317510.630556097,8093488.76175089
17006,"2017-08-10 17:00:08","2017-08-03 20:38:00",TRUE,315132.304770211,8089926.57010038
17006,"2017-08-10 18:00:08","2017-08-03 20:38:00",TRUE,315302.312271439,8083966.5689161
17006,"2017-08-10 19:00:08","2017-08-03 20:38:00",TRUE,314559.146794176,8083546.23647204
17006,"2017-08-10 20:00:08","2017-08-03 20:38:00",TRUE,314604.162865972,8084585.26839073
17006,"2017-08-11 00:06:15","2017-08-03 20:38:00",TRUE,315450.528631171,8087687.74566465
17006,"2017-08-11 01:06:15","2017-08-03 20:38:00",TRUE,315959.152310294,8088508.6480621
17006,"2017-08-11 02:06:15","2017-08-03 20:38:00",TRUE,316295.313143598,8090574.56646018
17006,"2017-08-11 03:06:15","2017-08-03 20:38:00",TRUE,316930.003288837,8095155.06748902
17006,"2017-08-11 04:06:15","2017-08-03 20:38:00",TRUE,318775.034720255,8098671.19763907
17006,"2017-08-11 05:06:15","2017-08-03 20:38:00",TRUE,321217.870883637,8102599.90416366
17006,"2017-08-11 06:06:15","2017-08-03 20:38:00",TRUE,325941.279527014,8107325.08913525
17006,"2017-08-11 07:06:15","2017-08-03 20:38:00",TRUE,330906.74409768,8111896.54458106
17006,"2017-08-11 08:06:15","2017-08-03 20:38:00",TRUE,334180.794188359,8113780.21627263
17006,"2017-08-11 09:06:15","2017-08-03 20:38:00",TRUE,332667.990816486,8118307.1567969
17006,"2017-08-11 10:06:15","2017-08-03 20:38:00",TRUE,332726.277265141,8122051.88795097
17006,"2017-08-11 11:06:15","2017-08-03 20:38:00",TRUE,331205.231641976,8121821.33595968
17006,"2017-08-11 12:06:15","2017-08-03 20:38:00",TRUE,328698.912215227,8116828.69025332
17006,"2017-08-11 15:06:15","2017-08-03 20:38:00",TRUE,315676.680911237,8097020.53902859
17006,"2017-08-11 16:06:15","2017-08-03 20:38:00",TRUE,312693.070062252,8088912.26236217
17006,"2017-08-11 17:06:15","2017-08-03 20:38:00",TRUE,310815.602015229,8081542.72752395
17006,"2017-08-11 18:06:15","2017-08-03 20:38:00",TRUE,311515.65127747,8077942.64735903
17006,"2017-08-12 00:01:43","2017-08-03 20:38:00",TRUE,313678.832297128,8073405.92370438
17006,"2017-08-12 01:01:43","2017-08-03 20:38:00",TRUE,314408.732224389,8072513.60865675
17006,"2017-08-12 02:01:43","2017-08-03 20:38:00",TRUE,315479.234083269,8067185.66617601
17006,"2017-08-12 03:01:43","2017-08-03 20:38:00",TRUE,317903.809261257,8063948.35330574
17006,"2017-08-12 04:01:43","2017-08-03 20:38:00",TRUE,317461.639553618,8064648.98336428
17006,"2017-08-12 05:01:43","2017-08-03 20:38:00",TRUE,314520.254707797,8065313.27101799
17006,"2017-08-12 06:01:43","2017-08-03 20:38:00",TRUE,312061.004534882,8069524.33725829
17006,"2017-08-12 07:01:43","2017-08-03 20:38:00",TRUE,312266.276409764,8071859.17599072
17006,"2017-08-12 08:01:43","2017-08-03 20:38:00",TRUE,312026.758546859,8076371.09536407
17006,"2017-08-12 09:01:43","2017-08-03 20:38:00",TRUE,311862.493413986,8081158.64764022
17006,"2017-08-12 10:01:43","2017-08-03 20:38:00",TRUE,313125.706210449,8086642.74345026
17006,"2017-08-12 11:01:43","2017-08-03 20:38:00",TRUE,314615.322365817,8092189.17245114
17006,"2017-08-12 12:01:43","2017-08-03 20:38:00",TRUE,317987.66609303,8097686.37698906
17006,"2017-08-12 13:01:43","2017-08-03 20:38:00",TRUE,321822.111401268,8102821.13152316
17006,"2017-08-12 14:01:43","2017-08-03 20:38:00",TRUE,324732.262552619,8108526.47545392
17006,"2017-08-12 15:01:43","2017-08-03 20:38:00",TRUE,328162.822352824,8114355.9505252
17006,"2017-08-12 16:01:43","2017-08-03 20:38:00",TRUE,329614.72860088,8120670.70629501
17006,"2017-08-13 00:25:40","2017-08-03 20:38:00",TRUE,340580.195587811,8136986.50633321
17006,"2017-08-13 01:25:40","2017-08-03 20:38:00",TRUE,340095.908945025,8136893.96652362
17006,"2017-08-13 02:25:40","2017-08-03 20:38:00",TRUE,339397.132879155,8136192.27372397
17006,"2017-08-13 03:25:40","2017-08-03 20:38:00",TRUE,338043.836184498,8135229.65811882
17006,"2017-08-13 04:25:40","2017-08-03 20:38:00",TRUE,334550.970258869,8132339.59624612
17006,"2017-08-13 05:25:40","2017-08-03 20:38:00",TRUE,335573.33439838,8135802.88565123
17006,"2017-08-13 06:25:40","2017-08-03 20:38:00",TRUE,339457.416182635,8142014.12435307
17006,"2017-08-13 07:25:40","2017-08-03 20:38:00",TRUE,343459.12239771,8148307.14124702
17006,"2017-08-13 08:25:40","2017-08-03 20:38:00",TRUE,348087.022782284,8153616.09359327
17006,"2017-08-13 09:25:40","2017-08-03 20:38:00",TRUE,349476.33801572,8155041.89221667
17006,"2017-08-13 10:25:40","2017-08-03 20:38:00",TRUE,354379.864881154,8160012.91127217
17006,"2017-08-13 11:25:40","2017-08-03 20:38:00",TRUE,354770.524870577,8160478.97252879
17006,"2017-08-13 12:25:40","2017-08-03 20:38:00",TRUE,349125.403380751,8154747.658736
17006,"2017-08-13 13:25:40","2017-08-03 20:38:00",TRUE,343967.162008893,8148649.45736685
17006,"2017-08-13 14:25:40","2017-08-03 20:38:00",TRUE,340646.450237119,8143464.12962846
17006,"2017-08-14 00:00:56","2017-08-03 20:38:00",TRUE,314359.52354623,8094134.81390617
17006,"2017-08-14 01:00:56","2017-08-03 20:38:00",TRUE,313869.30819585,8089626.27361246
17006,"2017-08-14 02:00:56","2017-08-03 20:38:00",TRUE,313581.40532849,8084853.40049349
17006,"2017-08-14 03:00:56","2017-08-03 20:38:00",TRUE,311898.776376571,8082344.50104543
17006,"2017-08-14 04:00:56","2017-08-03 20:38:00",TRUE,313097.755288105,8078026.10497422
17006,"2017-08-14 05:00:56","2017-08-03 20:38:00",TRUE,312930.090294843,8073007.80055083
17006,"2017-08-14 06:00:56","2017-08-03 20:38:00",TRUE,311409.142998203,8071926.44365097
17006,"2017-08-14 07:00:56","2017-08-03 20:38:00",TRUE,311533.741099262,8072856.76870454
17006,"2017-08-14 08:00:56","2017-08-03 20:38:00",TRUE,311436.885678618,8071701.76583154
17006,"2017-08-14 09:00:56","2017-08-03 20:38:00",TRUE,312192.747748213,8069546.73423382
17006,"2017-08-14 10:00:56","2017-08-03 20:38:00",TRUE,313853.978249223,8069447.36731164
17006,"2017-08-14 11:00:56","2017-08-03 20:38:00",TRUE,314020.757548588,8072086.21499548
17006,"2017-08-14 12:00:56","2017-08-03 20:38:00",TRUE,312760.893953131,8072322.20862079
17006,"2017-08-14 13:00:56","2017-08-03 20:38:00",TRUE,312713.323682712,8070819.50297419
17006,"2017-08-14 14:00:56","2017-08-03 20:38:00",TRUE,313736.443588921,8070767.26813571
17006,"2017-08-14 15:00:56","2017-08-03 20:38:00",TRUE,314922.903942814,8071377.56832268
17006,"2017-08-14 16:00:56","2017-08-03 20:38:00",TRUE,314667.542632501,8072107.16116904
17006,"2017-08-14 17:00:56","2017-08-03 20:38:00",TRUE,313394.630965234,8073831.20601273
17006,"2017-08-14 18:00:56","2017-08-03 20:38:00",TRUE,312110.825307168,8072377.34813357
17006,"2017-08-15 00:00:35","2017-08-03 20:38:00",TRUE,313871.129041991,8083946.70032492
17006,"2017-08-15 01:00:35","2017-08-03 20:38:00",TRUE,314891.658624395,8081026.04583471
17006,"2017-08-15 02:00:35","2017-08-03 20:38:00",TRUE,315966.966909625,8080866.21223078
17006,"2017-08-15 03:00:35","2017-08-03 20:38:00",TRUE,315537.658464349,8079079.98738472
17006,"2017-08-15 04:00:35","2017-08-03 20:38:00",TRUE,315638.933645255,8078758.58027228
17006,"2017-08-15 05:00:35","2017-08-03 20:38:00",TRUE,314204.253237001,8077823.56941245
17006,"2017-08-15 06:00:35","2017-08-03 20:38:00",TRUE,315497.784380012,8077939.55557177
17006,"2017-08-15 07:00:35","2017-08-03 20:38:00",TRUE,315398.912684998,8081145.79378784
17006,"2017-08-15 08:00:35","2017-08-03 20:38:00",TRUE,314808.799145905,8084789.97238952
17006,"2017-08-15 09:00:35","2017-08-03 20:38:00",TRUE,313806.153179699,8085026.84286686
17006,"2017-08-15 10:00:35","2017-08-03 20:38:00",TRUE,314689.962124467,8086775.30483273
17006,"2017-08-15 11:00:35","2017-08-03 20:38:00",TRUE,315283.004455996,8087410.8792858
17006,"2017-08-15 12:00:35","2017-08-03 20:38:00",TRUE,314000.727342664,8088279.88967347
17006,"2017-08-15 13:00:35","2017-08-03 20:38:00",TRUE,313290.068121675,8084881.07579031
17006,"2017-08-15 14:00:35","2017-08-03 20:38:00",TRUE,314285.067250568,8085220.57404596
17006,"2017-08-15 15:00:35","2017-08-03 20:38:00",TRUE,314522.978210301,8084326.59526906
17006,"2017-08-15 16:00:35","2017-08-03 20:38:00",TRUE,318230.324932324,8084200.28352063
17006,"2017-08-15 17:00:35","2017-08-03 20:38:00",TRUE,319245.562640693,8083716.15865093
17006,"2017-08-15 18:00:35","2017-08-03 20:38:00",TRUE,319867.648319021,8082810.93394348
17006,"2017-08-15 19:00:35","2017-08-03 20:38:00",TRUE,319621.308768041,8082793.66011612
17006,"2017-08-16 00:00:04","2017-08-03 20:38:00",TRUE,316773.51343983,8082117.32000022
17006,"2017-08-16 01:00:04","2017-08-03 20:38:00",TRUE,316220.358752876,8082755.27556415
17006,"2017-08-16 02:00:04","2017-08-03 20:38:00",TRUE,317250.545600615,8084985.18940709
17006,"2017-08-16 03:00:04","2017-08-03 20:38:00",TRUE,317282.376509753,8086559.98031921
17006,"2017-08-16 04:00:04","2017-08-03 20:38:00",TRUE,318963.532851703,8088186.76003424
17006,"2017-08-16 05:00:04","2017-08-03 20:38:00",TRUE,319485.216254847,8091251.96099054
17006,"2017-08-16 06:00:04","2017-08-03 20:38:00",TRUE,319055.082288111,8094927.87609957
17006,"2017-08-16 07:00:04","2017-08-03 20:38:00",TRUE,319797.246353612,8096927.43663569
17006,"2017-08-16 08:00:04","2017-08-03 20:38:00",TRUE,318848.826860062,8098071.07723683
17006,"2017-08-16 09:00:04","2017-08-03 20:38:00",TRUE,314285.119414196,8093394.80859713
17006,"2017-08-16 10:00:04","2017-08-03 20:38:00",TRUE,312845.442491375,8086499.52158566
17006,"2017-08-16 11:00:04","2017-08-03 20:38:00",TRUE,312791.482888819,8080685.73425145
17006,"2017-08-16 12:00:04","2017-08-03 20:38:00",TRUE,314911.009127089,8076182.44743826
17006,"2017-08-16 13:00:04","2017-08-03 20:38:00",TRUE,318383.2009944,8072398.26333328
17006,"2017-08-16 14:00:04","2017-08-03 20:38:00",TRUE,322570.497225311,8073226.09733285
17006,"2017-08-16 15:00:04","2017-08-03 20:38:00",TRUE,323879.494333181,8075184.89583816
17006,"2017-08-16 16:00:04","2017-08-03 20:38:00",TRUE,323201.887829393,8076068.53678369
17006,"2017-08-16 17:00:04","2017-08-03 20:38:00",TRUE,322744.289540841,8076245.12692455
17006,"2017-08-16 18:00:04","2017-08-03 20:38:00",TRUE,320807.932423767,8076871.45835609
17006,"2017-08-17 00:00:03","2017-08-03 20:38:00",TRUE,315905.42659158,8084854.32566479
17006,"2017-08-17 01:00:03","2017-08-03 20:38:00",TRUE,315607.810964196,8086971.2791533
17006,"2017-08-17 02:00:03","2017-08-03 20:38:00",TRUE,318224.46104499,8088907.5823663
17006,"2017-08-17 03:00:03","2017-08-03 20:38:00",TRUE,318054.754304295,8089418.420454
17006,"2017-08-17 04:00:03","2017-08-03 20:38:00",TRUE,320005.976578376,8088658.6019925
17006,"2017-08-17 05:00:03","2017-08-03 20:38:00",TRUE,319482.142225244,8089242.90002949
17006,"2017-08-17 06:00:03","2017-08-03 20:38:00",TRUE,319108.544548677,8089949.25913684
17006,"2017-08-17 07:00:03","2017-08-03 20:38:00",TRUE,320119.0033474,8090773.69020389
17006,"2017-08-17 08:00:03","2017-08-03 20:38:00",TRUE,321050.752069741,8091777.79859474
17006,"2017-08-17 09:00:03","2017-08-03 20:38:00",TRUE,320977.954243673,8092585.11814553
17006,"2017-08-17 10:00:03","2017-08-03 20:38:00",TRUE,320523.877972828,8093007.59974789
17006,"2017-08-17 11:00:03","2017-08-03 20:38:00",TRUE,319210.698019657,8093591.50097973
17006,"2017-08-17 12:00:03","2017-08-03 20:38:00",TRUE,319419.727955507,8093759.7329912
17006,"2017-08-17 13:00:03","2017-08-03 20:38:00",TRUE,319728.394180615,8094727.12152768
17006,"2017-08-17 14:00:03","2017-08-03 20:38:00",TRUE,317392.064287802,8094104.43202067
17006,"2017-08-17 15:00:03","2017-08-03 20:38:00",TRUE,315438.840410856,8092583.65280198
17006,"2017-08-17 16:00:03","2017-08-03 20:38:00",TRUE,315121.949406226,8092360.98155734
17006,"2017-08-17 17:00:03","2017-08-03 20:38:00",TRUE,315093.718801862,8090643.12402299
17006,"2017-08-17 18:00:03","2017-08-03 20:38:00",TRUE,317702.265046882,8092154.73654392
17006,"2017-08-17 19:00:03","2017-08-03 20:38:00",TRUE,317478.587689551,8093697.32976731
17006,"2017-08-17 20:00:03","2017-08-03 20:38:00",TRUE,318174.328832273,8097082.99457014
17006,"2017-08-18 00:30:50","2017-08-03 20:38:00",TRUE,322669.784272634,8099955.1107726
17006,"2017-08-18 01:30:50","2017-08-03 20:38:00",TRUE,323636.404870828,8100736.96145023
17006,"2017-08-18 02:30:50","2017-08-03 20:38:00",TRUE,324112.240203972,8101461.52945364
17006,"2017-08-18 03:30:50","2017-08-03 20:38:00",TRUE,323553.534310795,8103042.91619816
17006,"2017-08-18 04:30:50","2017-08-03 20:38:00",TRUE,325715.785141013,8105368.9725162
17006,"2017-08-18 05:30:50","2017-08-03 20:38:00",TRUE,327497.779570269,8105909.17152791
17006,"2017-08-18 06:30:50","2017-08-03 20:38:00",TRUE,326922.881929804,8104994.48255782
17006,"2017-08-18 07:30:50","2017-08-03 20:38:00",TRUE,328016.594734204,8104661.23984829
17006,"2017-08-18 08:30:50","2017-08-03 20:38:00",TRUE,328064.92836593,8105689.88204564
17006,"2017-08-18 09:30:50","2017-08-03 20:38:00",TRUE,329705.176299679,8106178.37512278
17006,"2017-08-18 10:30:50","2017-08-03 20:38:00",TRUE,329816.099047483,8104967.86995653
17006,"2017-08-18 11:30:50","2017-08-03 20:38:00",TRUE,326504.164808585,8103986.50997286
17006,"2017-08-18 12:30:50","2017-08-03 20:38:00",TRUE,320778.854330171,8101100.97419332
17006,"2017-08-18 13:30:50","2017-08-03 20:38:00",TRUE,316917.696111896,8097964.4963226
17006,"2017-08-18 14:30:50","2017-08-03 20:38:00",TRUE,313827.953772112,8092779.41088021
17006,"2017-08-18 15:30:50","2017-08-03 20:38:00",TRUE,313022.783805153,8086999.47611425
17006,"2017-08-18 16:30:50","2017-08-03 20:38:00",TRUE,312975.375877348,8081135.71505746
17006,"2017-08-18 17:30:50","2017-08-03 20:38:00",TRUE,311349.59936329,8078827.18747368
17006,"2017-08-18 18:30:50","2017-08-03 20:38:00",TRUE,312961.1633741,8076202.13107325
17006,"2017-08-19 00:00:06","2017-08-03 20:38:00",TRUE,316911.770341884,8063120.16322969
17006,"2017-08-19 01:00:06","2017-08-03 20:38:00",TRUE,316269.466066417,8067223.86889948
17006,"2017-08-19 02:00:06","2017-08-03 20:38:00",TRUE,314167.133923671,8071001.08799456
17006,"2017-08-19 03:00:06","2017-08-03 20:38:00",TRUE,313424.013535961,8075611.58248129
17006,"2017-08-19 04:00:06","2017-08-03 20:38:00",TRUE,312535.409331426,8081001.63947156
17006,"2017-08-19 05:00:06","2017-08-03 20:38:00",TRUE,313982.160507889,8086781.69787443
17006,"2017-08-19 06:00:06","2017-08-03 20:38:00",TRUE,316009.295306314,8092870.16492457
17006,"2017-08-19 07:00:06","2017-08-03 20:38:00",TRUE,318447.032844164,8098050.3692365
17006,"2017-08-19 08:00:06","2017-08-03 20:38:00",TRUE,320987.831221473,8102558.3333309
17006,"2017-08-19 09:00:06","2017-08-03 20:38:00",TRUE,323968.299499467,8106117.99346368
17006,"2017-08-19 10:00:06","2017-08-03 20:38:00",TRUE,326784.687686176,8110565.67063259
17006,"2017-08-19 11:00:06","2017-08-03 20:38:00",TRUE,328822.413179955,8113293.97410016
17006,"2017-08-19 12:00:06","2017-08-03 20:38:00",TRUE,329470.932037831,8111957.29232522
17006,"2017-08-19 13:00:06","2017-08-03 20:38:00",TRUE,330111.979217224,8110856.68336401
17006,"2017-08-19 14:00:06","2017-08-03 20:38:00",TRUE,328678.85638099,8112817.64460947
17006,"2017-08-19 15:00:06","2017-08-03 20:38:00",TRUE,325997.342705371,8108960.41739255
17006,"2017-08-19 16:00:06","2017-08-03 20:38:00",TRUE,327109.967766586,8103648.17804822
17006,"2017-08-19 17:00:06","2017-08-03 20:38:00",TRUE,327913.172678392,8100877.21056449
17006,"2017-08-19 18:00:06","2017-08-03 20:38:00",TRUE,322148.119709827,8100124.79759842
17006,"2017-08-20 00:11:29","2017-08-03 20:38:00",TRUE,312151.575959728,8071980.50582835
17006,"2017-08-20 01:11:29","2017-08-03 20:38:00",TRUE,313340.114802353,8067247.27974036
17006,"2017-08-20 02:11:29","2017-08-03 20:38:00",TRUE,316500.012682275,8061226.2952126
17006,"2017-08-20 03:11:29","2017-08-03 20:38:00",TRUE,320721.540975513,8054260.39324997
17006,"2017-08-20 04:11:29","2017-08-03 20:38:00",TRUE,322771.907721616,8048571.30190661
17006,"2017-08-20 05:11:29","2017-08-03 20:38:00",TRUE,324046.055866223,8043187.32640355
17006,"2017-08-20 06:11:29","2017-08-03 20:38:00",TRUE,322190.230520261,8037703.81641323
17006,"2017-08-20 07:11:29","2017-08-03 20:38:00",TRUE,323158.430113925,8039262.3739921
17006,"2017-08-20 08:11:29","2017-08-03 20:38:00",TRUE,324083.098946096,8043562.20428832
17006,"2017-08-20 09:11:29","2017-08-03 20:38:00",TRUE,323151.080012474,8048415.80266833
17006,"2017-08-20 10:11:29","2017-08-03 20:38:00",TRUE,321685.616898081,8052630.98037598
17006,"2017-08-20 11:11:29","2017-08-03 20:38:00",TRUE,320231.613244705,8057193.57422154
17006,"2017-08-20 12:11:29","2017-08-03 20:38:00",TRUE,317863.969171398,8062459.76295475
17006,"2017-08-20 13:11:29","2017-08-03 20:38:00",TRUE,314508.0762971,8068246.52040285
17006,"2017-08-20 14:11:29","2017-08-03 20:38:00",TRUE,312738.737122191,8073294.32618029
17006,"2017-08-20 15:11:29","2017-08-03 20:38:00",TRUE,312846.415945623,8075800.77939027
17006,"2017-08-20 16:11:29","2017-08-03 20:38:00",TRUE,311715.60287175,8078514.86552164
17006,"2017-08-20 17:11:29","2017-08-03 20:38:00",TRUE,311392.161355836,8082150.76340866
17006,"2017-08-21 00:02:48","2017-08-03 20:38:00",TRUE,314605.249081747,8095266.17055162
17006,"2017-08-21 01:02:48","2017-08-03 20:38:00",TRUE,312993.456301409,8089464.83493629
17006,"2017-08-21 02:02:48","2017-08-03 20:38:00",TRUE,311455.331076675,8083380.88012857
17006,"2017-08-21 03:02:48","2017-08-03 20:38:00",TRUE,311906.155492721,8077099.49013094
17006,"2017-08-21 04:02:48","2017-08-03 20:38:00",TRUE,311597.176524713,8078538.973935
17006,"2017-08-21 05:02:48","2017-08-03 20:38:00",TRUE,311226.934853803,8080559.72909679
17006,"2017-08-21 06:02:48","2017-08-03 20:38:00",TRUE,312251.665058638,8084728.32617734
17006,"2017-08-21 07:02:48","2017-08-03 20:38:00",TRUE,313004.092053204,8088447.7184467
17006,"2017-08-21 08:02:48","2017-08-03 20:38:00",TRUE,314834.436730238,8094475.07224956
17006,"2017-08-21 09:02:48","2017-08-03 20:38:00",TRUE,316681.313119281,8097485.71521547
17006,"2017-08-21 10:02:48","2017-08-03 20:38:00",TRUE,313709.064921004,8093636.21782959
17006,"2017-08-21 11:02:48","2017-08-03 20:38:00",TRUE,312610.824754923,8087988.80274186
17006,"2017-08-21 12:02:48","2017-08-03 20:38:00",TRUE,311331.6991411,8082011.8184574
17006,"2017-08-21 13:02:48","2017-08-03 20:38:00",TRUE,311372.08099964,8078126.79217512
17006,"2017-08-21 14:02:48","2017-08-03 20:38:00",TRUE,312242.4298375,8073258.79678715
17006,"2017-08-21 15:02:48","2017-08-03 20:38:00",TRUE,313347.745099295,8069195.37729945
17006,"2017-08-21 16:02:48","2017-08-03 20:38:00",TRUE,314912.740297403,8066003.81754782
17006,"2017-08-21 17:02:48","2017-08-03 20:38:00",TRUE,316673.289081605,8061788.4127499
17006,"2017-08-22 00:03:13","2017-08-03 20:38:00",TRUE,328764.667535949,8053926.70608175
17006,"2017-08-22 01:03:13","2017-08-03 20:38:00",TRUE,328520.890088729,8054408.90537858
17006,"2017-08-22 02:03:13","2017-08-03 20:38:00",TRUE,326425.507511825,8055444.71637798
17006,"2017-08-22 03:03:13","2017-08-03 20:38:00",TRUE,327134.164104537,8050317.95680086
17006,"2017-08-22 04:03:13","2017-08-03 20:38:00",TRUE,328284.693783272,8044182.47814535
17006,"2017-08-22 05:03:13","2017-08-03 20:38:00",TRUE,327619.899565547,8038624.92215778
17006,"2017-08-22 06:03:13","2017-08-03 20:38:00",TRUE,324684.15502012,8034272.78011459
17006,"2017-08-22 07:03:13","2017-08-03 20:38:00",TRUE,319605.244177781,8033167.72983334
17006,"2017-08-22 08:03:13","2017-08-03 20:38:00",TRUE,320675.928117163,8035841.88764955
17006,"2017-08-22 09:03:13","2017-08-03 20:38:00",TRUE,322866.074183497,8038652.03274281
17006,"2017-08-22 10:03:13","2017-08-03 20:38:00",TRUE,323791.459233161,8044193.55157987
17006,"2017-08-22 11:03:13","2017-08-03 20:38:00",TRUE,323152.023178248,8049014.70739332
17006,"2017-08-22 12:03:13","2017-08-03 20:38:00",TRUE,323382.637010149,8053997.77571192
17006,"2017-08-22 13:03:13","2017-08-03 20:38:00",TRUE,322167.022899671,8058125.0524205
17006,"2017-08-22 14:03:13","2017-08-03 20:38:00",TRUE,321010.912781857,8062105.94148614
17006,"2017-08-22 15:03:13","2017-08-03 20:38:00",TRUE,319083.870465596,8066260.57669551
17006,"2017-08-22 16:03:13","2017-08-03 20:38:00",TRUE,318869.938492139,8069951.20424651
17006,"2017-08-22 17:03:13","2017-08-03 20:38:00",TRUE,319448.990567158,8071640.73745125
17006,"2017-08-23 00:59:07","2017-08-03 20:38:00",TRUE,324722.960670194,8071033.76872789
17006,"2017-08-23 01:59:07","2017-08-03 20:38:00",TRUE,324066.189593697,8072239.61065839
17006,"2017-08-23 02:59:07","2017-08-03 20:38:00",TRUE,321767.348441474,8073054.41605512
17006,"2017-08-23 03:59:07","2017-08-03 20:38:00",TRUE,322885.785842548,8073501.02895335
17006,"2017-08-23 04:59:07","2017-08-03 20:38:00",TRUE,323295.235762741,8073851.23599522
17006,"2017-08-23 05:59:07","2017-08-03 20:38:00",TRUE,322839.859138206,8074391.28140516
17006,"2017-08-23 06:59:07","2017-08-03 20:38:00",TRUE,319901.824808817,8076067.27768122
17006,"2017-08-23 07:59:07","2017-08-03 20:38:00",TRUE,318277.428860487,8078668.70991756
17006,"2017-08-23 08:59:07","2017-08-03 20:38:00",TRUE,316594.521978749,8080648.04364674
17006,"2017-08-23 09:59:07","2017-08-03 20:38:00",TRUE,314586.585146931,8082109.73951003
17006,"2017-08-23 10:59:07","2017-08-03 20:38:00",TRUE,312077.412181795,8080065.996141
17006,"2017-08-23 11:59:07","2017-08-03 20:38:00",TRUE,311505.543358148,8076167.30302818
17006,"2017-08-23 12:59:07","2017-08-03 20:38:00",TRUE,312800.26863199,8072290.38453854
17006,"2017-08-23 13:59:07","2017-08-03 20:38:00",TRUE,314090.951735102,8068415.09191373
17006,"2017-08-23 14:59:07","2017-08-03 20:38:00",TRUE,317629.960271719,8066802.87914975
17006,"2017-08-23 15:59:07","2017-08-03 20:38:00",TRUE,317975.465335066,8068326.18590148
17006,"2017-08-23 16:59:07","2017-08-03 20:38:00",TRUE,318134.036841188,8070897.49623394
17006,"2017-08-23 17:59:07","2017-08-03 20:38:00",TRUE,319024.063256326,8072641.28795554
17006,"2017-08-23 18:59:07","2017-08-03 20:38:00",TRUE,318694.560198313,8073111.19428288
17006,"2017-08-23 19:59:07","2017-08-03 20:38:00",TRUE,319379.183846957,8074162.44096908
17006,"2017-08-23 20:59:07","2017-08-03 20:38:00",TRUE,318526.651333667,8077107.57662292
17006,"2017-08-23 21:59:07","2017-08-03 20:38:00",TRUE,317415.884241438,8079240.76453005
17006,"2017-08-23 22:59:07","2017-08-03 20:38:00",TRUE,314953.855557703,8081399.87535419
17006,"2017-08-23 23:59:07","2017-08-03 20:38:00",TRUE,314370.439407626,8084337.38088997
17006,"2017-08-24 00:59:07","2017-08-03 20:38:00",TRUE,314851.695063805,8087007.70959459
17006,"2017-08-24 04:13:52","2017-08-03 20:38:00",TRUE,317366.769724345,8091936.16197491
17006,"2017-08-24 05:13:52","2017-08-03 20:38:00",TRUE,316342.828009784,8092797.24036337
17006,"2017-08-24 06:13:52","2017-08-03 20:38:00",TRUE,318084.805680023,8090949.34065785
17006,"2017-08-24 07:13:52","2017-08-03 20:38:00",TRUE,317574.546954756,8088956.45586045
17006,"2017-08-24 08:13:52","2017-08-03 20:38:00",TRUE,317815.475128906,8090439.92624919
17006,"2017-08-24 09:13:52","2017-08-03 20:38:00",TRUE,317552.972294828,8088341.6348688
17006,"2017-08-24 10:13:52","2017-08-03 20:38:00",TRUE,317964.871970726,8086706.03990223
17006,"2017-08-24 13:18:47","2017-08-03 20:38:00",TRUE,318311.936288531,8090604.55152711
17006,"2017-08-24 14:18:47","2017-08-03 20:38:00",TRUE,317272.57915611,8092559.13606126
17006,"2017-08-24 15:18:47","2017-08-03 20:38:00",TRUE,317272.295412993,8094715.50772218
17006,"2017-08-24 16:18:47","2017-08-03 20:38:00",TRUE,318582.424890725,8096647.89967625
17006,"2017-08-24 17:18:47","2017-08-03 20:38:00",TRUE,319805.22949442,8098162.85933598
17006,"2017-08-24 18:18:47","2017-08-03 20:38:00",TRUE,321285.815095304,8099461.38474259
17006,"2017-08-24 19:18:47","2017-08-03 20:38:00",TRUE,322968.808792062,8099471.79119365
17006,"2017-08-24 20:18:47","2017-08-03 20:38:00",TRUE,324976.225270456,8097983.57034768
17006,"2017-08-24 21:18:47","2017-08-03 20:38:00",TRUE,324458.82937997,8099763.32083894
17006,"2017-08-25 00:03:20","2017-08-03 20:38:00",TRUE,324249.554730442,8103935.80203223
17006,"2017-08-25 01:03:20","2017-08-03 20:38:00",TRUE,326543.661340902,8105190.12137594
17006,"2017-08-25 02:03:20","2017-08-03 20:38:00",TRUE,326915.427015124,8105398.8951126
17006,"2017-08-25 03:03:20","2017-08-03 20:38:00",TRUE,328630.559207125,8106209.58297719
17006,"2017-08-25 04:03:20","2017-08-03 20:38:00",TRUE,330021.852697812,8107192.20264418
17006,"2017-08-25 05:03:20","2017-08-03 20:38:00",TRUE,330836.910191855,8106821.05277682
17006,"2017-08-25 06:03:20","2017-08-03 20:38:00",TRUE,331122.284152595,8108111.23130183
17006,"2017-08-25 07:03:20","2017-08-03 20:38:00",TRUE,326000.248582768,8111169.35223306
17006,"2017-08-25 10:03:20","2017-08-03 20:38:00",TRUE,313451.781965017,8092585.22923025
17006,"2017-08-25 11:03:20","2017-08-03 20:38:00",TRUE,311899.364457405,8085687.72140908
17006,"2017-08-25 12:03:20","2017-08-03 20:38:00",TRUE,310276.017614587,8079714.82365312
17006,"2017-08-25 13:03:20","2017-08-03 20:38:00",TRUE,311203.76625801,8077443.06856854
17006,"2017-08-25 14:03:20","2017-08-03 20:38:00",TRUE,312436.041900499,8072224.83992665
17006,"2017-08-25 15:03:20","2017-08-03 20:38:00",TRUE,313301.321303212,8066360.22662791
17006,"2017-08-25 16:03:20","2017-08-03 20:38:00",TRUE,316482.145781674,8060890.36727407
17006,"2017-08-25 17:03:20","2017-08-03 20:38:00",TRUE,319970.573470251,8055520.40136965
17006,"2017-08-25 18:03:20","2017-08-03 20:38:00",TRUE,322064.944787163,8049951.54417361
17006,"2017-08-26 00:01:53","2017-08-03 20:38:00",TRUE,322453.076662852,8049680.60327085
17006,"2017-08-26 01:01:53","2017-08-03 20:38:00",TRUE,319995.853035754,8055449.75289091
17006,"2017-08-26 02:01:53","2017-08-03 20:38:00",TRUE,316913.379874175,8061422.17845574
17006,"2017-08-26 03:01:53","2017-08-03 20:38:00",TRUE,313790.404864373,8067128.51228565
17006,"2017-08-26 04:01:53","2017-08-03 20:38:00",TRUE,312221.545727526,8072853.3406843
17006,"2017-08-26 05:01:53","2017-08-03 20:38:00",TRUE,311545.108993668,8078050.79745998
17006,"2017-08-26 06:01:53","2017-08-03 20:38:00",TRUE,311789.21623593,8083620.16688716
17006,"2017-08-26 07:01:53","2017-08-03 20:38:00",TRUE,312867.487608459,8088204.64980635
17006,"2017-08-26 08:01:53","2017-08-03 20:38:00",TRUE,314048.163460381,8093743.97406915
17006,"2017-08-26 09:01:53","2017-08-03 20:38:00",TRUE,317603.00123071,8098802.06106827
17006,"2017-08-26 10:01:53","2017-08-03 20:38:00",TRUE,318644.125386168,8100095.68501108
17006,"2017-08-26 11:01:53","2017-08-03 20:38:00",TRUE,318714.772127034,8097759.51095829
17006,"2017-08-26 12:01:53","2017-08-03 20:38:00",TRUE,315145.507254447,8094807.12002643
17006,"2017-08-26 13:01:53","2017-08-03 20:38:00",TRUE,314912.68851305,8092403.85213604
17006,"2017-08-26 14:01:53","2017-08-03 20:38:00",TRUE,314055.933291517,8093691.77700457
17006,"2017-08-26 15:01:53","2017-08-03 20:38:00",TRUE,317441.631927846,8098974.21414801
17006,"2017-08-26 16:01:53","2017-08-03 20:38:00",TRUE,321999.513320773,8104770.94928131
17006,"2017-08-26 17:01:53","2017-08-03 20:38:00",TRUE,325161.28976571,8110551.61977343
17006,"2017-08-26 18:01:53","2017-08-03 20:38:00",TRUE,328698.723588001,8116699.50077011
17006,"2017-08-27 00:14:53","2017-08-03 20:38:00",TRUE,341477.929290716,8143988.72789964
17006,"2017-08-27 01:14:53","2017-08-03 20:38:00",TRUE,340693.219091561,8143890.22146856
17006,"2017-08-27 02:14:53","2017-08-03 20:38:00",TRUE,341957.374317903,8144463.54476318
17006,"2017-08-27 03:14:53","2017-08-03 20:38:00",TRUE,340106.792808067,8141652.46580498
17006,"2017-08-27 04:14:53","2017-08-03 20:38:00",TRUE,336696.480068091,8137161.2665318
17006,"2017-08-27 05:14:53","2017-08-03 20:38:00",TRUE,335881.470596262,8133376.09197943
17006,"2017-08-27 06:14:53","2017-08-03 20:38:00",TRUE,335656.361583561,8130570.60472924
17006,"2017-08-27 07:14:53","2017-08-03 20:38:00",TRUE,335162.263518605,8127308.5642548
17006,"2017-08-27 08:14:53","2017-08-03 20:38:00",TRUE,331174.62916658,8125060.18806182
17006,"2017-08-27 09:14:53","2017-08-03 20:38:00",TRUE,328814.075172028,8117171.59739194
17006,"2017-08-27 10:14:53","2017-08-03 20:38:00",TRUE,325137.140317933,8111076.53251042
17006,"2017-08-27 15:14:53","2017-08-03 20:38:00",TRUE,311028.961110145,8082521.80605675
17006,"2017-08-27 16:14:53","2017-08-03 20:38:00",TRUE,311177.325074305,8076525.52685558
17006,"2017-08-27 17:14:53","2017-08-03 20:38:00",TRUE,311507.031370305,8071414.47186104
17006,"2017-08-27 18:14:53","2017-08-03 20:38:00",TRUE,312189.022142947,8069176.68191383
17006,"2017-08-28 00:00:00","2017-08-03 20:38:00",TRUE,322451.968591146,8038669.05709989
17006,"2017-08-28 01:00:00","2017-08-03 20:38:00",TRUE,318946.778329014,8033700.37033696
17006,"2017-08-28 02:00:00","2017-08-03 20:38:00",TRUE,316443.291951254,8028542.84526316
17006,"2017-08-28 03:00:00","2017-08-03 20:38:00",TRUE,317746.639646492,8031457.17643777
17006,"2017-08-28 04:00:00","2017-08-03 20:38:00",TRUE,316228.939288097,8028076.53933095
17006,"2017-08-28 06:00:00","2017-08-03 20:38:00",TRUE,314824.672184148,8015211.61965315
17006,"2017-08-28 07:00:00","2017-08-03 20:38:00",TRUE,314211.693570327,8007833.44894816
17006,"2017-08-28 08:00:00","2017-08-03 20:38:00",TRUE,314360.323421581,8001473.82219818
17006,"2017-08-28 09:00:00","2017-08-03 20:38:00",TRUE,315960.885370991,7995941.5458884
17006,"2017-08-28 10:00:00","2017-08-03 20:38:00",TRUE,315920.93518202,7993719.77470213
17006,"2017-08-28 11:00:00","2017-08-03 20:38:00",TRUE,316509.525272519,7993515.86245159
17006,"2017-08-28 12:00:00","2017-08-03 20:38:00",TRUE,316589.488595776,7994716.56883641
17006,"2017-08-28 13:00:00","2017-08-03 20:38:00",TRUE,316195.522403309,7997572.80881692
17006,"2017-08-28 14:00:00","2017-08-03 20:38:00",TRUE,315508.598919911,8000734.71945974
17006,"2017-08-28 15:00:00","2017-08-03 20:38:00",TRUE,315053.688550689,8003186.56861819
17006,"2017-08-28 16:00:00","2017-08-03 20:38:00",TRUE,314335.989262947,8007631.27867862
17006,"2017-08-28 17:00:00","2017-08-03 20:38:00",TRUE,314734.428513618,8011662.34262138
17006,"2017-08-30 07:06:00","2017-08-03 20:38:00",TRUE,316217.744645767,8025399.08885226
17006,"2017-08-30 08:06:00","2017-08-03 20:38:00",TRUE,316085.170716289,8025904.15542696
17006,"2017-08-30 09:06:00","2017-08-03 20:38:00",TRUE,317013.808089136,8030008.59195431
17006,"2017-08-30 10:06:00","2017-08-03 20:38:00",TRUE,318672.555297533,8033060.63202793
17006,"2017-08-30 11:06:00","2017-08-03 20:38:00",TRUE,320498.332567566,8035962.95522546
17006,"2017-08-30 12:06:00","2017-08-03 20:38:00",TRUE,323190.120574201,8039562.10455286
17006,"2017-08-30 13:06:00","2017-08-03 20:38:00",TRUE,324417.355694409,8044128.13901018
17006,"2017-08-30 14:06:00","2017-08-03 20:38:00",TRUE,322878.880780627,8048362.39654776
17006,"2017-08-30 15:06:00","2017-08-03 20:38:00",TRUE,321086.297983457,8053054.23592723
17006,"2017-08-30 16:06:00","2017-08-03 20:38:00",TRUE,318839.630214333,8057630.23176463
17006,"2017-08-30 17:06:00","2017-08-03 20:38:00",TRUE,315799.483877127,8062118.8320231
17006,"2017-08-31 08:36:08","2017-08-03 20:38:00",TRUE,310790.305808376,8080212.72041452
17006,"2017-08-31 09:36:08","2017-08-03 20:38:00",TRUE,310520.879122189,8078980.84232958
17006,"2017-08-31 10:36:08","2017-08-03 20:38:00",TRUE,310549.148033493,8079466.52278641
17006,"2017-08-31 11:36:08","2017-08-03 20:38:00",TRUE,310627.277583767,8078156.14682288
17006,"2017-08-31 12:36:08","2017-08-03 20:38:00",TRUE,310940.374596433,8078899.99218824
17007,"2017-08-07 01:32:01","2017-08-06 01:24:00",TRUE,503058.002658284,8035560.20596338
17007,"2017-08-07 02:32:01","2017-08-06 01:24:00",TRUE,503909.785021322,8040384.49820788
17007,"2017-08-07 03:32:01","2017-08-06 01:24:00",TRUE,504893.414388954,8042291.92521512
17007,"2017-08-07 04:32:01","2017-08-06 01:24:00",TRUE,506762.518204494,8043113.97854327
17007,"2017-08-07 05:32:01","2017-08-06 01:24:00",TRUE,509252.082528125,8046241.70002275
17007,"2017-08-07 06:32:01","2017-08-06 01:24:00",TRUE,512497.441508744,8050867.77744539
17007,"2017-08-07 07:32:01","2017-08-06 01:24:00",TRUE,513240.517163706,8051733.14088051
17007,"2017-08-07 08:32:01","2017-08-06 01:24:00",TRUE,510717.287601294,8049465.62431668
17007,"2017-08-07 09:32:01","2017-08-06 01:24:00",TRUE,509307.161109772,8047402.41513509
17007,"2017-08-07 10:32:01","2017-08-06 01:24:00",TRUE,506095.290828363,8043784.0825229
17007,"2017-08-07 11:32:01","2017-08-06 01:24:00",TRUE,502505.073768977,8038900.42158776
17007,"2017-08-07 12:32:01","2017-08-06 01:24:00",TRUE,501761.149812427,8035852.42556501
17007,"2017-08-07 13:32:01","2017-08-06 01:24:00",TRUE,501619.519154348,8035523.27357148
17007,"2017-08-07 14:32:01","2017-08-06 01:24:00",TRUE,502691.734710042,8036144.29769237
17007,"2017-08-07 15:32:01","2017-08-06 01:24:00",TRUE,501541.757879088,8035278.48677106
17007,"2017-08-07 16:32:01","2017-08-06 01:24:00",TRUE,502055.835804669,8035666.43004888
17007,"2017-08-07 17:32:01","2017-08-06 01:24:00",TRUE,502738.648611901,8039308.22721382
17007,"2017-08-07 23:59:58","2017-08-06 01:24:00",TRUE,517811.351324859,8041035.26578821
17007,"2017-08-08 00:59:58","2017-08-06 01:24:00",TRUE,516929.063377177,8033340.97768828
17007,"2017-08-08 01:59:58","2017-08-06 01:24:00",TRUE,516847.884144804,8026303.2928079
17007,"2017-08-08 02:59:58","2017-08-06 01:24:00",TRUE,516603.877494934,8020421.07495566
17007,"2017-08-08 03:59:58","2017-08-06 01:24:00",TRUE,514291.034363215,8011740.62582547
17007,"2017-08-08 04:59:58","2017-08-06 01:24:00",TRUE,512983.980392193,8007813.02285143
17007,"2017-08-08 05:59:58","2017-08-06 01:24:00",TRUE,510828.096628419,8005864.01507328
17007,"2017-08-08 06:59:58","2017-08-06 01:24:00",TRUE,512659.573438498,8002348.17715124
17007,"2017-08-08 07:59:58","2017-08-06 01:24:00",TRUE,515946.762596078,7997685.44106808
17007,"2017-08-08 08:59:58","2017-08-06 01:24:00",TRUE,512562.220914042,7994596.04421632
17007,"2017-08-08 09:59:58","2017-08-06 01:24:00",TRUE,511988.197115722,7993700.17329318
17007,"2017-08-08 10:59:58","2017-08-06 01:24:00",TRUE,514091.744157734,7995540.21451776
17007,"2017-08-08 11:59:58","2017-08-06 01:24:00",TRUE,512521.285252784,7994947.83305962
17007,"2017-08-08 12:59:58","2017-08-06 01:24:00",TRUE,513092.007458058,7994007.26253163
17007,"2017-08-08 13:59:58","2017-08-06 01:24:00",TRUE,516019.693814871,7996019.30159591
17007,"2017-08-08 14:59:58","2017-08-06 01:24:00",TRUE,516967.479145367,7995203.46401807
17007,"2017-08-08 15:59:58","2017-08-06 01:24:00",TRUE,517248.770070406,7995504.74979516
17007,"2017-08-08 16:59:58","2017-08-06 01:24:00",TRUE,517128.910638804,7995252.99920415
17007,"2017-08-08 17:59:58","2017-08-06 01:24:00",TRUE,517879.179602019,7997735.15494247
17007,"2017-08-09 00:12:08","2017-08-06 01:24:00",TRUE,515249.119895935,8018024.00710038
17007,"2017-08-09 01:12:08","2017-08-06 01:24:00",TRUE,514291.776313097,8019604.47271517
17007,"2017-08-09 02:12:08","2017-08-06 01:24:00",TRUE,512027.603894481,8021994.149957
17007,"2017-08-09 03:12:08","2017-08-06 01:24:00",TRUE,510880.308357223,8022730.72336614
17007,"2017-08-09 04:12:08","2017-08-06 01:24:00",TRUE,513206.261366115,8023517.84727356
17007,"2017-08-09 05:12:08","2017-08-06 01:24:00",TRUE,514487.581337368,8023701.37501949
17007,"2017-08-09 06:12:08","2017-08-06 01:24:00",TRUE,514644.404355549,8024678.60478901
17007,"2017-08-09 07:12:08","2017-08-06 01:24:00",TRUE,515657.066106028,8026707.84880079
17007,"2017-08-09 08:12:08","2017-08-06 01:24:00",TRUE,513534.791256257,8027160.57100912
17007,"2017-08-09 09:12:08","2017-08-06 01:24:00",TRUE,512554.404165199,8023686.45255184
17007,"2017-08-09 10:12:08","2017-08-06 01:24:00",TRUE,512458.271093005,8021330.99966859
17007,"2017-08-09 11:12:08","2017-08-06 01:24:00",TRUE,512430.436556318,8023084.01413656
17007,"2017-08-09 12:12:08","2017-08-06 01:24:00",TRUE,511670.800760913,8025617.21715917
17007,"2017-08-09 13:12:08","2017-08-06 01:24:00",TRUE,509746.746918821,8021469.90347464
17007,"2017-08-09 14:12:08","2017-08-06 01:24:00",TRUE,506215.284235675,8017142.65565503
17007,"2017-08-09 15:12:08","2017-08-06 01:24:00",TRUE,506084.697397864,8013374.67694701
17007,"2017-08-09 16:12:08","2017-08-06 01:24:00",TRUE,506823.793938998,8010028.64824427
17007,"2017-08-09 17:12:08","2017-08-06 01:24:00",TRUE,507324.416943664,8008011.29770023
17007,"2017-08-09 18:12:08","2017-08-06 01:24:00",TRUE,506896.599012286,8006848.52756218
17007,"2017-08-09 19:12:08","2017-08-06 01:24:00",TRUE,508190.607361992,8006934.34076869
17007,"2017-08-09 20:12:08","2017-08-06 01:24:00",TRUE,508154.812787519,8007008.03656002
17007,"2017-08-10 00:00:46","2017-08-06 01:24:00",TRUE,506860.54214189,8007448.85306948
17007,"2017-08-10 01:00:46","2017-08-06 01:24:00",TRUE,507398.479491211,8007728.65589307
17007,"2017-08-10 02:00:46","2017-08-06 01:24:00",TRUE,507712.803996656,8011220.65650341
17007,"2017-08-10 03:00:46","2017-08-06 01:24:00",TRUE,506003.143646433,8014761.13759041
17007,"2017-08-10 04:00:46","2017-08-06 01:24:00",TRUE,506611.752957632,8018454.90817202
17007,"2017-08-10 05:00:46","2017-08-06 01:24:00",TRUE,507466.360604009,8020220.84873983
17007,"2017-08-10 06:00:46","2017-08-06 01:24:00",TRUE,508505.594101477,8018926.68199293
17007,"2017-08-10 07:00:46","2017-08-06 01:24:00",TRUE,510768.176503164,8019103.49965391
17007,"2017-08-10 08:00:46","2017-08-06 01:24:00",TRUE,513870.119673357,8020094.6018011
17007,"2017-08-10 09:00:46","2017-08-06 01:24:00",TRUE,517003.294050214,8017748.11845169
17007,"2017-08-10 10:00:46","2017-08-06 01:24:00",TRUE,518909.256752771,8015341.62949385
17007,"2017-08-10 11:00:46","2017-08-06 01:24:00",TRUE,522306.233241763,8017225.82669201
17007,"2017-08-10 12:00:46","2017-08-06 01:24:00",TRUE,523475.892050296,8021795.55256165
17007,"2017-08-10 13:00:46","2017-08-06 01:24:00",TRUE,523514.834903354,8023333.76361374
17007,"2017-08-10 14:00:46","2017-08-06 01:24:00",TRUE,522686.62578444,8025387.98692808
17007,"2017-08-10 15:00:46","2017-08-06 01:24:00",TRUE,522624.565344093,8029441.57538873
17007,"2017-08-10 16:00:46","2017-08-06 01:24:00",TRUE,523335.780542981,8032147.73140187
17007,"2017-08-10 17:00:46","2017-08-06 01:24:00",TRUE,524636.146747581,8034716.37901345
17007,"2017-08-10 18:00:46","2017-08-06 01:24:00",TRUE,525991.436809329,8038236.80357993
17007,"2017-08-10 19:00:46","2017-08-06 01:24:00",TRUE,525015.779654089,8040107.73065367
17007,"2017-08-10 20:00:46","2017-08-06 01:24:00",TRUE,524130.975373758,8042800.88211538
17007,"2017-08-11 00:00:16","2017-08-06 01:24:00",TRUE,522497.434275972,8050798.45899755
17007,"2017-08-11 01:00:16","2017-08-06 01:24:00",TRUE,526161.917998632,8051755.48022188
17007,"2017-08-11 02:00:16","2017-08-06 01:24:00",TRUE,529031.545698916,8052963.11760283
17007,"2017-08-11 03:00:16","2017-08-06 01:24:00",TRUE,529243.566474326,8053303.90893744
17007,"2017-08-11 04:00:16","2017-08-06 01:24:00",TRUE,529793.648154397,8054224.50126434
17007,"2017-08-11 05:00:16","2017-08-06 01:24:00",TRUE,529243.876754325,8056361.61157591
17007,"2017-08-11 06:00:16","2017-08-06 01:24:00",TRUE,530872.103655466,8055618.94334119
17007,"2017-08-11 07:00:16","2017-08-06 01:24:00",TRUE,529397.440185997,8056311.95412364
17007,"2017-08-11 08:00:16","2017-08-06 01:24:00",TRUE,529790.404998072,8054725.40130075
17007,"2017-08-11 09:00:16","2017-08-06 01:24:00",TRUE,530302.674894499,8055278.17115802
17007,"2017-08-11 10:00:16","2017-08-06 01:24:00",TRUE,528870.60584912,8055319.37661317
17007,"2017-08-11 11:00:16","2017-08-06 01:24:00",TRUE,528427.777958051,8055965.03102466
17007,"2017-08-11 12:00:16","2017-08-06 01:24:00",TRUE,529409.315684874,8057116.63531738
17007,"2017-08-11 13:00:16","2017-08-06 01:24:00",TRUE,531652.948717521,8057475.4936486
17007,"2017-08-11 14:00:16","2017-08-06 01:24:00",TRUE,534207.428215778,8057957.10000733
17007,"2017-08-11 15:00:16","2017-08-06 01:24:00",TRUE,533287.864246046,8058363.65193131
17007,"2017-08-11 16:00:16","2017-08-06 01:24:00",TRUE,533086.106644023,8058300.58236949
17007,"2017-08-11 17:00:16","2017-08-06 01:24:00",TRUE,534844.309715012,8058061.12861201
17007,"2017-08-11 18:00:16","2017-08-06 01:24:00",TRUE,536188.110169076,8055034.68101328
17007,"2017-08-11 19:00:16","2017-08-06 01:24:00",TRUE,536927.841446592,8056534.28396116
17007,"2017-08-12 00:06:11","2017-08-06 01:24:00",TRUE,547451.456079635,8059132.83394655
17007,"2017-08-12 01:06:11","2017-08-06 01:24:00",TRUE,550615.095003326,8059968.83343356
17007,"2017-08-12 02:06:11","2017-08-06 01:24:00",TRUE,554376.370046398,8060220.24767421
17007,"2017-08-12 03:06:11","2017-08-06 01:24:00",TRUE,553053.813650159,8059988.44879374
17007,"2017-08-12 04:06:11","2017-08-06 01:24:00",TRUE,550890.569997654,8059517.19359945
17007,"2017-08-12 05:06:11","2017-08-06 01:24:00",TRUE,546940.519480015,8057364.3979737
17007,"2017-08-12 06:06:11","2017-08-06 01:24:00",TRUE,544841.430335982,8056262.13299958
17007,"2017-08-12 07:06:11","2017-08-06 01:24:00",TRUE,540375.76634832,8055120.62821016
17007,"2017-08-12 08:06:11","2017-08-06 01:24:00",TRUE,537290.571446122,8055612.15647574
17007,"2017-08-12 09:06:11","2017-08-06 01:24:00",TRUE,534807.596993304,8055267.79016754
17007,"2017-08-12 10:06:11","2017-08-06 01:24:00",TRUE,534422.872136095,8051607.0905973
17007,"2017-08-12 11:06:11","2017-08-06 01:24:00",TRUE,534939.625992696,8051526.69860504
17007,"2017-08-12 12:06:11","2017-08-06 01:24:00",TRUE,536778.56339718,8051831.76030972
17007,"2017-08-12 13:06:11","2017-08-06 01:24:00",TRUE,537199.778213889,8051754.06445789
17007,"2017-08-12 14:06:11","2017-08-06 01:24:00",TRUE,537623.115812134,8052498.38870215
17007,"2017-08-12 15:06:11","2017-08-06 01:24:00",TRUE,538623.625715022,8052587.63805337
17007,"2017-08-12 16:06:11","2017-08-06 01:24:00",TRUE,538245.78988232,8054556.75728336
17007,"2017-08-12 17:06:11","2017-08-06 01:24:00",TRUE,539673.826888514,8056766.08597684
17007,"2017-08-12 18:06:11","2017-08-06 01:24:00",TRUE,537642.59168473,8058599.23111121
17007,"2017-08-12 19:06:11","2017-08-06 01:24:00",TRUE,538264.650994572,8059494.08861225
17007,"2017-08-13 00:04:41","2017-08-06 01:24:00",TRUE,548716.662260484,8063715.92580002
17007,"2017-08-13 01:04:41","2017-08-06 01:24:00",TRUE,549581.69303566,8064163.61016714
17007,"2017-08-13 02:04:41","2017-08-06 01:24:00",TRUE,552234.9124873,8065467.47096969
17007,"2017-08-13 03:04:41","2017-08-06 01:24:00",TRUE,554199.949790658,8067367.95686232
17007,"2017-08-13 04:04:41","2017-08-06 01:24:00",TRUE,556900.679345378,8068600.98149601
17007,"2017-08-13 05:04:41","2017-08-06 01:24:00",TRUE,559907.845443201,8070057.44750218
17007,"2017-08-13 06:04:41","2017-08-06 01:24:00",TRUE,563216.259612769,8071400.75492131
17007,"2017-08-13 07:04:41","2017-08-06 01:24:00",TRUE,566535.452220435,8073711.42507224
17007,"2017-08-13 08:04:41","2017-08-06 01:24:00",TRUE,570007.328241373,8075850.8376878
17007,"2017-08-13 09:04:41","2017-08-06 01:24:00",TRUE,574000.980454195,8077953.57564259
17007,"2017-08-13 10:04:41","2017-08-06 01:24:00",TRUE,579426.996061164,8079604.39369297
17007,"2017-08-13 11:04:41","2017-08-06 01:24:00",TRUE,585674.50961893,8081171.66080301
17007,"2017-08-13 12:04:41","2017-08-06 01:24:00",TRUE,590811.016358081,8081830.71255118
17007,"2017-08-13 13:04:41","2017-08-06 01:24:00",TRUE,596414.896491681,8082193.50493797
17007,"2017-08-13 14:04:41","2017-08-06 01:24:00",TRUE,596863.065178599,8083096.59693925
17007,"2017-08-13 15:04:41","2017-08-06 01:24:00",TRUE,596502.703422448,8078976.23193627
17007,"2017-08-13 16:04:41","2017-08-06 01:24:00",TRUE,599083.202673479,8077538.31328439
17007,"2017-08-13 17:04:41","2017-08-06 01:24:00",TRUE,598895.408389301,8076888.67986368
17007,"2017-08-13 18:04:41","2017-08-06 01:24:00",TRUE,596543.969996738,8077222.67370938
17007,"2017-08-13 19:04:41","2017-08-06 01:24:00",TRUE,591715.527463103,8080516.43436738
17007,"2017-08-14 00:00:56","2017-08-06 01:24:00",TRUE,562975.287346406,8070945.57919858
17007,"2017-08-14 01:00:56","2017-08-06 01:24:00",TRUE,561989.720277546,8069030.95935921
17007,"2017-08-14 02:00:56","2017-08-06 01:24:00",TRUE,561660.064147472,8068768.015915
17007,"2017-08-14 03:00:56","2017-08-06 01:24:00",TRUE,564900.702888891,8069006.70820807
17007,"2017-08-14 04:00:56","2017-08-06 01:24:00",TRUE,566537.632964341,8065450.37616179
17007,"2017-08-14 05:00:56","2017-08-06 01:24:00",TRUE,568162.111015563,8063528.35759086
17007,"2017-08-14 06:00:56","2017-08-06 01:24:00",TRUE,568061.021372327,8064666.69129052
17007,"2017-08-14 07:00:56","2017-08-06 01:24:00",TRUE,565973.719881155,8067068.49550728
17007,"2017-08-14 08:00:56","2017-08-06 01:24:00",TRUE,564386.297060009,8067271.12569701
17007,"2017-08-14 09:00:56","2017-08-06 01:24:00",TRUE,561299.556504471,8062511.81098703
17007,"2017-08-14 10:00:56","2017-08-06 01:24:00",TRUE,554621.645197448,8059144.82968539
17007,"2017-08-14 11:00:56","2017-08-06 01:24:00",TRUE,549033.192354285,8056649.82866622
17007,"2017-08-14 12:00:56","2017-08-06 01:24:00",TRUE,544742.537710267,8055752.84477316
17007,"2017-08-14 13:00:56","2017-08-06 01:24:00",TRUE,540256.643470336,8056064.7399484
17007,"2017-08-14 14:00:56","2017-08-06 01:24:00",TRUE,536211.136728782,8057311.05712562
17007,"2017-08-14 15:00:56","2017-08-06 01:24:00",TRUE,532780.905461751,8058324.10447812
17007,"2017-08-14 16:00:56","2017-08-06 01:24:00",TRUE,527664.167802148,8060118.29987482
17007,"2017-08-14 17:00:56","2017-08-06 01:24:00",TRUE,521424.293407015,8058759.36656093
17007,"2017-08-14 18:00:56","2017-08-06 01:24:00",TRUE,519019.851899857,8055425.3499663
17007,"2017-08-14 19:00:56","2017-08-06 01:24:00",TRUE,521140.536708133,8053757.97100341
17007,"2017-08-15 00:04:38","2017-08-06 01:24:00",TRUE,518011.445079029,8036307.2533752
17007,"2017-08-15 01:04:38","2017-08-06 01:24:00",TRUE,517503.819058385,8030905.08143741
17007,"2017-08-15 02:04:38","2017-08-06 01:24:00",TRUE,511946.580198996,8027569.63657185
17007,"2017-08-15 03:04:38","2017-08-06 01:24:00",TRUE,508465.174776881,8021459.00789274
17007,"2017-08-15 04:04:38","2017-08-06 01:24:00",TRUE,506222.806750003,8016133.36464933
17007,"2017-08-15 05:04:38","2017-08-06 01:24:00",TRUE,506765.209663511,8009961.6187399
17007,"2017-08-15 06:04:38","2017-08-06 01:24:00",TRUE,509394.146541349,8006115.40150829
17007,"2017-08-15 07:04:38","2017-08-06 01:24:00",TRUE,513191.006067265,8001838.0247943
17007,"2017-08-15 08:04:38","2017-08-06 01:24:00",TRUE,516041.361465247,7997088.91848799
17007,"2017-08-15 09:04:38","2017-08-06 01:24:00",TRUE,514232.512839711,7992816.68716973
17007,"2017-08-15 10:04:38","2017-08-06 01:24:00",TRUE,511806.19537673,7993066.08028038
17007,"2017-08-15 11:04:38","2017-08-06 01:24:00",TRUE,511212.105256271,7993400.65526655
17007,"2017-08-15 12:04:38","2017-08-06 01:24:00",TRUE,510926.434428778,7994098.04657077
17007,"2017-08-15 13:04:38","2017-08-06 01:24:00",TRUE,511028.666170704,7993156.85356876
17007,"2017-08-15 14:04:38","2017-08-06 01:24:00",TRUE,512068.904851656,7993365.81418687
17007,"2017-08-15 15:04:38","2017-08-06 01:24:00",TRUE,515303.268023392,7994531.26341777
17007,"2017-08-15 16:04:38","2017-08-06 01:24:00",TRUE,517792.494104667,7996383.64460814
17007,"2017-08-15 17:04:38","2017-08-06 01:24:00",TRUE,519828.525659366,7998790.83028042
17007,"2017-08-15 18:04:38","2017-08-06 01:24:00",TRUE,520458.560493099,8003209.89179211
17007,"2017-08-16 00:00:36","2017-08-06 01:24:00",TRUE,511947.6278673,8021381.93188115
17007,"2017-08-16 01:00:36","2017-08-06 01:24:00",TRUE,513110.162461334,8023038.97909992
17007,"2017-08-16 02:00:36","2017-08-06 01:24:00",TRUE,513167.365196332,8025915.87261596
17007,"2017-08-16 03:00:36","2017-08-06 01:24:00",TRUE,515453.896103155,8028290.35330177
17007,"2017-08-16 04:00:36","2017-08-06 01:24:00",TRUE,516089.339236615,8029240.02476327
17007,"2017-08-16 05:00:36","2017-08-06 01:24:00",TRUE,519744.960600092,8031272.3671153
17007,"2017-08-16 06:00:36","2017-08-06 01:24:00",TRUE,521979.769372374,8034418.831738
17007,"2017-08-16 07:00:36","2017-08-06 01:24:00",TRUE,523856.238921683,8037479.7424518
17007,"2017-08-16 08:00:36","2017-08-06 01:24:00",TRUE,523392.801881486,8041625.78369556
17007,"2017-08-16 09:00:36","2017-08-06 01:24:00",TRUE,524723.580080922,8044591.53850162
17007,"2017-08-16 10:00:36","2017-08-06 01:24:00",TRUE,523286.07403907,8048952.52886578
17007,"2017-08-16 11:00:36","2017-08-06 01:24:00",TRUE,526811.148188057,8053207.3804829
17007,"2017-08-16 12:00:36","2017-08-06 01:24:00",TRUE,529845.816151009,8056216.08980256
17007,"2017-08-16 13:00:36","2017-08-06 01:24:00",TRUE,531125.407165055,8058901.24907265
17007,"2017-08-16 14:00:36","2017-08-06 01:24:00",TRUE,532442.624289796,8057952.7753466
17007,"2017-08-16 15:00:36","2017-08-06 01:24:00",TRUE,532757.331010809,8056221.38883943
17007,"2017-08-16 16:00:36","2017-08-06 01:24:00",TRUE,533308.363671228,8056563.84449465
17007,"2017-08-16 17:00:36","2017-08-06 01:24:00",TRUE,534241.679155092,8055966.64404435
17007,"2017-08-16 18:00:36","2017-08-06 01:24:00",TRUE,537592.380687971,8054989.55623565
17007,"2017-08-16 19:00:36","2017-08-06 01:24:00",TRUE,539120.055046057,8054949.37032678
17007,"2017-08-16 20:00:36","2017-08-06 01:24:00",TRUE,540206.610701055,8054182.15672184
17007,"2017-08-16 21:00:36","2017-08-06 01:24:00",TRUE,541605.811314453,8053361.81799401
17007,"2017-08-17 00:02:43","2017-08-06 01:24:00",TRUE,546883.040810085,8049333.718334
17007,"2017-08-17 01:02:43","2017-08-06 01:24:00",TRUE,540965.576488531,8045468.56198626
17007,"2017-08-17 02:02:43","2017-08-06 01:24:00",TRUE,533626.966208231,8046748.3121472
17007,"2017-08-17 03:02:43","2017-08-06 01:24:00",TRUE,527330.360969376,8047024.61742865
17007,"2017-08-17 04:02:43","2017-08-06 01:24:00",TRUE,520994.027301981,8040274.25018462
17007,"2017-08-17 05:02:43","2017-08-06 01:24:00",TRUE,516845.593399907,8033353.74717178
17007,"2017-08-17 06:02:43","2017-08-06 01:24:00",TRUE,512397.022713584,8028252.06626598
17007,"2017-08-17 07:02:43","2017-08-06 01:24:00",TRUE,509367.197515284,8023522.95533391
17007,"2017-08-17 08:02:43","2017-08-06 01:24:00",TRUE,506412.422271016,8018176.07423065
17007,"2017-08-17 09:02:43","2017-08-06 01:24:00",TRUE,505879.46488975,8013382.19654946
17007,"2017-08-17 10:02:43","2017-08-06 01:24:00",TRUE,505903.50437539,8009562.78933384
17007,"2017-08-17 11:02:43","2017-08-06 01:24:00",TRUE,507168.264844237,8007166.55711464
17007,"2017-08-17 12:02:43","2017-08-06 01:24:00",TRUE,505848.967460496,8007730.1207616
17007,"2017-08-17 13:02:43","2017-08-06 01:24:00",TRUE,503771.044911952,8010045.05789435
17007,"2017-08-17 14:02:43","2017-08-06 01:24:00",TRUE,503924.366973846,8010251.41880945
17007,"2017-08-17 15:02:43","2017-08-06 01:24:00",TRUE,503606.03441938,8010170.96011486
17007,"2017-08-17 16:02:43","2017-08-06 01:24:00",TRUE,505223.274600079,8010125.47200446
17007,"2017-08-17 17:02:43","2017-08-06 01:24:00",TRUE,505882.739189511,8008110.16290053
17007,"2017-08-18 00:12:13","2017-08-06 01:24:00",TRUE,516969.807860848,7996910.42224649
17007,"2017-08-18 01:12:13","2017-08-06 01:24:00",TRUE,518630.401809524,7997068.77218568
17007,"2017-08-18 02:12:13","2017-08-06 01:24:00",TRUE,518600.024845645,8000190.32113113
17007,"2017-08-18 03:12:13","2017-08-06 01:24:00",TRUE,518019.660680633,8004353.07251689
17007,"2017-08-18 04:12:13","2017-08-06 01:24:00",TRUE,517217.446703518,8009609.73193459
17007,"2017-08-18 05:12:13","2017-08-06 01:24:00",TRUE,518906.675754989,8014257.38467417
17007,"2017-08-18 06:12:13","2017-08-06 01:24:00",TRUE,517110.402022828,8015695.66481329
17007,"2017-08-18 07:12:13","2017-08-06 01:24:00",TRUE,513524.741793666,8018327.90918648
17007,"2017-08-18 08:12:13","2017-08-06 01:24:00",TRUE,510171.634806587,8015303.13514781
17007,"2017-08-18 09:12:13","2017-08-06 01:24:00",TRUE,507423.875055396,8016270.3229216
17007,"2017-08-18 10:12:13","2017-08-06 01:24:00",TRUE,508359.61044967,8012957.87373642
17007,"2017-08-18 11:12:13","2017-08-06 01:24:00",TRUE,509389.735319159,8010927.98744777
17007,"2017-08-18 12:12:13","2017-08-06 01:24:00",TRUE,510024.613936608,8012280.86270974
17007,"2017-08-18 13:12:13","2017-08-06 01:24:00",TRUE,508158.706982002,8015300.33765835
17007,"2017-08-18 14:12:13","2017-08-06 01:24:00",TRUE,510226.846804681,8018362.20210735
17007,"2017-08-18 15:12:13","2017-08-06 01:24:00",TRUE,509304.244145864,8021435.36096949
17007,"2017-08-18 16:12:13","2017-08-06 01:24:00",TRUE,508378.157492967,8018618.86757215
17007,"2017-08-18 17:12:13","2017-08-06 01:24:00",TRUE,505956.709322156,8012861.67813051
17007,"2017-08-19 00:04:31","2017-08-06 01:24:00",TRUE,509232.023757821,7990737.69917031
17007,"2017-08-19 01:04:31","2017-08-06 01:24:00",TRUE,508590.281504568,7988045.32858243
17007,"2017-08-19 02:04:31","2017-08-06 01:24:00",TRUE,507296.252166622,7984175.76299023
17007,"2017-08-19 03:04:31","2017-08-06 01:24:00",TRUE,507330.214899179,7982997.11627373
17007,"2017-08-19 04:04:31","2017-08-06 01:24:00",TRUE,506745.013394294,7981719.54303845
17007,"2017-08-19 05:04:31","2017-08-06 01:24:00",TRUE,506575.061450893,7981338.9339229
17007,"2017-08-19 06:04:31","2017-08-06 01:24:00",TRUE,507509.717692797,7982164.85280733
17007,"2017-08-19 07:04:31","2017-08-06 01:24:00",TRUE,509002.445655537,7983571.66032704
17007,"2017-08-19 08:04:31","2017-08-06 01:24:00",TRUE,508641.616121402,7984192.71056473
17007,"2017-08-19 09:04:31","2017-08-06 01:24:00",TRUE,508083.140154744,7983009.71533625
17007,"2017-08-19 10:04:31","2017-08-06 01:24:00",TRUE,508098.323338213,7985023.70223021
17007,"2017-08-19 11:04:31","2017-08-06 01:24:00",TRUE,510368.498780917,7989176.96377853
17007,"2017-08-19 12:04:31","2017-08-06 01:24:00",TRUE,513209.935303122,7992723.77109374
17007,"2017-08-19 13:04:31","2017-08-06 01:24:00",TRUE,513979.123956177,7995119.42458144
17007,"2017-08-19 14:04:31","2017-08-06 01:24:00",TRUE,515161.59474774,7995763.2081483
17007,"2017-08-19 15:04:31","2017-08-06 01:24:00",TRUE,511495.419724217,7996242.94253639
17007,"2017-08-19 16:04:31","2017-08-06 01:24:00",TRUE,510068.075403338,7997687.36666925
17007,"2017-08-19 17:04:31","2017-08-06 01:24:00",TRUE,511422.228904361,7995657.13204035
17007,"2017-08-20 03:01:38","2017-08-06 01:24:00",TRUE,517497.981228432,8003106.69059207
17007,"2017-08-20 04:01:38","2017-08-06 01:24:00",TRUE,516995.619236067,8008745.10948409
17007,"2017-08-20 05:01:38","2017-08-06 01:24:00",TRUE,519841.654246641,8013662.08128028
17007,"2017-08-20 06:01:38","2017-08-06 01:24:00",TRUE,514641.064968618,8013677.15717782
17007,"2017-08-20 07:01:38","2017-08-06 01:24:00",TRUE,513597.484633574,8015905.78365669
17007,"2017-08-20 08:01:38","2017-08-06 01:24:00",TRUE,509270.590728713,8012903.03526267
17007,"2017-08-20 09:01:38","2017-08-06 01:24:00",TRUE,504915.177137582,8009588.59974462
17007,"2017-08-20 10:01:38","2017-08-06 01:24:00",TRUE,505005.844545211,8008362.75327407
17007,"2017-08-20 11:01:38","2017-08-06 01:24:00",TRUE,508664.855982608,8005071.16526381
17007,"2017-08-20 12:01:38","2017-08-06 01:24:00",TRUE,513101.349844148,8001433.16285236
17007,"2017-08-20 13:01:38","2017-08-06 01:24:00",TRUE,516408.370476266,7995815.47503703
17007,"2017-08-20 14:01:38","2017-08-06 01:24:00",TRUE,516529.52392611,7994978.51973493
17007,"2017-08-20 15:01:38","2017-08-06 01:24:00",TRUE,515637.789599284,7995564.47231647
17007,"2017-08-20 16:01:38","2017-08-06 01:24:00",TRUE,517185.865994552,7994921.3717499
17007,"2017-08-20 17:01:38","2017-08-06 01:24:00",TRUE,516438.150633837,7994130.23775832
17007,"2017-08-21 00:06:50","2017-08-06 01:24:00",TRUE,512643.78534152,7991291.08787458
17007,"2017-08-21 01:06:50","2017-08-06 01:24:00",TRUE,512816.9747737,7993213.30400149
17007,"2017-08-21 02:06:50","2017-08-06 01:24:00",TRUE,514492.023766184,7994677.53342797
17007,"2017-08-21 03:06:50","2017-08-06 01:24:00",TRUE,515023.728503642,7994589.08486399
17007,"2017-08-21 04:06:50","2017-08-06 01:24:00",TRUE,511364.22066634,7993166.14833255
17007,"2017-08-21 05:06:50","2017-08-06 01:24:00",TRUE,507454.405405316,7995183.968216
17007,"2017-08-21 06:06:50","2017-08-06 01:24:00",TRUE,506778.768851499,7995951.49286077
17007,"2017-08-21 07:06:50","2017-08-06 01:24:00",TRUE,508824.473156902,7993889.9229647
17007,"2017-08-21 08:06:50","2017-08-06 01:24:00",TRUE,509777.16614074,7993672.93158387
17007,"2017-08-21 09:06:50","2017-08-06 01:24:00",TRUE,508850.136620959,7993512.20254826
17007,"2017-08-21 10:06:50","2017-08-06 01:24:00",TRUE,507996.8028684,7990849.63196726
17007,"2017-08-21 11:06:50","2017-08-06 01:24:00",TRUE,508827.012185075,7990724.86841212
17007,"2017-08-21 12:06:50","2017-08-06 01:24:00",TRUE,507204.540477859,7988140.34915206
17007,"2017-08-21 13:06:50","2017-08-06 01:24:00",TRUE,507630.046238747,7984232.99586949
17007,"2017-08-21 14:06:50","2017-08-06 01:24:00",TRUE,506991.326766391,7982024.32245508
17007,"2017-08-21 15:06:50","2017-08-06 01:24:00",TRUE,504660.078355393,7979916.47093134
17007,"2017-08-21 16:06:50","2017-08-06 01:24:00",TRUE,504679.781887292,7979241.2284224
17007,"2017-08-21 17:06:50","2017-08-06 01:24:00",TRUE,505929.556395306,7981445.80130868
17007,"2017-08-21 18:06:50","2017-08-06 01:24:00",TRUE,507740.811467552,7985473.80391877
17007,"2017-08-23 00:01:10","2017-08-06 01:24:00",TRUE,509584.79126476,7994933.32712126
17007,"2017-08-23 01:01:10","2017-08-06 01:24:00",TRUE,514549.882587286,7993706.42323552
17007,"2017-08-23 02:01:10","2017-08-06 01:24:00",TRUE,517334.026141416,7993031.52567064
17007,"2017-08-23 03:01:10","2017-08-06 01:24:00",TRUE,513491.574390058,7990584.6401447
17007,"2017-08-23 04:01:10","2017-08-06 01:24:00",TRUE,508484.171882022,7987759.8427454
17007,"2017-08-23 05:01:10","2017-08-06 01:24:00",TRUE,507133.459020114,7987443.71864469
17007,"2017-08-23 06:01:10","2017-08-06 01:24:00",TRUE,507618.32261051,7984476.16683538
17007,"2017-08-23 08:01:10","2017-08-06 01:24:00",TRUE,508620.14459508,7987559.52271629
17007,"2017-08-23 09:01:10","2017-08-06 01:24:00",TRUE,509709.80047084,7991769.88098279
17007,"2017-08-23 10:01:10","2017-08-06 01:24:00",TRUE,508871.928908836,7994394.33231252
17007,"2017-08-23 11:01:10","2017-08-06 01:24:00",TRUE,507701.010119274,7997335.6228691
17007,"2017-08-23 12:01:10","2017-08-06 01:24:00",TRUE,508830.34351945,7998019.12749627
17007,"2017-08-23 13:01:10","2017-08-06 01:24:00",TRUE,510994.632170394,7997502.75412173
17007,"2017-08-23 14:01:10","2017-08-06 01:24:00",TRUE,514095.764174825,7995463.93106976
17007,"2017-08-23 15:01:10","2017-08-06 01:24:00",TRUE,516502.540856754,7994305.64414269
17007,"2017-08-23 16:01:10","2017-08-06 01:24:00",TRUE,515090.28847019,7994665.59614911
17007,"2017-08-23 17:01:10","2017-08-06 01:24:00",TRUE,515451.993420753,7994861.17192135
17007,"2017-08-24 00:01:15","2017-08-06 01:24:00",TRUE,513793.755178997,8017991.36691983
17007,"2017-08-24 01:01:15","2017-08-06 01:24:00",TRUE,509577.577092351,8017017.43215743
17007,"2017-08-24 02:01:15","2017-08-06 01:24:00",TRUE,508061.386399857,8014689.81202868
17007,"2017-08-24 03:01:15","2017-08-06 01:24:00",TRUE,507272.036517371,8016622.34360259
17007,"2017-08-24 04:01:15","2017-08-06 01:24:00",TRUE,507972.593377794,8020127.80622743
17007,"2017-08-24 05:01:15","2017-08-06 01:24:00",TRUE,509682.127157156,8021722.06212308
17007,"2017-08-24 06:01:15","2017-08-06 01:24:00",TRUE,509408.817904103,8021172.66949786
17007,"2017-08-24 07:01:15","2017-08-06 01:24:00",TRUE,507051.208205193,8015586.46238775
17007,"2017-08-24 08:01:15","2017-08-06 01:24:00",TRUE,507479.554965784,8012555.45928352
17007,"2017-08-24 09:01:15","2017-08-06 01:24:00",TRUE,511458.008141011,8011258.70445223
17007,"2017-08-24 10:01:15","2017-08-06 01:24:00",TRUE,510081.541430864,8014404.96221528
17007,"2017-08-24 11:01:15","2017-08-06 01:24:00",TRUE,506798.949770241,8011240.044258
17007,"2017-08-24 12:01:15","2017-08-06 01:24:00",TRUE,505554.266920721,8008420.04571543
17007,"2017-08-24 13:01:15","2017-08-06 01:24:00",TRUE,505222.450795314,8008980.73789724
17007,"2017-08-24 14:01:15","2017-08-06 01:24:00",TRUE,505149.706078962,8010456.66848551
17007,"2017-08-24 15:01:15","2017-08-06 01:24:00",TRUE,503809.619583808,8010690.53011376
17007,"2017-08-24 16:01:15","2017-08-06 01:24:00",TRUE,503897.883640022,8010234.36664081
17007,"2017-08-24 17:01:15","2017-08-06 01:24:00",TRUE,506699.060481831,8010021.93776518
17007,"2017-08-24 18:01:15","2017-08-06 01:24:00",TRUE,508271.380191594,8011597.21962618
17007,"2017-08-24 19:01:15","2017-08-06 01:24:00",TRUE,511644.421994031,8010832.10694443
17007,"2017-08-25 00:03:36","2017-08-06 01:24:00",TRUE,508196.850423334,8015206.11341821
17007,"2017-08-25 01:03:36","2017-08-06 01:24:00",TRUE,510734.930865768,8015741.33106484
17007,"2017-08-25 02:03:36","2017-08-06 01:24:00",TRUE,511701.866363496,8019714.02030281
17007,"2017-08-25 03:03:36","2017-08-06 01:24:00",TRUE,509041.244878913,8022389.83908725
17007,"2017-08-25 04:03:36","2017-08-06 01:24:00",TRUE,510260.829867324,8023938.54827583
17007,"2017-08-25 05:03:36","2017-08-06 01:24:00",TRUE,511352.5969625,8025736.09918122
17007,"2017-08-25 06:03:36","2017-08-06 01:24:00",TRUE,512582.852863695,8023517.13676243
17007,"2017-08-25 07:03:36","2017-08-06 01:24:00",TRUE,515590.116697656,8018238.59410971
17007,"2017-08-25 08:03:36","2017-08-06 01:24:00",TRUE,512992.640086893,8019538.98849549
17007,"2017-08-25 09:03:36","2017-08-06 01:24:00",TRUE,509068.815221511,8020306.87737225
17007,"2017-08-25 10:03:36","2017-08-06 01:24:00",TRUE,507486.629902632,8016930.14845121
17007,"2017-08-25 11:03:36","2017-08-06 01:24:00",TRUE,506596.769292239,8017640.69623909
17007,"2017-08-25 12:03:36","2017-08-06 01:24:00",TRUE,506958.738091033,8017897.38571288
17007,"2017-08-25 13:03:36","2017-08-06 01:24:00",TRUE,509020.080755207,8019694.41018155
17007,"2017-08-26 08:44:57","2017-08-06 01:24:00",TRUE,514601.259175603,8048739.96966777
17007,"2017-08-26 09:44:57","2017-08-06 01:24:00",TRUE,520320.450687644,8048417.03687827
17007,"2017-08-26 10:44:57","2017-08-06 01:24:00",TRUE,521786.576118516,8051451.91106589
17007,"2017-08-26 11:44:57","2017-08-06 01:24:00",TRUE,523304.865975397,8054487.42406293
17007,"2017-08-26 12:44:57","2017-08-06 01:24:00",TRUE,528800.870253313,8055606.64078443
17007,"2017-08-26 13:44:57","2017-08-06 01:24:00",TRUE,533438.90536979,8056271.28290438
17007,"2017-08-26 14:44:57","2017-08-06 01:24:00",TRUE,537356.25750915,8053038.08144545
17007,"2017-08-26 15:44:57","2017-08-06 01:24:00",TRUE,541046.018200068,8050524.0152981
17007,"2017-08-26 16:44:57","2017-08-06 01:24:00",TRUE,542189.329679508,8049256.00417678
17007,"2017-08-26 17:44:57","2017-08-06 01:24:00",TRUE,539015.262808523,8049963.99054258
17007,"2017-08-26 18:44:57","2017-08-06 01:24:00",TRUE,542295.861008171,8049994.79135843
17007,"2017-08-27 00:02:30","2017-08-06 01:24:00",TRUE,532044.27345737,8050905.69926911
17007,"2017-08-27 01:02:30","2017-08-06 01:24:00",TRUE,528481.633766246,8053516.30434346
17007,"2017-08-27 02:02:30","2017-08-06 01:24:00",TRUE,524160.925000382,8055180.68840857
17007,"2017-08-27 03:02:30","2017-08-06 01:24:00",TRUE,528561.197886696,8060184.42987584
17007,"2017-08-27 04:02:30","2017-08-06 01:24:00",TRUE,533556.970152813,8062359.93642664
17007,"2017-08-27 05:02:30","2017-08-06 01:24:00",TRUE,538389.85787313,8062547.62260059
17007,"2017-08-27 06:02:30","2017-08-06 01:24:00",TRUE,542616.755374361,8061865.13287473
17007,"2017-08-27 07:02:30","2017-08-06 01:24:00",TRUE,546573.180116203,8059593.7372656
17007,"2017-08-27 08:02:30","2017-08-06 01:24:00",TRUE,547348.180530596,8054299.49856096
17007,"2017-08-27 09:02:30","2017-08-06 01:24:00",TRUE,549638.856654807,8049974.93058907
17007,"2017-08-27 10:02:30","2017-08-06 01:24:00",TRUE,550778.714421366,8046001.87093009
17007,"2017-08-27 11:02:30","2017-08-06 01:24:00",TRUE,550556.076389824,8046437.05858233
17007,"2017-08-27 12:02:30","2017-08-06 01:24:00",TRUE,550952.932260371,8047960.52796156
17007,"2017-08-27 13:02:30","2017-08-06 01:24:00",TRUE,552862.721220466,8047282.90411531
17007,"2017-08-27 14:02:30","2017-08-06 01:24:00",TRUE,549253.708131929,8046666.24726494
17007,"2017-08-27 15:02:30","2017-08-06 01:24:00",TRUE,545985.269978803,8047609.35500047
17007,"2017-08-27 16:02:30","2017-08-06 01:24:00",TRUE,541771.239437224,8051238.27197729
17007,"2017-08-27 17:02:30","2017-08-06 01:24:00",TRUE,544211.92246991,8052828.63190894
17007,"2017-08-28 05:04:26","2017-08-06 01:24:00",TRUE,535495.977056307,8013289.4820194
17007,"2017-08-28 06:04:26","2017-08-06 01:24:00",TRUE,540745.876028658,8007539.07172128
17007,"2017-08-28 07:04:26","2017-08-06 01:24:00",TRUE,544031.360713687,8004829.29892155
17007,"2017-08-28 08:04:26","2017-08-06 01:24:00",TRUE,544310.865109164,8005008.47896072
17007,"2017-08-28 09:04:26","2017-08-06 01:24:00",TRUE,544316.3260461,8004813.8302955
17007,"2017-08-28 10:04:26","2017-08-06 01:24:00",TRUE,544200.262051469,8004692.69627964
17007,"2017-08-28 11:04:26","2017-08-06 01:24:00",TRUE,544166.656786269,8004997.98443869
17007,"2017-08-28 12:04:26","2017-08-06 01:24:00",TRUE,544117.124333385,8004956.94523967
17007,"2017-08-28 13:04:26","2017-08-06 01:24:00",TRUE,541724.619500922,8006069.57647366
17007,"2017-08-28 14:04:26","2017-08-06 01:24:00",TRUE,536452.937161863,8008442.98573071
17007,"2017-08-28 15:04:26","2017-08-06 01:24:00",TRUE,532928.394681204,8013006.61948844
17007,"2017-08-28 16:04:26","2017-08-06 01:24:00",TRUE,530121.891511447,8018907.32920769
17007,"2017-08-28 17:04:26","2017-08-06 01:24:00",TRUE,525238.13907862,8022448.88198057
17007,"2017-08-29 00:00:59","2017-08-06 01:24:00",TRUE,508772.399658006,8018376.39207106
17007,"2017-08-29 01:00:59","2017-08-06 01:24:00",TRUE,505874.888825105,8016441.11842999
17007,"2017-08-29 02:00:59","2017-08-06 01:24:00",TRUE,506900.017644743,8011893.0009024
17007,"2017-08-29 03:00:59","2017-08-06 01:24:00",TRUE,510762.148530457,8010912.41451778
17007,"2017-08-29 04:00:59","2017-08-06 01:24:00",TRUE,510433.333634145,8014209.73655348
17007,"2017-08-29 05:00:59","2017-08-06 01:24:00",TRUE,509274.324075162,8018572.3934524
17007,"2017-08-29 06:00:59","2017-08-06 01:24:00",TRUE,510134.380853037,8022606.82708942
17007,"2017-08-29 07:00:59","2017-08-06 01:24:00",TRUE,511691.429441352,8023552.72423946
17007,"2017-08-29 08:00:59","2017-08-06 01:24:00",TRUE,511783.715120759,8020289.89255127
17007,"2017-08-29 09:00:59","2017-08-06 01:24:00",TRUE,510449.678346353,8018751.89571363
17007,"2017-08-29 10:00:59","2017-08-06 01:24:00",TRUE,510186.206961877,8018648.0669021
17007,"2017-08-29 11:00:59","2017-08-06 01:24:00",TRUE,509951.701703406,8020560.22991305
17007,"2017-08-29 12:00:59","2017-08-06 01:24:00",TRUE,509526.084863438,8019631.50302129
17007,"2017-08-29 13:00:59","2017-08-06 01:24:00",TRUE,508908.260864354,8015485.7028824
17007,"2017-08-30 03:00:04","2017-08-06 01:24:00",TRUE,519701.523204112,8003708.18758989
17007,"2017-08-30 04:00:04","2017-08-06 01:24:00",TRUE,517826.772675535,8007859.34609033
17007,"2017-08-30 05:00:04","2017-08-06 01:24:00",TRUE,518042.729596155,8010727.93951957
17007,"2017-08-30 06:00:04","2017-08-06 01:24:00",TRUE,521626.306671483,8011692.24062099
17007,"2017-08-30 07:00:04","2017-08-06 01:24:00",TRUE,523585.586381372,8013228.4710943
17007,"2017-08-30 08:00:04","2017-08-06 01:24:00",TRUE,523913.319432038,8014307.71459113
17007,"2017-08-30 09:00:04","2017-08-06 01:24:00",TRUE,519978.309717326,8010879.57013449
17007,"2017-08-30 10:00:04","2017-08-06 01:24:00",TRUE,515014.816868657,8010123.47720811
17007,"2017-08-30 11:00:04","2017-08-06 01:24:00",TRUE,508689.931006893,8009215.27859833
17007,"2017-08-30 12:00:04","2017-08-06 01:24:00",TRUE,506301.010756688,8012693.10492762
17007,"2017-08-30 13:00:04","2017-08-06 01:24:00",TRUE,505231.19849892,8013393.72553167
17007,"2017-08-30 14:00:04","2017-08-06 01:24:00",TRUE,506574.296873051,8011441.83251938
17007,"2017-08-30 15:00:04","2017-08-06 01:24:00",TRUE,506804.937162757,8008794.94274537
17007,"2017-08-31 00:00:53","2017-08-06 01:24:00",TRUE,502859.637188802,8010964.18663945
17007,"2017-08-31 01:00:53","2017-08-06 01:24:00",TRUE,506666.264692993,8006794.20096494
17007,"2017-08-31 02:00:53","2017-08-06 01:24:00",TRUE,505375.406094802,8007864.86920081
17007,"2017-08-31 03:00:53","2017-08-06 01:24:00",TRUE,503836.126667442,8009834.75879064
17007,"2017-08-31 04:00:53","2017-08-06 01:24:00",TRUE,506188.622052445,8007433.2230048
17007,"2017-08-31 05:00:53","2017-08-06 01:24:00",TRUE,508094.512554953,8005799.98841069
17007,"2017-08-31 06:00:53","2017-08-06 01:24:00",TRUE,507318.947167229,8006887.62157097
17007,"2017-08-31 07:00:53","2017-08-06 01:24:00",TRUE,505551.884074673,8009269.46839557
17007,"2017-08-31 08:00:53","2017-08-06 01:24:00",TRUE,509896.985161901,8004648.2611097
17007,"2017-08-31 09:00:53","2017-08-06 01:24:00",TRUE,513803.192936822,8001370.611931
17007,"2017-08-31 10:00:53","2017-08-06 01:24:00",TRUE,508494.004428847,8005245.61867173
17007,"2017-08-31 11:00:53","2017-08-06 01:24:00",TRUE,504017.259977937,8009601.78135021
17007,"2017-08-31 12:00:53","2017-08-06 01:24:00",TRUE,502322.08629749,8010901.78826403
17007,"2017-08-31 13:00:53","2017-08-06 01:24:00",TRUE,502645.587634518,8011039.14065471
17007,"2017-08-31 14:00:53","2017-08-06 01:24:00",TRUE,502954.002585515,8011054.23449026
17007,"2017-08-31 15:00:53","2017-08-06 01:24:00",TRUE,503376.977151377,8010862.68279705
17007,"2017-08-31 16:00:53","2017-08-06 01:24:00",TRUE,503873.0846812,8010849.47616207
17007,"2017-08-31 17:00:53","2017-08-06 01:24:00",TRUE,504301.578641775,8010365.99028472
17007,"2017-09-01 02:07:19","2017-08-06 01:24:00",TRUE,507987.396194799,8000272.34469053
17007,"2017-09-01 03:07:19","2017-08-06 01:24:00",TRUE,505714.764159545,7996354.74538261
17007,"2017-09-01 04:07:19","2017-08-06 01:24:00",TRUE,509336.328197269,7992846.92500145
17007,"2017-09-01 05:07:19","2017-08-06 01:24:00",TRUE,515107.94930309,7991860.89336894
17007,"2017-09-01 06:07:19","2017-08-06 01:24:00",TRUE,516254.186656392,7993987.55176311
17007,"2017-09-01 10:30:00","2017-08-06 01:24:00",TRUE,506483.373113494,7982583.90426242
17007,"2017-09-01 11:30:00","2017-08-06 01:24:00",TRUE,504632.553037226,7979972.13415019
17007,"2017-09-01 12:30:00","2017-08-06 01:24:00",TRUE,503844.321893477,7979132.26972777
17007,"2017-09-01 13:30:00","2017-08-06 01:24:00",TRUE,503559.103620777,7978749.33400428
17007,"2017-09-01 14:30:00","2017-08-06 01:24:00",TRUE,503702.719990102,7978440.17916332
17007,"2017-09-01 15:30:00","2017-08-06 01:24:00",TRUE,504081.049940082,7978677.9289589
17007,"2017-09-01 16:30:00","2017-08-06 01:24:00",TRUE,505701.083275498,7979801.63045382
17007,"2017-09-02 05:24:38","2017-08-06 01:24:00",TRUE,503773.482554978,7978240.94258682
17007,"2017-09-02 06:24:38","2017-08-06 01:24:00",TRUE,502951.481102986,7978272.45070293
17007,"2017-09-02 07:24:38","2017-08-06 01:24:00",TRUE,503187.323867008,7977932.01427534
17007,"2017-09-02 08:24:38","2017-08-06 01:24:00",TRUE,501961.860632926,7977093.41432651
17007,"2017-09-02 09:24:38","2017-08-06 01:24:00",TRUE,504193.257925378,7978340.82520884
17007,"2017-09-02 10:24:38","2017-08-06 01:24:00",TRUE,504726.314486058,7978865.16081801
17007,"2017-09-02 11:24:38","2017-08-06 01:24:00",TRUE,505696.500447937,7979610.13649467
17007,"2017-09-02 12:24:38","2017-08-06 01:24:00",TRUE,506858.71922564,7982057.96896324
17007,"2017-09-02 13:24:38","2017-08-06 01:24:00",TRUE,507010.350268817,7982241.10275361
17007,"2017-09-02 14:24:38","2017-08-06 01:24:00",TRUE,506544.224031224,7982219.57311793
17007,"2017-09-02 15:24:38","2017-08-06 01:24:00",TRUE,506704.947206696,7984929.43925426
17007,"2017-09-02 16:24:38","2017-08-06 01:24:00",TRUE,507197.619476045,7989759.9992807
17007,"2017-09-03 00:54:14","2017-08-06 01:24:00",TRUE,517416.490198718,8015910.72627382
17007,"2017-09-03 01:54:14","2017-08-06 01:24:00",TRUE,514125.183782072,8017381.89032406
17007,"2017-09-03 02:54:14","2017-08-06 01:24:00",TRUE,511041.318771514,8014676.96055156
17007,"2017-09-03 03:54:14","2017-08-06 01:24:00",TRUE,508084.291016696,8014628.16778249
17007,"2017-09-03 04:54:14","2017-08-06 01:24:00",TRUE,506772.695178252,8017857.81656471
17007,"2017-09-03 05:54:14","2017-08-06 01:24:00",TRUE,507215.460057046,8019969.48247878
17007,"2017-09-03 06:54:14","2017-08-06 01:24:00",TRUE,510544.008400626,8025221.81898884
17007,"2017-09-03 07:54:14","2017-08-06 01:24:00",TRUE,512435.197863428,8025772.30341437
17007,"2017-09-03 08:54:14","2017-08-06 01:24:00",TRUE,510908.60246887,8024725.68236448
17007,"2017-09-03 09:54:14","2017-08-06 01:24:00",TRUE,511314.495461042,8025248.54615598
17007,"2017-09-03 10:54:14","2017-08-06 01:24:00",TRUE,511937.302081739,8025537.9474082
17007,"2017-09-03 11:54:14","2017-08-06 01:24:00",TRUE,512505.85913515,8025607.4331379
17007,"2017-09-04 18:00:56","2017-08-06 01:24:00",TRUE,507571.517722983,8000000.20980829
17007,"2017-09-04 19:00:56","2017-08-06 01:24:00",TRUE,509425.571643303,7997884.07514509
17007,"2017-09-04 20:00:56","2017-08-06 01:24:00",TRUE,511117.150370537,7993684.6183054
17007,"2017-09-04 21:00:56","2017-08-06 01:24:00",TRUE,514105.39726097,7995154.43561073
17007,"2017-09-04 22:00:56","2017-08-06 01:24:00",TRUE,516803.132828055,7995745.53761201
17007,"2017-09-04 23:00:56","2017-08-06 01:24:00",TRUE,518115.616028796,7995962.99548644
17008,"2017-08-14 00:43:58","2017-08-13 00:43:00",FALSE,550207.393468223,8057068.78782309
17008,"2017-08-14 01:43:58","2017-08-13 00:43:00",FALSE,553309.590063492,8055397.11189559
17008,"2017-08-14 02:43:58","2017-08-13 00:43:00",FALSE,554741.219051055,8055156.56217715
17008,"2017-08-14 03:43:58","2017-08-13 00:43:00",FALSE,557912.611509691,8056728.89335817
17008,"2017-08-14 04:43:58","2017-08-13 00:43:00",FALSE,561796.660612092,8057797.0303772
17008,"2017-08-14 05:43:58","2017-08-13 00:43:00",FALSE,564010.093396681,8059922.65736308
17008,"2017-08-14 06:43:58","2017-08-13 00:43:00",FALSE,563630.199815911,8062573.12288237
17008,"2017-08-14 07:43:58","2017-08-13 00:43:00",FALSE,563361.402183512,8065506.68482007
17008,"2017-08-14 08:43:58","2017-08-13 00:43:00",FALSE,561869.585435158,8065363.16286251
17008,"2017-08-14 09:43:58","2017-08-13 00:43:00",FALSE,558584.851362948,8062711.76635409
17008,"2017-08-14 10:43:58","2017-08-13 00:43:00",FALSE,554824.896503759,8062852.7401354
17008,"2017-08-14 11:43:58","2017-08-13 00:43:00",FALSE,552555.887242996,8062803.81100882
17008,"2017-08-14 12:43:58","2017-08-13 00:43:00",FALSE,549519.222783353,8061755.48783822
17008,"2017-08-14 13:43:58","2017-08-13 00:43:00",FALSE,545433.13006992,8062038.54312157
17008,"2017-08-14 14:43:58","2017-08-13 00:43:00",FALSE,541993.102806703,8062602.88362335
17008,"2017-08-14 15:43:58","2017-08-13 00:43:00",FALSE,538834.481509398,8061931.91150707
17008,"2017-08-14 16:43:58","2017-08-13 00:43:00",FALSE,535817.64539641,8061222.63946539
17008,"2017-08-14 17:43:58","2017-08-13 00:43:00",FALSE,532175.819216339,8059596.39779088
17008,"2017-08-14 18:43:58","2017-08-13 00:43:00",FALSE,529076.846116556,8056891.87303752
17008,"2017-08-14 19:43:58","2017-08-13 00:43:00",FALSE,528029.007193602,8053610.47491395
17008,"2017-08-15 00:05:07","2017-08-13 00:43:00",FALSE,536676.353188595,8048898.57653384
17008,"2017-08-15 01:05:07","2017-08-13 00:43:00",FALSE,538791.075364418,8047511.32941962
17008,"2017-08-15 02:05:07","2017-08-13 00:43:00",FALSE,540536.443854148,8046409.8755233
17008,"2017-08-15 03:05:07","2017-08-13 00:43:00",FALSE,541356.129157394,8046009.58629932
17008,"2017-08-15 04:05:07","2017-08-13 00:43:00",FALSE,541169.449152,8048213.69387459
17008,"2017-08-15 05:05:07","2017-08-13 00:43:00",FALSE,542421.549978035,8048479.70950065
17008,"2017-08-15 06:05:07","2017-08-13 00:43:00",FALSE,545777.718578792,8046902.67703551
17008,"2017-08-15 07:05:07","2017-08-13 00:43:00",FALSE,547114.708279356,8043238.55108001
17008,"2017-08-15 08:05:07","2017-08-13 00:43:00",FALSE,548757.667680815,8041118.94901337
17008,"2017-08-15 09:05:07","2017-08-13 00:43:00",FALSE,550047.03830381,8038818.9436177
17008,"2017-08-15 10:05:07","2017-08-13 00:43:00",FALSE,551912.050192837,8037829.43635797
17008,"2017-08-15 11:05:07","2017-08-13 00:43:00",FALSE,550553.156510693,8038684.24442603
17008,"2017-08-15 12:05:07","2017-08-13 00:43:00",FALSE,549477.55903966,8040010.67943132
17008,"2017-08-15 13:05:07","2017-08-13 00:43:00",FALSE,547549.785733597,8042912.60423837
17008,"2017-08-15 14:05:07","2017-08-13 00:43:00",FALSE,547056.371181134,8042576.46327725
17008,"2017-08-15 15:05:07","2017-08-13 00:43:00",FALSE,547178.32691045,8042002.73096178
17008,"2017-08-15 16:05:07","2017-08-13 00:43:00",FALSE,547893.2740701,8041681.2441625
17008,"2017-08-15 17:05:07","2017-08-13 00:43:00",FALSE,549773.830239397,8039711.72107162
17008,"2017-08-15 18:05:07","2017-08-13 00:43:00",FALSE,550156.359037532,8039374.36502905
17008,"2017-08-15 19:05:07","2017-08-13 00:43:00",FALSE,550472.976600823,8039079.53130273
17008,"2017-08-15 20:05:07","2017-08-13 00:43:00",FALSE,550070.018953371,8039412.51241214
17008,"2017-08-15 21:05:07","2017-08-13 00:43:00",FALSE,550891.009885341,8038989.95373507
17008,"2017-08-15 22:05:07","2017-08-13 00:43:00",FALSE,550196.568744079,8040008.60721689
17008,"2017-08-15 23:05:07","2017-08-13 00:43:00",FALSE,549111.493256229,8041396.60246927
17008,"2017-08-16 00:05:07","2017-08-13 00:43:00",FALSE,549012.872949117,8041200.19641024
17008,"2017-08-16 01:05:07","2017-08-13 00:43:00",FALSE,550385.897115027,8039499.17471209
17008,"2017-08-16 02:05:07","2017-08-13 00:43:00",FALSE,552895.821742448,8037725.09584347
17008,"2017-08-16 03:05:07","2017-08-13 00:43:00",FALSE,552443.613945689,8038827.45385487
17008,"2017-08-16 04:05:07","2017-08-13 00:43:00",FALSE,553271.42047528,8039315.15497337
17008,"2017-08-16 05:05:07","2017-08-13 00:43:00",FALSE,555074.685721293,8039249.99196999
17008,"2017-08-16 06:05:07","2017-08-13 00:43:00",FALSE,553243.551851345,8039623.36398057
17008,"2017-08-16 07:05:07","2017-08-13 00:43:00",FALSE,551640.258358367,8039439.59611248
17008,"2017-08-16 08:05:07","2017-08-13 00:43:00",FALSE,551251.512737105,8039895.29996745
17008,"2017-08-16 09:05:07","2017-08-13 00:43:00",FALSE,549966.738406354,8040553.57242428
17008,"2017-08-16 10:05:07","2017-08-13 00:43:00",FALSE,548811.316906246,8041962.87315234
17008,"2017-08-16 11:05:07","2017-08-13 00:43:00",FALSE,547593.174113459,8044999.12644832
17008,"2017-08-16 12:05:07","2017-08-13 00:43:00",FALSE,546976.928062667,8046530.00500948
17008,"2017-08-16 13:05:07","2017-08-13 00:43:00",FALSE,545617.992259643,8049140.47553981
17008,"2017-08-16 14:05:07","2017-08-13 00:43:00",FALSE,544262.743930639,8050565.98808956
17008,"2017-08-16 15:05:07","2017-08-13 00:43:00",FALSE,542788.03365411,8050961.86158012
17008,"2017-08-16 16:05:07","2017-08-13 00:43:00",FALSE,541151.98897057,8051155.90575705
17008,"2017-08-16 17:05:07","2017-08-13 00:43:00",FALSE,540628.689851459,8050850.84760095
17008,"2017-08-16 18:05:07","2017-08-13 00:43:00",FALSE,542569.329107359,8050758.09210839
17008,"2017-08-16 19:05:07","2017-08-13 00:43:00",FALSE,545021.448196791,8048309.25038586
17008,"2017-08-16 20:05:07","2017-08-13 00:43:00",FALSE,546306.739694598,8048357.08525753
17008,"2017-08-16 21:05:07","2017-08-13 00:43:00",FALSE,547330.793863949,8046322.79118579
17008,"2017-08-16 22:05:07","2017-08-13 00:43:00",FALSE,547984.765298047,8044836.06075975
17008,"2017-08-16 23:05:07","2017-08-13 00:43:00",FALSE,548584.176235408,8044092.84341605
17008,"2017-08-17 00:05:07","2017-08-13 00:43:00",FALSE,546718.765813706,8043701.94709171
17008,"2017-08-17 01:05:07","2017-08-13 00:43:00",FALSE,541533.979636007,8044948.32612375
17008,"2017-08-17 02:05:07","2017-08-13 00:43:00",FALSE,536777.309914123,8047096.37161461
17008,"2017-08-17 03:05:07","2017-08-13 00:43:00",FALSE,532226.114250901,8047409.90329195
17008,"2017-08-17 04:05:07","2017-08-13 00:43:00",FALSE,526457.595139935,8048982.73755274
17008,"2017-08-17 05:05:07","2017-08-13 00:43:00",FALSE,519756.466676617,8046796.15168142
17008,"2017-08-17 06:05:07","2017-08-13 00:43:00",FALSE,517955.83168854,8040402.12679041
17008,"2017-08-17 11:05:07","2017-08-13 00:43:00",FALSE,511151.302199361,8044233.36640353
17008,"2017-08-17 12:05:07","2017-08-13 00:43:00",FALSE,506994.033829625,8041196.85063345
17008,"2017-08-17 13:05:07","2017-08-13 00:43:00",FALSE,502342.203514509,8038352.38947504
17008,"2017-08-17 14:05:07","2017-08-13 00:43:00",FALSE,499757.195251541,8034250.45739543
17008,"2017-08-17 15:05:07","2017-08-13 00:43:00",FALSE,498855.751048349,8032705.9162089
17008,"2017-08-17 16:05:07","2017-08-13 00:43:00",FALSE,499864.836328357,8035051.02739555
17008,"2017-08-17 17:05:07","2017-08-13 00:43:00",FALSE,501515.801351612,8037922.34497801
17008,"2017-08-17 18:05:07","2017-08-13 00:43:00",FALSE,504136.585807794,8041360.375119
17008,"2017-08-17 19:05:07","2017-08-13 00:43:00",FALSE,505201.77317732,8041017.22563467
17008,"2017-08-17 20:05:07","2017-08-13 00:43:00",FALSE,502283.520070943,8036915.75628322
17008,"2017-08-17 21:05:07","2017-08-13 00:43:00",FALSE,501435.771501461,8036431.47692297
17008,"2017-08-17 23:05:07","2017-08-13 00:43:00",FALSE,499244.182291216,8033115.74775034
17008,"2017-08-18 00:05:07","2017-08-13 00:43:00",FALSE,496199.409950069,8027684.16104649
17008,"2017-08-18 01:05:07","2017-08-13 00:43:00",FALSE,494547.634659722,8024542.26855182
17008,"2017-08-18 02:05:07","2017-08-13 00:43:00",FALSE,494676.521712367,8024249.7410829
17008,"2017-08-18 03:05:07","2017-08-13 00:43:00",FALSE,494854.760606096,8022110.23501393
17008,"2017-08-18 04:05:07","2017-08-13 00:43:00",FALSE,491270.217444992,8017973.89572162
17008,"2017-08-18 05:05:07","2017-08-13 00:43:00",FALSE,492465.793024795,8020273.16488846
17008,"2017-08-18 06:05:07","2017-08-13 00:43:00",FALSE,495194.533484252,8022846.86388349
17008,"2017-08-18 07:05:07","2017-08-13 00:43:00",FALSE,496573.291455628,8026278.21177405
17008,"2017-08-18 08:05:07","2017-08-13 00:43:00",FALSE,495824.898893713,8025217.9920683
17008,"2017-08-18 09:05:07","2017-08-13 00:43:00",FALSE,496769.832922762,8027114.31892631
17008,"2017-08-18 10:05:07","2017-08-13 00:43:00",FALSE,499009.596053749,8030479.45191616
17008,"2017-08-18 11:05:07","2017-08-13 00:43:00",FALSE,499921.342714359,8035251.72423775
17008,"2017-08-18 12:05:07","2017-08-13 00:43:00",FALSE,501727.372799945,8039099.82686999
17008,"2017-08-18 13:05:07","2017-08-13 00:43:00",FALSE,505380.14013211,8042840.19405165
17008,"2017-08-18 14:05:07","2017-08-13 00:43:00",FALSE,507985.944633202,8047012.78490876
17008,"2017-08-18 15:05:07","2017-08-13 00:43:00",FALSE,510560.722301698,8049380.29144358
17008,"2017-08-18 16:05:07","2017-08-13 00:43:00",FALSE,514029.838250949,8052514.12438234
17008,"2017-08-18 17:05:07","2017-08-13 00:43:00",FALSE,511586.908271774,8050639.42867803
17008,"2017-08-18 18:05:07","2017-08-13 00:43:00",FALSE,507456.247767642,8046267.81349562
17008,"2017-08-19 00:01:01","2017-08-13 00:43:00",FALSE,491530.000878056,8019144.78300109
17008,"2017-08-19 01:01:01","2017-08-13 00:43:00",FALSE,491741.77602685,8020001.65517734
17008,"2017-08-19 02:01:01","2017-08-13 00:43:00",FALSE,492573.349022506,8019845.39157057
17008,"2017-08-19 03:01:01","2017-08-13 00:43:00",FALSE,492882.852843838,8020399.18043051
17008,"2017-08-19 04:01:01","2017-08-13 00:43:00",FALSE,495352.178568032,8023255.01329884
17008,"2017-08-19 05:01:01","2017-08-13 00:43:00",FALSE,496189.415612005,8027380.85094553
17008,"2017-08-19 06:01:01","2017-08-13 00:43:00",FALSE,498479.350688973,8031200.20364735
17008,"2017-08-19 07:01:01","2017-08-13 00:43:00",FALSE,499450.981113832,8032797.50830394
17008,"2017-08-19 08:01:01","2017-08-13 00:43:00",FALSE,501386.103993525,8033884.28607517
17008,"2017-08-19 09:01:01","2017-08-13 00:43:00",FALSE,501945.593306546,8034768.57381816
17008,"2017-08-19 10:01:01","2017-08-13 00:43:00",FALSE,498917.365026412,8031426.18650033
17008,"2017-08-19 11:01:01","2017-08-13 00:43:00",FALSE,495972.973573749,8026625.67993938
17008,"2017-08-19 12:01:01","2017-08-13 00:43:00",FALSE,494636.728105731,8022252.98278351
17008,"2017-08-19 13:01:01","2017-08-13 00:43:00",FALSE,492999.106609044,8020975.38688447
17008,"2017-08-19 14:01:01","2017-08-13 00:43:00",FALSE,490960.206371365,8018173.17380739
17008,"2017-08-19 15:01:01","2017-08-13 00:43:00",FALSE,490784.530684762,8018044.00064024
17008,"2017-08-19 16:01:01","2017-08-13 00:43:00",FALSE,489606.023977668,8017212.86685813
17008,"2017-08-19 17:01:01","2017-08-13 00:43:00",FALSE,491222.467134666,8018223.797368
17008,"2017-08-19 18:01:01","2017-08-13 00:43:00",FALSE,492312.160976626,8019967.23717609
17008,"2017-08-20 00:08:44","2017-08-13 00:43:00",FALSE,501021.526000185,8035669.7024921
17008,"2017-08-20 01:08:44","2017-08-13 00:43:00",FALSE,502329.729771995,8039178.60059414
17008,"2017-08-20 02:08:44","2017-08-13 00:43:00",FALSE,503781.509209535,8039810.35451704
17008,"2017-08-20 03:08:44","2017-08-13 00:43:00",FALSE,502521.638080803,8036130.8169442
17008,"2017-08-20 04:08:44","2017-08-13 00:43:00",FALSE,501824.853318655,8036220.44702197
17008,"2017-08-20 05:08:44","2017-08-13 00:43:00",FALSE,502273.671028035,8038075.11185799
17008,"2017-08-20 06:08:44","2017-08-13 00:43:00",FALSE,502607.497759528,8038028.7932905
17008,"2017-08-20 07:08:44","2017-08-13 00:43:00",FALSE,502232.116751364,8036421.97115502
17008,"2017-08-20 08:08:44","2017-08-13 00:43:00",FALSE,502495.076839152,8038334.66475157
17008,"2017-08-20 09:08:44","2017-08-13 00:43:00",FALSE,502659.601029879,8038549.09412255
17008,"2017-08-20 10:08:44","2017-08-13 00:43:00",FALSE,503078.290314462,8038325.37401704
17008,"2017-08-20 11:08:44","2017-08-13 00:43:00",FALSE,502883.729250619,8039072.53457267
17008,"2017-08-20 12:08:44","2017-08-13 00:43:00",FALSE,502673.672639792,8038113.93989047
17008,"2017-08-20 13:08:44","2017-08-13 00:43:00",FALSE,503028.664226851,8039225.93444574
17008,"2017-08-20 14:08:44","2017-08-13 00:43:00",FALSE,503258.467351368,8039478.2474668
17008,"2017-08-20 15:08:44","2017-08-13 00:43:00",FALSE,502206.718265066,8038164.91052291
17008,"2017-08-20 16:08:44","2017-08-13 00:43:00",FALSE,503806.874157719,8039257.16664535
17008,"2017-08-20 17:08:44","2017-08-13 00:43:00",FALSE,504005.313105902,8039348.16104269
17008,"2017-08-20 18:08:44","2017-08-13 00:43:00",FALSE,501257.5928824,8035364.10994431
17008,"2017-08-20 19:08:44","2017-08-13 00:43:00",FALSE,499880.906046516,8033932.89771644
17008,"2017-08-21 00:10:42","2017-08-13 00:43:00",FALSE,502205.063792818,8038593.16635875
17008,"2017-08-21 01:10:42","2017-08-13 00:43:00",FALSE,504151.699237863,8039990.79095344
17008,"2017-08-21 02:10:42","2017-08-13 00:43:00",FALSE,501318.910136741,8036025.99357475
17008,"2017-08-21 03:10:42","2017-08-13 00:43:00",FALSE,501594.766560931,8036095.69776421
17008,"2017-08-21 04:10:42","2017-08-13 00:43:00",FALSE,502428.797048166,8038973.41312213
17008,"2017-08-21 05:10:42","2017-08-13 00:43:00",FALSE,503168.393437155,8039897.145029
17008,"2017-08-21 06:10:42","2017-08-13 00:43:00",FALSE,501837.797637193,8037415.4111862
17008,"2017-08-21 07:10:42","2017-08-13 00:43:00",FALSE,501579.548312501,8036104.15799112
17008,"2017-08-21 08:10:42","2017-08-13 00:43:00",FALSE,502967.668533996,8038694.20596479
17008,"2017-08-21 09:10:42","2017-08-13 00:43:00",FALSE,504576.438263551,8039868.82547201
17008,"2017-08-21 10:10:42","2017-08-13 00:43:00",FALSE,503511.321043304,8038385.68730023
17008,"2017-08-21 11:10:42","2017-08-13 00:43:00",FALSE,502798.622921123,8036385.464957
17008,"2017-08-21 12:10:42","2017-08-13 00:43:00",FALSE,502985.393641345,8036763.4867978
17008,"2017-08-21 13:10:42","2017-08-13 00:43:00",FALSE,502537.753131183,8037891.66017312
17008,"2017-08-21 14:10:42","2017-08-13 00:43:00",FALSE,502289.404852208,8038470.10004149
17008,"2017-08-21 15:10:42","2017-08-13 00:43:00",FALSE,500757.844574728,8035178.25470655
17008,"2017-08-21 16:10:42","2017-08-13 00:43:00",FALSE,500528.926190532,8035143.23064013
17008,"2017-08-21 17:10:42","2017-08-13 00:43:00",FALSE,501109.777937677,8036569.17843184
17008,"2017-08-21 18:10:42","2017-08-13 00:43:00",FALSE,501094.76599552,8036100.70479927
17008,"2017-08-21 19:10:42","2017-08-13 00:43:00",FALSE,501551.114271849,8037123.35527677
17008,"2017-08-21 20:10:42","2017-08-13 00:43:00",FALSE,502044.504762898,8038381.77470491
17008,"2017-08-21 21:10:42","2017-08-13 00:43:00",FALSE,501942.136824715,8038244.77294672
17008,"2017-08-22 00:16:44","2017-08-13 00:43:00",FALSE,501794.893862348,8037979.25392941
17008,"2017-08-22 01:16:44","2017-08-13 00:43:00",FALSE,502924.366593596,8039283.42039566
17008,"2017-08-22 02:16:44","2017-08-13 00:43:00",FALSE,502345.165614035,8039266.42817834
17008,"2017-08-22 03:16:44","2017-08-13 00:43:00",FALSE,502543.395452671,8039625.13126624
17008,"2017-08-22 04:16:44","2017-08-13 00:43:00",FALSE,500777.078364472,8036634.28909703
17008,"2017-08-22 05:16:44","2017-08-13 00:43:00",FALSE,499795.512502103,8034234.89869999
17008,"2017-08-22 06:16:44","2017-08-13 00:43:00",FALSE,500486.633074134,8035575.55060543
17008,"2017-08-22 07:16:44","2017-08-13 00:43:00",FALSE,500982.505782632,8036554.69742334
17008,"2017-08-22 08:16:44","2017-08-13 00:43:00",FALSE,499884.231904633,8033819.67516083
17008,"2017-08-22 09:16:44","2017-08-13 00:43:00",FALSE,499722.25373135,8033648.16337795
17008,"2017-08-22 10:16:44","2017-08-13 00:43:00",FALSE,500388.874013317,8034852.46720511
17008,"2017-08-22 11:16:44","2017-08-13 00:43:00",FALSE,500205.836100297,8034243.38794296
17008,"2017-08-22 12:16:44","2017-08-13 00:43:00",FALSE,499903.25694611,8033323.40973671
17008,"2017-08-22 13:16:44","2017-08-13 00:43:00",FALSE,499729.154898958,8032495.06365546
17008,"2017-08-22 14:16:44","2017-08-13 00:43:00",FALSE,499969.883941593,8032163.9027752
17008,"2017-08-22 15:16:44","2017-08-13 00:43:00",FALSE,500264.213137864,8032251.46470429
17008,"2017-08-22 16:16:44","2017-08-13 00:43:00",FALSE,501214.166155962,8034885.89807271
17008,"2017-08-22 17:16:44","2017-08-13 00:43:00",FALSE,501135.33716282,8035948.08462249
17008,"2017-08-22 18:16:44","2017-08-13 00:43:00",FALSE,499940.208403499,8031817.50006502
17008,"2017-08-22 19:16:44","2017-08-13 00:43:00",FALSE,497647.721956632,8029538.07734614
17008,"2017-08-23 00:00:55","2017-08-13 00:43:00",FALSE,497344.48534684,8028788.78707205
17008,"2017-08-23 01:00:55","2017-08-13 00:43:00",FALSE,498210.843119023,8030079.08106717
17008,"2017-08-23 02:00:55","2017-08-13 00:43:00",FALSE,498974.180967555,8032034.80549329
17008,"2017-08-23 03:00:55","2017-08-13 00:43:00",FALSE,499296.507180506,8032146.36358894
17008,"2017-08-23 04:00:55","2017-08-13 00:43:00",FALSE,500118.232084906,8034039.70376214
17008,"2017-08-23 05:00:55","2017-08-13 00:43:00",FALSE,501673.466363058,8037034.2530087
17008,"2017-08-23 06:00:55","2017-08-13 00:43:00",FALSE,501948.989477745,8037776.28316279
17008,"2017-08-23 07:00:55","2017-08-13 00:43:00",FALSE,499279.402998749,8031713.20941253
17008,"2017-08-23 08:00:55","2017-08-13 00:43:00",FALSE,500022.987914004,8030910.79361003
17008,"2017-08-23 09:00:55","2017-08-13 00:43:00",FALSE,497810.216573472,8028650.06229576
17008,"2017-08-23 10:00:55","2017-08-13 00:43:00",FALSE,496859.6548691,8026767.92996528
17008,"2017-08-23 11:00:55","2017-08-13 00:43:00",FALSE,497709.8843143,8028182.43815813
17008,"2017-08-23 12:00:55","2017-08-13 00:43:00",FALSE,498791.296326289,8030340.63826623
17008,"2017-08-23 13:00:55","2017-08-13 00:43:00",FALSE,499248.164239682,8031660.58298502
17008,"2017-08-23 14:00:55","2017-08-13 00:43:00",FALSE,500457.310768618,8033107.13787902
17008,"2017-08-23 15:00:55","2017-08-13 00:43:00",FALSE,501478.02509295,8033843.97320307
17008,"2017-08-23 16:00:55","2017-08-13 00:43:00",FALSE,502401.076681367,8035541.05931142
17008,"2017-08-23 17:00:55","2017-08-13 00:43:00",FALSE,502590.289574494,8036929.40360994
17008,"2017-08-23 18:00:55","2017-08-13 00:43:00",FALSE,502413.339721641,8037362.97661926
17008,"2017-08-23 19:00:55","2017-08-13 00:43:00",FALSE,500411.685689081,8032720.4065745
17008,"2017-08-23 20:00:55","2017-08-13 00:43:00",FALSE,500745.885728255,8032989.5542488
17008,"2017-08-23 21:00:55","2017-08-13 00:43:00",FALSE,501920.690013934,8035633.39989949
17008,"2017-08-23 22:00:55","2017-08-13 00:43:00",FALSE,502155.932484807,8036168.25470079
17008,"2017-08-23 23:00:55","2017-08-13 00:43:00",FALSE,500102.312889135,8035244.4343571
17008,"2017-08-24 00:00:55","2017-08-13 00:43:00",FALSE,501276.812466235,8037132.26472222
17008,"2017-08-24 01:00:55","2017-08-13 00:43:00",FALSE,502936.825124837,8039165.59986341
17008,"2017-08-24 02:00:55","2017-08-13 00:43:00",FALSE,502332.129104102,8038745.52935124
17008,"2017-08-24 03:00:55","2017-08-13 00:43:00",FALSE,501642.060823601,8037121.68541738
17008,"2017-08-24 04:00:55","2017-08-13 00:43:00",FALSE,500351.978731986,8034053.333541
17008,"2017-08-24 05:00:55","2017-08-13 00:43:00",FALSE,499902.231489684,8034635.66728263
17008,"2017-08-24 06:00:55","2017-08-13 00:43:00",FALSE,500986.300695862,8036723.33012587
17008,"2017-08-24 07:00:55","2017-08-13 00:43:00",FALSE,502225.262672821,8038882.1176752
17008,"2017-08-24 08:00:55","2017-08-13 00:43:00",FALSE,501380.248772902,8037875.38673296
17008,"2017-08-24 09:00:55","2017-08-13 00:43:00",FALSE,499797.475412535,8033068.14733377
17008,"2017-08-24 10:00:55","2017-08-13 00:43:00",FALSE,499156.02273635,8032095.56566298
17008,"2017-08-24 11:00:55","2017-08-13 00:43:00",FALSE,499560.044643141,8034018.05282547
17008,"2017-08-24 12:00:55","2017-08-13 00:43:00",FALSE,499344.867635346,8033419.04844698
17008,"2017-08-24 13:00:55","2017-08-13 00:43:00",FALSE,499094.578720163,8032145.95789711
17008,"2017-08-24 14:00:55","2017-08-13 00:43:00",FALSE,498161.528807263,8031881.02688006
17008,"2017-08-24 15:00:55","2017-08-13 00:43:00",FALSE,499079.786156676,8029971.91047128
17008,"2017-08-24 16:00:55","2017-08-13 00:43:00",FALSE,497591.614934369,8028229.04339617
17008,"2017-08-24 17:00:55","2017-08-13 00:43:00",FALSE,496564.766268933,8026516.459491
17008,"2017-08-24 18:00:55","2017-08-13 00:43:00",FALSE,497009.304430583,8028165.19577214
17008,"2017-08-24 19:00:55","2017-08-13 00:43:00",FALSE,499012.89383966,8030037.40074625
17008,"2017-08-24 20:00:55","2017-08-13 00:43:00",FALSE,501543.331713568,8033452.31777298
17008,"2017-08-24 21:00:55","2017-08-13 00:43:00",FALSE,502366.437462469,8035752.13124467
17008,"2017-08-24 22:00:55","2017-08-13 00:43:00",FALSE,502509.949186337,8037302.06153719
17008,"2017-08-24 23:00:55","2017-08-13 00:43:00",FALSE,502611.631731782,8038106.4934938
17008,"2017-08-25 00:00:55","2017-08-13 00:43:00",FALSE,502576.428781381,8038189.92424408
17008,"2017-08-25 01:00:55","2017-08-13 00:43:00",FALSE,502789.269538224,8038230.75796327
17008,"2017-08-25 02:00:55","2017-08-13 00:43:00",FALSE,502879.527346833,8038165.14551482
17008,"2017-08-25 03:00:55","2017-08-13 00:43:00",FALSE,503265.904337521,8039809.46943925
17008,"2017-08-25 04:00:55","2017-08-13 00:43:00",FALSE,503931.278480407,8040078.302362
17008,"2017-08-25 05:00:55","2017-08-13 00:43:00",FALSE,502805.79997473,8039888.10115879
17008,"2017-08-25 06:00:55","2017-08-13 00:43:00",FALSE,504259.542443156,8041191.54304825
17008,"2017-08-25 07:00:55","2017-08-13 00:43:00",FALSE,503067.180893443,8040120.75390422
17008,"2017-08-25 08:00:55","2017-08-13 00:43:00",FALSE,501174.515601784,8036871.98337712
17008,"2017-08-25 09:00:55","2017-08-13 00:43:00",FALSE,501480.417739401,8036698.45199645
17008,"2017-08-25 10:00:55","2017-08-13 00:43:00",FALSE,501277.996330167,8036747.68007312
17008,"2017-08-25 11:00:55","2017-08-13 00:43:00",FALSE,502669.171109654,8038603.3748419
17008,"2017-08-25 12:00:55","2017-08-13 00:43:00",FALSE,502784.308050266,8038781.80236441
17008,"2017-08-25 13:00:55","2017-08-13 00:43:00",FALSE,500757.220897955,8034609.96973161
17008,"2017-08-25 14:00:55","2017-08-13 00:43:00",FALSE,501232.518919688,8036636.46669231
17008,"2017-08-25 15:00:55","2017-08-13 00:43:00",FALSE,501449.423503806,8036552.30446038
17008,"2017-08-25 16:00:55","2017-08-13 00:43:00",FALSE,499050.463370313,8032155.71244941
17008,"2017-08-25 17:00:55","2017-08-13 00:43:00",FALSE,497861.2124132,8028511.31801856
17008,"2017-08-25 18:00:55","2017-08-13 00:43:00",FALSE,495743.596497881,8026869.951534
17008,"2017-08-25 19:00:55","2017-08-13 00:43:00",FALSE,498584.166514498,8029650.17426246
17008,"2017-08-26 00:00:05","2017-08-13 00:43:00",FALSE,506324.714641251,8041055.8944093
17008,"2017-08-26 01:00:05","2017-08-13 00:43:00",FALSE,509204.94738247,8041039.93794343
17008,"2017-08-26 02:00:05","2017-08-13 00:43:00",FALSE,512009.278025459,8045741.04793402
17008,"2017-08-26 03:00:05","2017-08-13 00:43:00",FALSE,514769.231093904,8048495.95569468
17008,"2017-08-26 04:00:05","2017-08-13 00:43:00",FALSE,518367.043997575,8045683.94385417
17008,"2017-08-26 05:00:05","2017-08-13 00:43:00",FALSE,518300.146559232,8042757.53579137
17008,"2017-08-26 06:00:05","2017-08-13 00:43:00",FALSE,517174.573745059,8047117.17414749
17008,"2017-08-26 07:00:05","2017-08-13 00:43:00",FALSE,513346.658006169,8048762.66772398
17008,"2017-08-26 08:00:05","2017-08-13 00:43:00",FALSE,511327.490757955,8048980.88351834
17008,"2017-08-26 09:00:05","2017-08-13 00:43:00",FALSE,516265.796840068,8049290.62341232
17008,"2017-08-26 10:00:05","2017-08-13 00:43:00",FALSE,521082.858418621,8049404.89197925
17008,"2017-08-26 11:00:05","2017-08-13 00:43:00",FALSE,521231.702832302,8052374.71300143
17008,"2017-08-26 12:00:05","2017-08-13 00:43:00",FALSE,524903.910227793,8053857.52660784
17008,"2017-08-26 13:00:05","2017-08-13 00:43:00",FALSE,529169.861655818,8052657.33072008
17008,"2017-08-27 00:04:46","2017-08-13 00:43:00",FALSE,534153.223436567,8049702.05770328
17008,"2017-08-27 01:04:46","2017-08-13 00:43:00",FALSE,532327.668608528,8050198.16579729
17008,"2017-08-27 02:04:46","2017-08-13 00:43:00",FALSE,530980.267386226,8054368.71112549
17008,"2017-08-27 03:04:46","2017-08-13 00:43:00",FALSE,529639.081514339,8057742.99598955
17008,"2017-08-27 04:04:46","2017-08-13 00:43:00",FALSE,532556.558061233,8061747.76086608
17008,"2017-08-27 05:04:46","2017-08-13 00:43:00",FALSE,537422.251822831,8060943.25035238
17008,"2017-08-27 06:04:46","2017-08-13 00:43:00",FALSE,541362.405782826,8059283.96495422
17008,"2017-08-27 07:04:46","2017-08-13 00:43:00",FALSE,543949.373957749,8058946.16468187
17008,"2017-08-27 08:04:46","2017-08-13 00:43:00",FALSE,546481.567244673,8057046.00103486
17008,"2017-08-27 09:04:46","2017-08-13 00:43:00",FALSE,548037.03205929,8051762.98659477
17008,"2017-08-27 10:04:46","2017-08-13 00:43:00",FALSE,547810.323590774,8048110.6570238
17008,"2017-08-27 11:04:46","2017-08-13 00:43:00",FALSE,548204.375363594,8047075.13835512
17008,"2017-08-27 12:04:46","2017-08-13 00:43:00",FALSE,549051.86218111,8048424.94289604
17008,"2017-08-27 13:04:46","2017-08-13 00:43:00",FALSE,550015.280012673,8047734.54313641
17008,"2017-08-27 14:04:46","2017-08-13 00:43:00",FALSE,547567.902372111,8046728.15154835
17008,"2017-08-27 15:04:46","2017-08-13 00:43:00",FALSE,546921.653744166,8047895.42131783
17008,"2017-08-27 16:04:46","2017-08-13 00:43:00",FALSE,545804.834887061,8049209.54900998
17008,"2017-08-27 17:04:46","2017-08-13 00:43:00",FALSE,545275.313592286,8051498.451513
17008,"2017-08-27 18:04:46","2017-08-13 00:43:00",FALSE,545180.646232571,8049932.23822252
17008,"2017-08-28 00:02:45","2017-08-13 00:43:00",FALSE,537443.654276448,8038034.80436275
17008,"2017-08-28 01:02:45","2017-08-13 00:43:00",FALSE,536338.122980857,8038679.5958701
17008,"2017-08-28 02:02:45","2017-08-13 00:43:00",FALSE,534743.951724709,8044312.65743115
17008,"2017-08-28 03:02:45","2017-08-13 00:43:00",FALSE,536841.781101123,8041117.84458041
17008,"2017-08-28 04:02:45","2017-08-13 00:43:00",FALSE,536206.582861511,8037919.4581318
17008,"2017-08-28 05:02:45","2017-08-13 00:43:00",FALSE,536054.415234091,8042842.92064248
17008,"2017-08-28 06:02:45","2017-08-13 00:43:00",FALSE,535638.911482674,8043570.04924932
17008,"2017-08-28 07:02:45","2017-08-13 00:43:00",FALSE,536166.234488397,8037994.45641344
17008,"2017-08-28 08:02:45","2017-08-13 00:43:00",FALSE,534034.212086019,8034968.9855973
17008,"2017-08-28 09:02:45","2017-08-13 00:43:00",FALSE,534556.340655737,8035225.49344237
17008,"2017-08-28 10:02:45","2017-08-13 00:43:00",FALSE,536579.683114265,8038137.66192883
17008,"2017-08-28 11:02:45","2017-08-13 00:43:00",FALSE,538239.248228165,8041032.88151881
17008,"2017-08-28 12:02:45","2017-08-13 00:43:00",FALSE,536554.184349031,8037493.72762154
17008,"2017-08-28 13:02:45","2017-08-13 00:43:00",FALSE,536106.808721532,8036259.66823622
17008,"2017-08-28 14:02:45","2017-08-13 00:43:00",FALSE,537526.417386162,8038235.60191629
17008,"2017-08-28 15:02:45","2017-08-13 00:43:00",FALSE,536453.961188141,8036693.85367439
17008,"2017-08-28 16:02:45","2017-08-13 00:43:00",FALSE,535454.443019927,8036022.14495829
17008,"2017-08-28 17:02:45","2017-08-13 00:43:00",FALSE,536561.529115673,8037132.93602941
17008,"2017-08-28 18:02:45","2017-08-13 00:43:00",FALSE,535220.588313445,8035278.78434076
17008,"2017-08-28 19:02:45","2017-08-13 00:43:00",FALSE,536239.068650898,8037062.84503609
17008,"2017-08-28 20:02:45","2017-08-13 00:43:00",FALSE,537456.7373201,8037212.66263619
17008,"2017-08-29 00:01:26","2017-08-13 00:43:00",FALSE,538012.432557734,8045743.65039517
17008,"2017-08-29 01:01:26","2017-08-13 00:43:00",FALSE,539502.175324682,8048689.9207668
17008,"2017-08-29 02:01:26","2017-08-13 00:43:00",FALSE,542771.833530336,8052434.17015823
17008,"2017-08-29 03:01:26","2017-08-13 00:43:00",FALSE,537546.479011617,8050051.74581881
17008,"2017-08-29 04:01:26","2017-08-13 00:43:00",FALSE,530243.109700172,8049617.55604086
17008,"2017-08-29 09:00:22","2017-08-13 00:43:00",FALSE,514308.694021901,8052520.27490269
17008,"2017-08-29 10:00:22","2017-08-13 00:43:00",FALSE,510544.896822632,8049148.5082902
17008,"2017-08-29 11:00:22","2017-08-13 00:43:00",FALSE,508356.576761251,8046365.05487692
17008,"2017-08-29 12:00:22","2017-08-13 00:43:00",FALSE,505438.050764212,8041909.16202847
17008,"2017-08-29 13:00:22","2017-08-13 00:43:00",FALSE,501951.621236693,8037579.89482591
17008,"2017-08-29 14:00:22","2017-08-13 00:43:00",FALSE,501958.204230993,8036991.84377646
17008,"2017-08-29 15:00:22","2017-08-13 00:43:00",FALSE,503545.673697019,8038782.6019455
17008,"2017-08-29 16:00:22","2017-08-13 00:43:00",FALSE,503544.308162922,8039663.71290206
17008,"2017-08-29 17:00:22","2017-08-13 00:43:00",FALSE,502044.806395583,8038099.09133439
17008,"2017-08-29 18:00:22","2017-08-13 00:43:00",FALSE,501694.596609793,8034877.5766603
17008,"2017-08-29 19:00:22","2017-08-13 00:43:00",FALSE,500153.722421805,8034477.83070767
17008,"2017-08-29 20:00:22","2017-08-13 00:43:00",FALSE,499946.340651851,8034426.69193548
17008,"2017-08-29 23:08:12","2017-08-13 00:43:00",FALSE,499642.286266982,8033695.10697603
17008,"2017-08-30 00:08:12","2017-08-13 00:43:00",FALSE,501386.596292558,8035591.91173678
17008,"2017-08-30 01:08:12","2017-08-13 00:43:00",FALSE,503322.279508305,8037952.09602851
17008,"2017-08-30 02:08:12","2017-08-13 00:43:00",FALSE,505537.483337508,8040230.6646909
17008,"2017-08-30 03:08:12","2017-08-13 00:43:00",FALSE,508754.47498811,8044031.56216058
17008,"2017-08-30 04:08:12","2017-08-13 00:43:00",FALSE,510797.058086333,8048248.58178025
17008,"2017-08-30 05:08:12","2017-08-13 00:43:00",FALSE,513926.282872013,8049593.79077175
17008,"2017-08-30 06:08:12","2017-08-13 00:43:00",FALSE,516274.846342112,8050832.4319506
17008,"2017-08-30 07:08:12","2017-08-13 00:43:00",FALSE,516808.322942056,8050460.09573549
17008,"2017-08-30 08:08:12","2017-08-13 00:43:00",FALSE,516054.448031273,8047527.72358949
17008,"2017-08-30 09:08:12","2017-08-13 00:43:00",FALSE,518443.124327433,8045213.43810578
17008,"2017-08-30 10:08:12","2017-08-13 00:43:00",FALSE,518555.542429501,8041680.32066377
17008,"2017-08-30 11:08:12","2017-08-13 00:43:00",FALSE,518827.945108866,8037597.84856399
17008,"2017-08-30 12:08:12","2017-08-13 00:43:00",FALSE,520875.405272503,8035242.82926266
17008,"2017-08-30 13:08:12","2017-08-13 00:43:00",FALSE,519626.163324246,8031144.16486958
17008,"2017-08-30 14:08:12","2017-08-13 00:43:00",FALSE,516208.305600124,8030304.71197752
17008,"2017-08-30 15:08:12","2017-08-13 00:43:00",FALSE,514364.134167982,8029139.58093512
17008,"2017-08-30 16:08:12","2017-08-13 00:43:00",FALSE,513417.539762297,8027445.22078026
17008,"2017-08-30 17:08:12","2017-08-13 00:43:00",FALSE,511533.772637809,8025122.8283686
17008,"2017-08-30 18:08:12","2017-08-13 00:43:00",FALSE,510375.057432021,8023457.7431315
17008,"2017-08-30 19:08:12","2017-08-13 00:43:00",FALSE,510553.993769485,8023362.07323932
17008,"2017-08-30 20:08:12","2017-08-13 00:43:00",FALSE,513523.425839535,8026282.8586301
17008,"2017-08-31 00:19:47","2017-08-13 00:43:00",FALSE,516976.834006208,8035483.99766196
17008,"2017-08-31 01:19:47","2017-08-13 00:43:00",FALSE,517864.388363501,8040205.40799196
17008,"2017-08-31 02:19:47","2017-08-13 00:43:00",FALSE,517218.327506174,8044875.18826526
17008,"2017-08-31 03:19:47","2017-08-13 00:43:00",FALSE,515672.90771045,8048935.07230483
17008,"2017-08-31 04:19:47","2017-08-13 00:43:00",FALSE,516959.713328101,8051789.95518858
17008,"2017-08-31 05:19:47","2017-08-13 00:43:00",FALSE,516058.300818642,8047385.44322774
17008,"2017-08-31 06:19:47","2017-08-13 00:43:00",FALSE,514224.441193972,8050538.70992375
17008,"2017-08-31 07:19:47","2017-08-13 00:43:00",FALSE,516933.209871594,8050966.43995846
17008,"2017-08-31 08:19:47","2017-08-13 00:43:00",FALSE,517676.152722994,8050842.89157695
17008,"2017-08-31 09:19:47","2017-08-13 00:43:00",FALSE,513264.145086865,8051269.23887705
17008,"2017-08-31 10:19:47","2017-08-13 00:43:00",FALSE,508927.111977372,8047804.83365882
17008,"2017-08-31 11:19:47","2017-08-13 00:43:00",FALSE,506756.921243679,8044374.57586493
17008,"2017-08-31 12:19:47","2017-08-13 00:43:00",FALSE,507059.771592362,8044783.59894036
17008,"2017-08-31 13:19:47","2017-08-13 00:43:00",FALSE,506964.404075565,8042974.25148502
17008,"2017-08-31 14:19:47","2017-08-13 00:43:00",FALSE,504428.869982941,8039131.91399214
17008,"2017-08-31 15:19:47","2017-08-13 00:43:00",FALSE,502783.17985811,8036080.47334613
17008,"2017-08-31 16:19:47","2017-08-13 00:43:00",FALSE,504276.252873411,8039758.07460717
17008,"2017-08-31 17:19:47","2017-08-13 00:43:00",FALSE,508399.442145036,8042292.19706109
17008,"2017-08-31 18:19:47","2017-08-13 00:43:00",FALSE,512227.21501679,8044880.20377831
17008,"2017-08-31 19:19:47","2017-08-13 00:43:00",FALSE,515133.289690266,8047845.40167363
17008,"2017-08-31 20:19:47","2017-08-13 00:43:00",FALSE,518265.811830354,8049150.69097117
17008,"2017-08-31 21:19:47","2017-08-13 00:43:00",FALSE,519361.038780804,8046675.68967027
17008,"2017-08-31 22:19:47","2017-08-13 00:43:00",FALSE,520130.156447929,8043965.68333472
17008,"2017-08-31 23:19:47","2017-08-13 00:43:00",FALSE,519730.887469481,8041241.93569409
17008,"2017-09-01 00:19:47","2017-08-13 00:43:00",FALSE,519653.327343304,8041244.77773099
17008,"2017-09-01 01:19:47","2017-08-13 00:43:00",FALSE,520034.278014477,8041597.06823385
17008,"2017-09-01 02:19:47","2017-08-13 00:43:00",FALSE,519954.771497951,8041967.29137675
17008,"2017-09-01 03:19:47","2017-08-13 00:43:00",FALSE,520054.499403965,8044523.19912229
17008,"2017-09-01 04:19:47","2017-08-13 00:43:00",FALSE,518565.491367584,8044121.96459249
17008,"2017-09-01 05:19:47","2017-08-13 00:43:00",FALSE,517239.625058264,8037378.96260985
17008,"2017-09-01 07:19:47","2017-08-13 00:43:00",FALSE,510973.002711291,8026438.33923026
17008,"2017-09-01 08:19:47","2017-08-13 00:43:00",FALSE,507454.579867282,8020502.12237445
17008,"2017-09-01 09:19:47","2017-08-13 00:43:00",FALSE,505784.587932996,8014141.5086574
17008,"2017-09-01 10:19:47","2017-08-13 00:43:00",FALSE,506868.462093826,8007162.17872933
17008,"2017-09-01 11:19:47","2017-08-13 00:43:00",FALSE,512268.470893622,8002975.08309597
17008,"2017-09-01 12:19:47","2017-08-13 00:43:00",FALSE,516700.101016521,7997787.30777245
17008,"2017-09-01 13:19:47","2017-08-13 00:43:00",FALSE,511277.921802192,7994928.30953753
17008,"2017-09-01 14:19:47","2017-08-13 00:43:00",FALSE,504858.032444355,7994913.93514268
17008,"2017-09-01 15:19:47","2017-08-13 00:43:00",FALSE,499507.988287946,7994805.04669031
17008,"2017-09-01 16:19:47","2017-08-13 00:43:00",FALSE,501270.449540007,7994443.46754886
17008,"2017-09-01 17:19:47","2017-08-13 00:43:00",FALSE,505058.932314536,7995549.92422793
17008,"2017-09-02 04:14:58","2017-08-13 00:43:00",FALSE,513136.129874065,7989688.20027284
17008,"2017-09-02 05:14:58","2017-08-13 00:43:00",FALSE,514297.300779416,7989835.43743226
17008,"2017-09-02 06:14:58","2017-08-13 00:43:00",FALSE,515680.651199482,7989925.28098232
17008,"2017-09-02 07:14:58","2017-08-13 00:43:00",FALSE,512480.695960988,7991866.99074421
17008,"2017-09-02 08:14:58","2017-08-13 00:43:00",FALSE,507463.614969217,7995744.67148017
17008,"2017-09-02 09:14:58","2017-08-13 00:43:00",FALSE,505761.832416633,7997377.11942617
17008,"2017-09-02 10:14:58","2017-08-13 00:43:00",FALSE,509430.671045735,7997240.64560158
17008,"2017-09-02 11:14:58","2017-08-13 00:43:00",FALSE,508640.507214559,7999197.55928173
17008,"2017-09-02 12:14:58","2017-08-13 00:43:00",FALSE,503516.542800553,7997488.24225259
17008,"2017-09-02 13:14:58","2017-08-13 00:43:00",FALSE,500775.870799621,7994554.20257447
17008,"2017-09-02 14:14:58","2017-08-13 00:43:00",FALSE,501335.66310345,7995859.8227675
17008,"2017-09-02 15:14:58","2017-08-13 00:43:00",FALSE,504226.477123759,7996513.78329347
17008,"2017-09-02 16:14:58","2017-08-13 00:43:00",FALSE,506970.729718883,7998079.65888618
17008,"2017-09-02 17:14:58","2017-08-13 00:43:00",FALSE,510309.356513769,7997987.65011194
17008,"2017-09-02 18:14:58","2017-08-13 00:43:00",FALSE,513471.895971972,7995724.5736339
17008,"2017-09-03 00:33:35","2017-08-13 00:43:00",FALSE,517905.130495294,8016483.84035955
17008,"2017-09-03 01:33:35","2017-08-13 00:43:00",FALSE,516441.407541926,8018716.70638156
17008,"2017-09-03 02:33:35","2017-08-13 00:43:00",FALSE,514914.363338295,8020611.66500807
17008,"2017-09-03 03:33:35","2017-08-13 00:43:00",FALSE,511408.362652893,8021044.78633426
17008,"2017-09-03 04:33:35","2017-08-13 00:43:00",FALSE,510589.959413544,8023114.87028132
17008,"2017-09-03 05:33:35","2017-08-13 00:43:00",FALSE,512047.04157326,8027076.56830749
17008,"2017-09-03 06:33:35","2017-08-13 00:43:00",FALSE,515019.276435671,8029958.03242798
17008,"2017-09-03 07:33:35","2017-08-13 00:43:00",FALSE,517678.807693535,8031764.59223346
17008,"2017-09-03 08:33:35","2017-08-13 00:43:00",FALSE,517375.802397759,8031313.98656064
17008,"2017-09-03 09:33:35","2017-08-13 00:43:00",FALSE,517341.071116926,8030913.15853933
17008,"2017-09-03 10:33:35","2017-08-13 00:43:00",FALSE,517238.134671563,8032061.38496291
17008,"2017-09-03 11:33:35","2017-08-13 00:43:00",FALSE,516735.690934815,8030750.40252652
17008,"2017-09-03 12:33:35","2017-08-13 00:43:00",FALSE,515732.68664432,8029505.72503438
17008,"2017-09-03 13:33:35","2017-08-13 00:43:00",FALSE,513661.670697479,8026698.87771308
17008,"2017-09-03 14:33:35","2017-08-13 00:43:00",FALSE,514164.868813172,8027357.99790809
17008,"2017-09-03 15:33:35","2017-08-13 00:43:00",FALSE,514722.573052211,8027462.08634032
17008,"2017-09-03 16:33:35","2017-08-13 00:43:00",FALSE,512429.490939116,8024906.06605272
17008,"2017-09-03 17:33:35","2017-08-13 00:43:00",FALSE,510427.861811781,8023714.54173327
17008,"2017-09-03 18:33:35","2017-08-13 00:43:00",FALSE,510629.112974705,8023295.2047015
17008,"2017-09-04 00:16:08","2017-08-13 00:43:00",FALSE,506391.320356062,8012132.20481491
17008,"2017-09-04 01:16:08","2017-08-13 00:43:00",FALSE,507791.687629333,8006970.33694153
17008,"2017-09-04 02:16:08","2017-08-13 00:43:00",FALSE,511751.337691676,8003235.2522648
17008,"2017-09-04 03:16:08","2017-08-13 00:43:00",FALSE,514795.256427941,8000194.44992124
17008,"2017-09-04 04:16:08","2017-08-13 00:43:00",FALSE,510187.378268259,8004256.4934488
17008,"2017-09-04 05:16:08","2017-08-13 00:43:00",FALSE,505617.588693666,8007772.52845645
17008,"2017-09-04 06:16:08","2017-08-13 00:43:00",FALSE,502266.799110012,8011011.90457881
17008,"2017-09-04 07:16:08","2017-08-13 00:43:00",FALSE,504331.916292418,8010239.39003989
17008,"2017-09-04 08:16:08","2017-08-13 00:43:00",FALSE,505625.140911137,8009351.56465378
17008,"2017-09-04 09:16:08","2017-08-13 00:43:00",FALSE,505713.612075302,8008875.52848424
17008,"2017-09-04 10:16:08","2017-08-13 00:43:00",FALSE,506210.131946801,8008898.4067818
17008,"2017-09-04 11:16:08","2017-08-13 00:43:00",FALSE,507266.326802272,8010532.4840244
17008,"2017-09-04 12:16:08","2017-08-13 00:43:00",FALSE,507752.253391788,8011195.20806181
17008,"2017-09-04 13:16:08","2017-08-13 00:43:00",FALSE,508732.002755924,8012028.42984405
17008,"2017-09-04 14:16:08","2017-08-13 00:43:00",FALSE,508365.849417953,8014522.22126449
17008,"2017-09-04 15:16:08","2017-08-13 00:43:00",FALSE,507559.633282436,8017949.86452258
17008,"2017-09-04 16:16:08","2017-08-13 00:43:00",FALSE,508393.295167992,8021419.9374978
17008,"2017-09-05 00:12:11","2017-08-13 00:43:00",FALSE,510082.70922987,8024316.7022698
17008,"2017-09-05 01:12:11","2017-08-13 00:43:00",FALSE,507474.985998736,8019328.61730893
17008,"2017-09-05 02:12:11","2017-08-13 00:43:00",FALSE,506791.874339751,8014425.49608968
17008,"2017-09-05 03:12:11","2017-08-13 00:43:00",FALSE,508862.882438966,8009616.22041971
17008,"2017-09-05 04:12:11","2017-08-13 00:43:00",FALSE,507468.388736203,8009064.15366131
17008,"2017-09-05 05:12:11","2017-08-13 00:43:00",FALSE,507988.368344947,8013434.40247773
17008,"2017-09-05 06:12:11","2017-08-13 00:43:00",FALSE,506563.015053791,8018739.45786501
17008,"2017-09-05 07:12:11","2017-08-13 00:43:00",FALSE,509662.57362518,8023716.07534088
17008,"2017-09-05 08:12:11","2017-08-13 00:43:00",FALSE,512674.86094894,8028612.70330343
17008,"2017-09-05 09:12:11","2017-08-13 00:43:00",FALSE,517117.305266978,8031697.99095282
17008,"2017-09-05 10:12:11","2017-08-13 00:43:00",FALSE,519023.310580774,8036091.29057662
17008,"2017-09-05 11:12:11","2017-08-13 00:43:00",FALSE,520140.943103668,8040111.92499511
17008,"2017-09-05 12:12:11","2017-08-13 00:43:00",FALSE,518341.661956948,8043178.18648947
17008,"2017-09-05 13:12:11","2017-08-13 00:43:00",FALSE,517064.074495068,8045932.17267706
17008,"2017-09-05 14:12:11","2017-08-13 00:43:00",FALSE,512166.246611354,8044968.3009751
17008,"2017-09-05 15:12:11","2017-08-13 00:43:00",FALSE,506758.508996549,8041595.02400609
17008,"2017-09-05 16:12:11","2017-08-13 00:43:00",FALSE,503170.327688939,8040333.46587682
17008,"2017-09-05 17:12:11","2017-08-13 00:43:00",FALSE,501199.621197383,8038306.59603962
17008,"2017-09-05 18:12:11","2017-08-13 00:43:00",FALSE,501017.925896753,8038141.71790839
17008,"2017-09-05 19:12:11","2017-08-13 00:43:00",FALSE,500507.230974203,8036633.36286272
17008,"2017-09-06 00:00:00","2017-08-13 00:43:00",FALSE,501447.878631747,8038202.06927024
17008,"2017-09-06 01:00:00","2017-08-13 00:43:00",FALSE,504520.758470162,8040368.08685487
17008,"2017-09-06 02:00:00","2017-08-13 00:43:00",FALSE,508344.151894541,8044343.74637839
17008,"2017-09-06 03:00:00","2017-08-13 00:43:00",FALSE,509889.689659332,8047963.25687065
17008,"2017-09-06 04:00:00","2017-08-13 00:43:00",FALSE,513161.356586299,8051118.72669008
17008,"2017-09-06 05:00:00","2017-08-13 00:43:00",FALSE,513963.091314885,8051785.356474
17008,"2017-09-06 06:00:00","2017-08-13 00:43:00",FALSE,516108.003159378,8052289.60723168
17008,"2017-09-06 07:00:00","2017-08-13 00:43:00",FALSE,516287.711896559,8050763.45003355
17008,"2017-09-06 08:00:00","2017-08-13 00:43:00",FALSE,516336.563052248,8049716.43504987
17008,"2017-09-06 09:00:00","2017-08-13 00:43:00",FALSE,516363.587743579,8051277.17732693
17008,"2017-09-06 10:00:00","2017-08-13 00:43:00",FALSE,516633.948737175,8051542.96924472
17008,"2017-09-06 11:00:00","2017-08-13 00:43:00",FALSE,515683.072375503,8050508.69892349
17008,"2017-09-06 12:00:00","2017-08-13 00:43:00",FALSE,516047.067296528,8049042.41503876
17008,"2017-09-06 13:00:00","2017-08-13 00:43:00",FALSE,517567.401837149,8047148.52941154
17008,"2017-09-06 14:00:00","2017-08-13 00:43:00",FALSE,518614.546936912,8043985.86142524
17008,"2017-09-06 15:00:00","2017-08-13 00:43:00",FALSE,518512.643113686,8041565.84016501
17008,"2017-09-06 16:00:00","2017-08-13 00:43:00",FALSE,518119.330419013,8039349.40493052
17008,"2017-09-06 17:00:00","2017-08-13 00:43:00",FALSE,518793.888105811,8037304.35436133
17008,"2017-09-06 18:00:00","2017-08-13 00:43:00",FALSE,518568.664187546,8037392.9411348
17008,"2017-09-07 06:28:26","2017-08-13 00:43:00",FALSE,530834.966445912,8018143.78563407
17008,"2017-09-07 07:28:26","2017-08-13 00:43:00",FALSE,534145.689167609,8012893.23472911
17008,"2017-09-07 08:28:26","2017-08-13 00:43:00",FALSE,534846.212588837,8010561.6063406
17008,"2017-09-07 09:28:26","2017-08-13 00:43:00",FALSE,536949.051010045,8009698.94600034
17008,"2017-09-07 10:28:26","2017-08-13 00:43:00",FALSE,535592.969537858,8011107.98715492
17008,"2017-09-07 11:28:26","2017-08-13 00:43:00",FALSE,531731.437068648,8014732.71271228
17008,"2017-09-07 12:28:26","2017-08-13 00:43:00",FALSE,529303.25111822,8020507.48633092
17008,"2017-09-07 13:28:26","2017-08-13 00:43:00",FALSE,525135.633245715,8021778.64675993
17008,"2017-09-07 14:28:26","2017-08-13 00:43:00",FALSE,524636.761662803,8016781.55444656
17008,"2017-09-08 00:10:13","2017-08-13 00:43:00",FALSE,524491.440700352,8025810.99465191
17008,"2017-09-08 01:10:13","2017-08-13 00:43:00",FALSE,523160.074932998,8030441.22540068
17008,"2017-09-08 02:10:13","2017-08-13 00:43:00",FALSE,519369.424258888,8034972.21619494
17008,"2017-09-08 03:10:13","2017-08-13 00:43:00",FALSE,518182.890096914,8040124.34134616
17008,"2017-09-08 04:10:13","2017-08-13 00:43:00",FALSE,518341.429964906,8045253.24970909
17008,"2017-09-08 05:10:13","2017-08-13 00:43:00",FALSE,518848.626283652,8051170.07056573
17008,"2017-09-08 08:28:42","2017-08-13 00:43:00",FALSE,515983.629738581,8058109.69644289
17008,"2017-09-08 09:28:42","2017-08-13 00:43:00",FALSE,515635.873898523,8057259.32175295
17008,"2017-09-08 10:28:42","2017-08-13 00:43:00",FALSE,516293.50262018,8056702.19450502
17008,"2017-09-08 11:28:42","2017-08-13 00:43:00",FALSE,518336.070426831,8056707.83574323
17008,"2017-09-08 12:28:42","2017-08-13 00:43:00",FALSE,523214.16338178,8059400.37199274
17008,"2017-09-08 13:28:42","2017-08-13 00:43:00",FALSE,524480.824706519,8063488.77298851
17008,"2017-09-09 00:55:55","2017-08-13 00:43:00",FALSE,518534.460452369,8099664.02751161
17008,"2017-09-09 01:55:55","2017-08-13 00:43:00",FALSE,517997.58791473,8102236.30830019
17008,"2017-09-09 02:55:55","2017-08-13 00:43:00",FALSE,517194.306914194,8105955.17845811
17008,"2017-09-09 03:55:55","2017-08-13 00:43:00",FALSE,516761.335519458,8111036.97442155
17008,"2017-09-09 04:55:55","2017-08-13 00:43:00",FALSE,514789.237445086,8116971.79672628
17008,"2017-09-09 05:55:55","2017-08-13 00:43:00",FALSE,510493.001239463,8121523.68300719
17008,"2017-09-09 06:55:55","2017-08-13 00:43:00",FALSE,505932.490952233,8123752.34040151
17008,"2017-09-09 07:55:55","2017-08-13 00:43:00",FALSE,500281.024031214,8125771.41243181
17008,"2017-09-09 08:55:55","2017-08-13 00:43:00",FALSE,496243.526439324,8131323.30769337
17008,"2017-09-09 09:55:55","2017-08-13 00:43:00",FALSE,495831.338955146,8135459.19702939
17008,"2017-09-09 10:55:55","2017-08-13 00:43:00",FALSE,495450.998337438,8138072.16763465
17008,"2017-09-09 11:55:55","2017-08-13 00:43:00",FALSE,495047.685255193,8139529.37403169
17008,"2017-09-10 00:14:31","2017-08-13 00:43:00",FALSE,505650.899601075,8123222.77647283
17008,"2017-09-10 01:14:31","2017-08-13 00:43:00",FALSE,509375.309428513,8121303.22400371
17008,"2017-09-10 02:14:31","2017-08-13 00:43:00",FALSE,510977.923198767,8120236.07426875
17008,"2017-09-10 03:14:31","2017-08-13 00:43:00",FALSE,511982.300711973,8119599.28184248
17008,"2017-09-10 04:14:31","2017-08-13 00:43:00",FALSE,512878.435245083,8118883.8962215
17008,"2017-09-10 05:14:31","2017-08-13 00:43:00",FALSE,513042.553776523,8118690.61848804
17008,"2017-09-10 06:14:31","2017-08-13 00:43:00",FALSE,512309.11543864,8119430.49702817
17008,"2017-09-10 07:14:31","2017-08-13 00:43:00",FALSE,511149.038136507,8120561.43823433
17008,"2017-09-10 08:14:31","2017-08-13 00:43:00",FALSE,511215.551014173,8120394.38556683
17008,"2017-09-10 10:46:47","2017-08-13 00:43:00",FALSE,513036.074240139,8119565.96287896
17008,"2017-09-10 11:46:47","2017-08-13 00:43:00",FALSE,513741.210837587,8118997.81990828
17008,"2017-09-10 12:46:47","2017-08-13 00:43:00",FALSE,514902.443509857,8117874.33403815
17008,"2017-09-10 13:46:47","2017-08-13 00:43:00",FALSE,516725.454466251,8111337.90384445
17008,"2017-09-10 14:46:47","2017-08-13 00:43:00",FALSE,515884.349126922,8108420.42289373
17008,"2017-09-10 15:46:47","2017-08-13 00:43:00",FALSE,515147.807882637,8107560.38656396
17008,"2017-09-11 00:04:39","2017-08-13 00:43:00",FALSE,509371.320979471,8121586.21702445
17008,"2017-09-11 01:04:39","2017-08-13 00:43:00",FALSE,507765.047314097,8122144.59616464
17008,"2017-09-11 02:04:39","2017-08-13 00:43:00",FALSE,507535.979814332,8122232.9621448
17008,"2017-09-11 03:04:39","2017-08-13 00:43:00",FALSE,507813.565422835,8122141.06498865
17008,"2017-09-11 04:04:39","2017-08-13 00:43:00",FALSE,506186.300586294,8122851.52438851
17008,"2017-09-11 05:04:39","2017-08-13 00:43:00",FALSE,503433.040883095,8124098.75419309
17008,"2017-09-11 06:04:39","2017-08-13 00:43:00",FALSE,499668.740981543,8125789.71240741
17008,"2017-09-11 07:04:39","2017-08-13 00:43:00",FALSE,497907.603625859,8127748.99284848
17008,"2017-09-11 08:04:39","2017-08-13 00:43:00",FALSE,495668.217574647,8129109.16568638
17008,"2017-09-11 09:04:39","2017-08-13 00:43:00",FALSE,494081.938419544,8132539.82052177
17008,"2017-09-11 10:04:39","2017-08-13 00:43:00",FALSE,494540.582876968,8133923.23050775
17011,"2017-09-01 20:23:29","2017-08-30 12:52:00",TRUE,507431.829868973,8006460.38762029
17011,"2017-09-01 21:23:29","2017-08-30 12:52:00",TRUE,505885.363947655,8007818.4749755
17011,"2017-09-01 22:23:29","2017-08-30 12:52:00",TRUE,505906.655608231,8007822.10396718
17011,"2017-09-01 23:23:29","2017-08-30 12:52:00",TRUE,505859.358371271,8008164.92789416
17011,"2017-09-02 00:23:29","2017-08-30 12:52:00",TRUE,505778.622145437,8008069.24094133
17011,"2017-09-02 01:23:29","2017-08-30 12:52:00",TRUE,505735.464999084,8007728.39063679
17011,"2017-09-02 02:23:29","2017-08-30 12:52:00",TRUE,506644.306413546,8006773.41067616
17011,"2017-09-02 03:23:29","2017-08-30 12:52:00",TRUE,508182.373844123,8005883.78109288
17011,"2017-09-02 04:23:29","2017-08-30 12:52:00",TRUE,511011.246983984,8004014.61467528
17011,"2017-09-02 05:23:29","2017-08-30 12:52:00",TRUE,509567.834113423,8004370.88039157
17011,"2017-09-02 06:23:29","2017-08-30 12:52:00",TRUE,508701.04307673,8005146.11770758
17011,"2017-09-02 07:23:29","2017-08-30 12:52:00",TRUE,506399.654219808,8007796.65645344
17011,"2017-09-02 08:23:29","2017-08-30 12:52:00",TRUE,505979.128268861,8010731.86258812
17011,"2017-09-02 09:23:29","2017-08-30 12:52:00",TRUE,507172.481468976,8012313.25648884
17011,"2017-09-02 10:23:29","2017-08-30 12:52:00",TRUE,507118.613056755,8010603.61175069
17011,"2017-09-02 11:23:29","2017-08-30 12:52:00",TRUE,504455.372587704,8010608.39431616
17011,"2017-09-02 12:23:29","2017-08-30 12:52:00",TRUE,503775.593912633,8010605.54029714
17011,"2017-09-02 13:23:29","2017-08-30 12:52:00",TRUE,504682.983193011,8010075.73416311
17011,"2017-09-02 14:23:29","2017-08-30 12:52:00",TRUE,505273.285841032,8009510.73722785
17011,"2017-09-02 15:23:29","2017-08-30 12:52:00",TRUE,506922.369606349,8011656.26258125
17011,"2017-09-02 16:23:29","2017-08-30 12:52:00",TRUE,508801.166483046,8012145.9356008
17011,"2017-09-02 17:23:29","2017-08-30 12:52:00",TRUE,506643.391597422,8014445.47961056
17011,"2017-09-02 18:23:29","2017-08-30 12:52:00",TRUE,506567.559206625,8011666.99729273
17011,"2017-09-02 19:23:29","2017-08-30 12:52:00",TRUE,506672.351998624,8009752.84055981
17011,"2017-09-02 20:23:29","2017-08-30 12:52:00",TRUE,507721.261767721,8008896.39643333
17011,"2017-09-02 21:23:29","2017-08-30 12:52:00",TRUE,509456.618230966,8007202.31940828
17011,"2017-09-02 22:23:29","2017-08-30 12:52:00",TRUE,512164.836414693,8005274.30299692
17011,"2017-09-02 23:23:29","2017-08-30 12:52:00",TRUE,513193.794221927,8004211.20553346
17011,"2017-09-03 00:23:29","2017-08-30 12:52:00",TRUE,513068.93111643,8003418.08725693
17011,"2017-09-03 01:23:29","2017-08-30 12:52:00",TRUE,516273.757241735,8002106.10744442
17011,"2017-09-03 02:23:29","2017-08-30 12:52:00",TRUE,516926.52704138,8003685.86556099
17011,"2017-09-03 03:23:29","2017-08-30 12:52:00",TRUE,515306.116841334,8008061.67407537
17011,"2017-09-03 04:23:29","2017-08-30 12:52:00",TRUE,511577.94222093,8010811.36476824
17011,"2017-09-03 05:23:29","2017-08-30 12:52:00",TRUE,509617.34759076,8013296.33224723
17011,"2017-09-03 09:10:37","2017-08-30 12:52:00",TRUE,510494.090346755,8021184.57020764
17011,"2017-09-03 10:10:37","2017-08-30 12:52:00",TRUE,511156.750437779,8022153.34563103
17011,"2017-09-03 11:10:37","2017-08-30 12:52:00",TRUE,510133.986058189,8021065.34956658
17011,"2017-09-03 12:10:37","2017-08-30 12:52:00",TRUE,509638.277047256,8021216.00160796
17011,"2017-09-03 13:10:37","2017-08-30 12:52:00",TRUE,509102.451922645,8021617.26192709
17011,"2017-09-03 15:10:37","2017-08-30 12:52:00",TRUE,506594.05071231,8013469.00639069
17011,"2017-09-03 16:10:37","2017-08-30 12:52:00",TRUE,508794.436740039,8009746.63029631
17011,"2017-09-03 17:10:37","2017-08-30 12:52:00",TRUE,508978.35837932,8010858.05654151
17011,"2017-09-03 18:10:37","2017-08-30 12:52:00",TRUE,511794.641994003,8013746.88954544
17011,"2017-09-03 19:10:37","2017-08-30 12:52:00",TRUE,513958.815777052,8017461.98953743
17011,"2017-09-03 20:10:37","2017-08-30 12:52:00",TRUE,514882.013623409,8018179.64424911
17011,"2017-09-03 21:10:37","2017-08-30 12:52:00",TRUE,512671.710132503,8019675.51594176
17011,"2017-09-03 22:10:37","2017-08-30 12:52:00",TRUE,510112.896854028,8016522.6828713
17011,"2017-09-03 23:10:37","2017-08-30 12:52:00",TRUE,508646.601554982,8011180.39009235
17011,"2017-09-04 00:10:37","2017-08-30 12:52:00",TRUE,508056.484823133,8007237.2132325
17011,"2017-09-04 01:10:37","2017-08-30 12:52:00",TRUE,511419.248262376,8003000.42754507
17011,"2017-09-04 02:10:37","2017-08-30 12:52:00",TRUE,516073.17753831,7998467.72481461
17011,"2017-09-04 03:10:37","2017-08-30 12:52:00",TRUE,517146.646186558,7992544.6707748
17011,"2017-09-04 04:10:37","2017-08-30 12:52:00",TRUE,513292.920043654,7989941.93759532
17011,"2017-09-04 05:10:37","2017-08-30 12:52:00",TRUE,508367.846345285,7987278.36622602
17011,"2017-09-04 06:10:37","2017-08-30 12:52:00",TRUE,506057.706099295,7982719.10463504
17011,"2017-09-04 07:10:37","2017-08-30 12:52:00",TRUE,505158.98118371,7978556.01806004
17011,"2017-09-04 08:10:37","2017-08-30 12:52:00",TRUE,501955.521209608,7976655.92704557
17011,"2017-09-04 09:10:37","2017-08-30 12:52:00",TRUE,503035.798216335,7978077.31209901
17011,"2017-09-04 10:10:37","2017-08-30 12:52:00",TRUE,504121.183200836,7978996.45031683
17011,"2017-09-04 11:10:37","2017-08-30 12:52:00",TRUE,504981.68250506,7978771.21846381
17011,"2017-09-04 14:44:04","2017-08-30 12:52:00",TRUE,506335.155158844,7979388.88510919
17011,"2017-09-04 15:44:04","2017-08-30 12:52:00",TRUE,507331.648883088,7980920.47090954
17011,"2017-09-04 16:44:04","2017-08-30 12:52:00",TRUE,508745.913531022,7982889.90735155
17011,"2017-09-04 17:44:04","2017-08-30 12:52:00",TRUE,508254.259304054,7986127.61121087
17011,"2017-09-04 18:44:04","2017-08-30 12:52:00",TRUE,508633.866066296,7989335.92099483
17011,"2017-09-04 19:44:04","2017-08-30 12:52:00",TRUE,510302.169556922,7992712.48558537
17011,"2017-09-04 20:44:04","2017-08-30 12:52:00",TRUE,511319.768880593,7996041.19538165
17011,"2017-09-04 21:44:04","2017-08-30 12:52:00",TRUE,509654.585422129,7997215.31556635
17011,"2017-09-04 22:44:04","2017-08-30 12:52:00",TRUE,509470.020672538,7997193.75747803
17011,"2017-09-04 23:44:04","2017-08-30 12:52:00",TRUE,509615.299556513,7998040.31946033
17011,"2017-09-05 00:44:04","2017-08-30 12:52:00",TRUE,508272.429037546,7995556.81175677
17011,"2017-09-05 01:44:04","2017-08-30 12:52:00",TRUE,509334.089695297,7993793.24713357
17011,"2017-09-05 02:44:04","2017-08-30 12:52:00",TRUE,507601.197472026,7988985.88650892
17011,"2017-09-05 03:44:04","2017-08-30 12:52:00",TRUE,506635.784655746,7988314.08368501
17011,"2017-09-05 04:44:04","2017-08-30 12:52:00",TRUE,508389.578301651,7990627.78851566
17011,"2017-09-05 05:44:04","2017-08-30 12:52:00",TRUE,511002.070960292,7992982.00674231
17011,"2017-09-05 06:44:04","2017-08-30 12:52:00",TRUE,511162.916500585,7996384.31850813
17011,"2017-09-05 07:44:04","2017-08-30 12:52:00",TRUE,510321.567661305,7999334.49822668
17011,"2017-09-05 08:44:04","2017-08-30 12:52:00",TRUE,507953.084374572,7999008.4182587
17011,"2017-09-05 11:10:35","2017-08-30 12:52:00",TRUE,503256.844764199,7994993.31372366
17011,"2017-09-05 12:10:35","2017-08-30 12:52:00",TRUE,501956.444094473,7994101.07089514
17011,"2017-09-05 13:10:35","2017-08-30 12:52:00",TRUE,501833.587314536,7994120.32066849
17011,"2017-09-05 14:10:35","2017-08-30 12:52:00",TRUE,501871.133398543,7994171.85263795
17011,"2017-09-05 15:10:35","2017-08-30 12:52:00",TRUE,502591.402670832,7994224.15311276
17011,"2017-09-06 08:23:50","2017-08-30 12:52:00",TRUE,506542.718589033,8007982.38688429
17011,"2017-09-06 09:23:50","2017-08-30 12:52:00",TRUE,506135.466797592,8011633.89015434
17011,"2017-09-06 10:23:50","2017-08-30 12:52:00",TRUE,506539.671196001,8017094.37439029
17011,"2017-09-06 11:23:50","2017-08-30 12:52:00",TRUE,506233.979596535,8017316.25919577
17011,"2017-09-06 12:23:50","2017-08-30 12:52:00",TRUE,506443.769877706,8016183.36607168
17011,"2017-09-06 13:23:50","2017-08-30 12:52:00",TRUE,506967.331993398,8017215.45267257
17011,"2017-09-06 14:23:50","2017-08-30 12:52:00",TRUE,507574.070245489,8020027.44003658
17011,"2017-09-06 15:23:50","2017-08-30 12:52:00",TRUE,507620.338217827,8018349.45603809
17011,"2017-09-06 16:23:50","2017-08-30 12:52:00",TRUE,508200.166458893,8018794.03648198
17011,"2017-09-06 17:23:50","2017-08-30 12:52:00",TRUE,507679.570391357,8017957.83569817
17011,"2017-09-06 18:23:50","2017-08-30 12:52:00",TRUE,506659.46438903,8014520.57178033
17011,"2017-09-06 19:23:50","2017-08-30 12:52:00",TRUE,507150.334017346,8011202.34605357
17011,"2017-09-06 20:23:50","2017-08-30 12:52:00",TRUE,507539.742891627,8009446.12234035
17011,"2017-09-06 21:23:50","2017-08-30 12:52:00",TRUE,506721.609203313,8009548.62001054
17011,"2017-09-06 22:23:50","2017-08-30 12:52:00",TRUE,506369.966484285,8009986.94017063
17011,"2017-09-06 23:23:50","2017-08-30 12:52:00",TRUE,504670.562563182,8010500.61543569
17011,"2017-09-07 00:23:50","2017-08-30 12:52:00",TRUE,506846.738662495,8011302.38522801
17011,"2017-09-07 01:23:50","2017-08-30 12:52:00",TRUE,509273.908760553,8011917.78638708
17011,"2017-09-07 02:23:50","2017-08-30 12:52:00",TRUE,507722.733601947,8013511.4372092
17011,"2017-09-07 03:23:50","2017-08-30 12:52:00",TRUE,506746.888497553,8013207.82669859
17011,"2017-09-07 04:23:50","2017-08-30 12:52:00",TRUE,507412.22824119,8010682.32202576
17011,"2017-09-07 05:23:50","2017-08-30 12:52:00",TRUE,509216.320349564,8007728.41331621
17011,"2017-09-07 06:23:50","2017-08-30 12:52:00",TRUE,511825.977620298,8003968.6829919
17011,"2017-09-07 09:39:34","2017-08-30 12:52:00",TRUE,508654.132177379,7995569.64775043
17011,"2017-09-07 10:39:34","2017-08-30 12:52:00",TRUE,503468.60219775,7996407.44638138
17011,"2017-09-07 11:39:34","2017-08-30 12:52:00",TRUE,500738.206315308,7995681.05464836
17011,"2017-09-07 12:39:34","2017-08-30 12:52:00",TRUE,499412.435802436,7994459.77976289
17011,"2017-09-07 13:39:34","2017-08-30 12:52:00",TRUE,502262.002813177,7995505.0436706
17011,"2017-09-07 14:39:34","2017-08-30 12:52:00",TRUE,506668.160332921,7997515.99463026
17011,"2017-09-07 15:39:34","2017-08-30 12:52:00",TRUE,510056.64144942,7998171.27363161
17011,"2017-09-07 16:39:34","2017-08-30 12:52:00",TRUE,510537.610606024,7997577.9226173
17011,"2017-09-07 17:39:34","2017-08-30 12:52:00",TRUE,510472.777911405,7997146.68216611
17011,"2017-09-07 18:39:34","2017-08-30 12:52:00",TRUE,506552.328187742,7996119.66038495
17011,"2017-09-07 19:39:34","2017-08-30 12:52:00",TRUE,504279.6984173,7997245.24920812
17011,"2017-09-07 20:39:34","2017-08-30 12:52:00",TRUE,503069.685484802,7997491.92414486
17011,"2017-09-07 21:39:34","2017-08-30 12:52:00",TRUE,502342.113384217,7995287.4912548
17011,"2017-09-07 22:39:34","2017-08-30 12:52:00",TRUE,502291.126170893,7993895.85599666
17011,"2017-09-07 23:39:34","2017-08-30 12:52:00",TRUE,502358.734709111,7993740.8660638
17011,"2017-09-08 03:59:59","2017-08-30 12:52:00",TRUE,503828.093725712,7998220.4416749
17011,"2017-09-08 04:59:59","2017-08-30 12:52:00",TRUE,504410.948102276,7998124.22649479
17011,"2017-09-08 05:59:59","2017-08-30 12:52:00",TRUE,499678.996206346,7995331.42998992
17011,"2017-09-08 06:59:59","2017-08-30 12:52:00",TRUE,499456.514813686,7993946.95593098
17011,"2017-09-08 07:59:59","2017-08-30 12:52:00",TRUE,497327.248602986,7994760.01128331
17011,"2017-09-08 08:59:59","2017-08-30 12:52:00",TRUE,497641.034260014,7994847.15202709
17011,"2017-09-08 09:59:59","2017-08-30 12:52:00",TRUE,498377.685482398,7994872.71277194
17011,"2017-09-08 10:59:59","2017-08-30 12:52:00",TRUE,497877.346646222,7994792.76605568
17011,"2017-09-08 13:39:31","2017-08-30 12:52:00",TRUE,498958.835381713,7994860.81183569
17011,"2017-09-08 14:39:31","2017-08-30 12:52:00",TRUE,499300.688389563,7994414.08771894
17011,"2017-09-08 15:39:31","2017-08-30 12:52:00",TRUE,499933.015406933,7994111.33701762
17011,"2017-09-08 16:39:31","2017-08-30 12:52:00",TRUE,500060.21154575,7994097.31358593
17011,"2017-09-08 17:39:31","2017-08-30 12:52:00",TRUE,498792.814796087,7994321.8793482
17011,"2017-09-08 21:06:07","2017-08-30 12:52:00",TRUE,500336.42029195,7994639.31755115
17011,"2017-09-08 22:06:07","2017-08-30 12:52:00",TRUE,504170.971285545,7995829.26594569
17011,"2017-09-08 23:06:07","2017-08-30 12:52:00",TRUE,507722.670236623,7997292.03177567
17011,"2017-09-09 00:06:07","2017-08-30 12:52:00",TRUE,509840.351073054,7998648.83543954
17011,"2017-09-09 01:06:07","2017-08-30 12:52:00",TRUE,512186.674450095,7995953.90622363
17011,"2017-09-09 02:06:07","2017-08-30 12:52:00",TRUE,509733.867928036,7996551.03726509
17011,"2017-09-09 09:02:03","2017-08-30 12:52:00",TRUE,512251.695984577,7995788.64988637
17011,"2017-09-09 10:02:03","2017-08-30 12:52:00",TRUE,513994.796022153,7994734.546139
17011,"2017-09-09 11:02:03","2017-08-30 12:52:00",TRUE,514957.731534908,7994256.82765045
17011,"2017-09-09 12:02:03","2017-08-30 12:52:00",TRUE,513513.779435917,7995348.82137986
17011,"2017-09-09 13:02:03","2017-08-30 12:52:00",TRUE,510401.995891991,7996916.81147083
17011,"2017-09-09 20:22:33","2017-08-30 12:52:00",TRUE,499307.86447463,7994224.96920076
17011,"2017-09-09 21:22:33","2017-08-30 12:52:00",TRUE,500565.248154312,7994680.53602785
17011,"2017-09-09 22:22:33","2017-08-30 12:52:00",TRUE,502124.963402406,7995776.50371903
17011,"2017-09-09 23:22:33","2017-08-30 12:52:00",TRUE,501696.974440843,7995708.69394958
17011,"2017-09-10 00:22:33","2017-08-30 12:52:00",TRUE,500118.972457313,7994267.47475028
17011,"2017-09-10 01:22:33","2017-08-30 12:52:00",TRUE,502878.757373578,7995630.35526958
17011,"2017-09-10 02:22:33","2017-08-30 12:52:00",TRUE,506029.30656569,7995677.48464521
17011,"2017-09-10 03:22:33","2017-08-30 12:52:00",TRUE,507672.727816584,7995594.78747576
17011,"2017-09-10 07:28:08","2017-08-30 12:52:00",TRUE,499984.784232193,7995246.90409716
17011,"2017-09-10 08:28:08","2017-08-30 12:52:00",TRUE,500376.084053035,7995027.66391587
17011,"2017-09-10 09:28:08","2017-08-30 12:52:00",TRUE,499617.074769664,7995025.5292168
17011,"2017-09-10 10:28:08","2017-08-30 12:52:00",TRUE,500097.79437764,7994783.47131706
17011,"2017-09-10 11:28:08","2017-08-30 12:52:00",TRUE,502276.299687286,7993723.07914084
17011,"2017-09-10 12:28:08","2017-08-30 12:52:00",TRUE,503133.386738344,7994810.31239554
17011,"2017-09-10 13:28:08","2017-08-30 12:52:00",TRUE,500478.718029103,7994977.62845996
17011,"2017-09-10 14:28:08","2017-08-30 12:52:00",TRUE,498406.306472444,7994354.64105705
17011,"2017-09-10 15:28:08","2017-08-30 12:52:00",TRUE,497940.30967953,7994673.32637339
17011,"2017-09-10 16:28:08","2017-08-30 12:52:00",TRUE,498759.10399908,7994644.32091155
17011,"2017-09-10 17:28:08","2017-08-30 12:52:00",TRUE,500462.864466197,7994360.27539445
17011,"2017-09-10 18:28:08","2017-08-30 12:52:00",TRUE,501634.384290673,7994886.35708114
17011,"2017-09-10 19:28:08","2017-08-30 12:52:00",TRUE,503028.8326514,7995838.86546248
17011,"2017-09-10 20:28:08","2017-08-30 12:52:00",TRUE,506036.517693797,7996159.34970343
17011,"2017-09-10 21:28:08","2017-08-30 12:52:00",TRUE,509802.142449326,7997460.88764341
17011,"2017-09-11 09:16:01","2017-08-30 12:52:00",TRUE,506841.667875567,7980191.26728174
17011,"2017-09-11 10:16:01","2017-08-30 12:52:00",TRUE,508825.321513599,7984657.22535674
17011,"2017-09-11 11:16:01","2017-08-30 12:52:00",TRUE,510590.435036513,7988811.82924503
17011,"2017-09-11 12:16:01","2017-08-30 12:52:00",TRUE,514761.882136674,7991063.96921269
17011,"2017-09-11 13:16:01","2017-08-30 12:52:00",TRUE,515697.425487854,7991634.17130674
17011,"2017-09-11 14:16:01","2017-08-30 12:52:00",TRUE,515078.950245134,7991493.48390575
17011,"2017-09-11 15:16:01","2017-08-30 12:52:00",TRUE,516546.966393093,7992813.0460069
17011,"2017-09-11 16:16:01","2017-08-30 12:52:00",TRUE,516935.683447308,7993319.1498722
17011,"2017-09-11 17:16:01","2017-08-30 12:52:00",TRUE,517303.715727842,7992901.39679363
17011,"2017-09-11 18:16:01","2017-08-30 12:52:00",TRUE,518241.520184512,7993542.44122019
17011,"2017-09-11 19:16:01","2017-08-30 12:52:00",TRUE,518626.209385602,7994084.96303396
17011,"2017-09-11 20:16:01","2017-08-30 12:52:00",TRUE,519090.381217386,7993633.63533255
17011,"2017-09-12 17:30:33","2017-08-30 12:52:00",TRUE,507838.635211531,7987497.18283055
17011,"2017-09-12 18:30:33","2017-08-30 12:52:00",TRUE,509209.143301507,7989841.50765928
17011,"2017-09-12 19:30:33","2017-08-30 12:52:00",TRUE,506763.485334955,7993111.09631703
17011,"2017-09-12 20:30:33","2017-08-30 12:52:00",TRUE,504351.782367353,7995233.55983573
17011,"2017-09-12 21:30:33","2017-08-30 12:52:00",TRUE,501159.870540467,7994601.90622289
17011,"2017-09-12 22:30:33","2017-08-30 12:52:00",TRUE,498371.197838855,7994602.59464466
17011,"2017-09-12 23:30:33","2017-08-30 12:52:00",TRUE,497893.095701363,7994338.0871476
17011,"2017-09-13 00:30:33","2017-08-30 12:52:00",TRUE,500473.220127053,7994473.16466168
17011,"2017-09-13 01:30:33","2017-08-30 12:52:00",TRUE,504811.524402466,7996168.21658416
17011,"2017-09-13 07:41:38","2017-08-30 12:52:00",TRUE,502523.835931688,7997735.91963728
17011,"2017-09-13 08:41:38","2017-08-30 12:52:00",TRUE,498384.743304206,7994261.61282737
17011,"2017-09-13 09:41:38","2017-08-30 12:52:00",TRUE,497999.735959355,7994076.62226039
17011,"2017-09-13 10:41:38","2017-08-30 12:52:00",TRUE,497798.788694658,7994178.93010088
17011,"2017-09-13 11:41:38","2017-08-30 12:52:00",TRUE,498574.780848825,7994082.14341612
17011,"2017-09-13 12:41:38","2017-08-30 12:52:00",TRUE,497907.224674353,7994366.88553543
17011,"2017-09-13 13:41:38","2017-08-30 12:52:00",TRUE,497761.218550168,7994544.36652566
17011,"2017-09-14 09:05:38","2017-08-30 12:52:00",TRUE,509216.535924465,7994208.7584992
17011,"2017-09-14 10:05:38","2017-08-30 12:52:00",TRUE,513773.902430174,7993220.89867614
17011,"2017-09-14 11:05:38","2017-08-30 12:52:00",TRUE,518423.167204801,7992598.73880653
17011,"2017-09-14 12:05:38","2017-08-30 12:52:00",TRUE,521463.822103259,7996791.35945308
17011,"2017-09-14 13:05:38","2017-08-30 12:52:00",TRUE,520319.169770963,8002148.30842896
17011,"2017-09-14 14:05:38","2017-08-30 12:52:00",TRUE,517555.539728598,8007325.16258145
17011,"2017-09-14 23:55:14","2017-08-30 12:52:00",TRUE,511609.38234629,7995543.68639065
17011,"2017-09-15 00:55:14","2017-08-30 12:52:00",TRUE,514292.452661908,7993107.15625258
17011,"2017-09-15 01:55:14","2017-08-30 12:52:00",TRUE,515895.885419803,7991583.98150218
17011,"2017-09-15 02:55:14","2017-08-30 12:52:00",TRUE,518029.387644302,7993197.9340198
17011,"2017-09-15 03:55:14","2017-08-30 12:52:00",TRUE,519355.525371634,7994699.59570963
17011,"2017-09-15 04:55:14","2017-08-30 12:52:00",TRUE,519147.669847146,7994751.26729599
17011,"2017-09-16 03:18:56","2017-08-30 12:52:00",TRUE,503173.483700913,7995458.68189059
17011,"2017-09-16 04:18:56","2017-08-30 12:52:00",TRUE,504716.200935888,7995349.44880102
17011,"2017-09-16 05:18:56","2017-08-30 12:52:00",TRUE,507036.905005577,7995176.22435333
17011,"2017-09-16 06:18:56","2017-08-30 12:52:00",TRUE,507114.763600932,7996515.10718015
17011,"2017-09-16 07:18:56","2017-08-30 12:52:00",TRUE,506919.170604493,7995832.04661811
17011,"2017-09-16 08:18:56","2017-08-30 12:52:00",TRUE,511075.924537717,7995141.78472865
17011,"2017-09-16 09:18:56","2017-08-30 12:52:00",TRUE,512979.332533088,7992437.30769313
17011,"2017-09-16 10:18:56","2017-08-30 12:52:00",TRUE,515839.536117156,7991429.00281635
17011,"2017-09-16 11:18:56","2017-08-30 12:52:00",TRUE,517841.701911526,7992973.36392417
17011,"2017-09-16 17:33:00","2017-08-30 12:52:00",TRUE,517318.453603884,7992188.37631358
17011,"2017-09-16 18:33:00","2017-08-30 12:52:00",TRUE,513998.968211215,7989785.58361715
17011,"2017-09-16 19:33:00","2017-08-30 12:52:00",TRUE,511056.708871801,7990097.8189731
17011,"2017-09-16 20:33:00","2017-08-30 12:52:00",TRUE,511364.657356032,7991550.6325037
17011,"2017-09-16 21:33:00","2017-08-30 12:52:00",TRUE,513472.304854628,7992446.47003717
17011,"2017-09-16 22:33:00","2017-08-30 12:52:00",TRUE,513736.384011818,7995060.95563298
17011,"2017-09-16 23:33:00","2017-08-30 12:52:00",TRUE,514553.679606313,7995991.11459926
17011,"2017-09-17 00:33:00","2017-08-30 12:52:00",TRUE,512691.675838049,7995959.22247541
17011,"2017-09-17 01:33:00","2017-08-30 12:52:00",TRUE,509417.480711455,7998104.85382953
17011,"2017-09-17 02:33:00","2017-08-30 12:52:00",TRUE,510492.806774906,7998832.97824739
17011,"2017-09-17 03:33:00","2017-08-30 12:52:00",TRUE,511621.765870858,7997030.43811738
17011,"2017-09-17 04:33:00","2017-08-30 12:52:00",TRUE,514677.371316511,7996080.5537061
17011,"2017-09-17 11:03:22","2017-08-30 12:52:00",TRUE,517145.5079891,7992672.02655194
17011,"2017-09-17 12:03:22","2017-08-30 12:52:00",TRUE,519595.314230754,7995207.24077281
17011,"2017-09-17 13:03:22","2017-08-30 12:52:00",TRUE,518828.063821356,7997114.24986479
17011,"2017-09-17 14:03:22","2017-08-30 12:52:00",TRUE,518761.131036592,7997575.34582396
17011,"2017-09-17 15:03:22","2017-08-30 12:52:00",TRUE,520851.267203502,7995022.52524469
17011,"2017-09-17 17:03:22","2017-08-30 12:52:00",TRUE,512977.692798993,7990100.4969511
17011,"2017-09-17 18:03:22","2017-08-30 12:52:00",TRUE,510228.009121791,7992086.85906038
17011,"2017-09-17 19:03:22","2017-08-30 12:52:00",TRUE,508599.394849146,7994740.69624451
17011,"2017-09-17 20:03:22","2017-08-30 12:52:00",TRUE,508539.688395464,7995820.44493733
17011,"2017-09-17 21:03:22","2017-08-30 12:52:00",TRUE,511014.619511817,7995875.48003512
17011,"2017-09-17 22:03:22","2017-08-30 12:52:00",TRUE,514912.214797835,7994831.05402206
17011,"2017-09-17 23:03:22","2017-08-30 12:52:00",TRUE,516030.34049522,7991551.12539651
17011,"2017-09-18 03:35:04","2017-08-30 12:52:00",TRUE,514536.047760105,7992928.67542558
17011,"2017-09-18 04:35:04","2017-08-30 12:52:00",TRUE,510204.064423608,7994899.41946083
17011,"2017-09-18 05:35:04","2017-08-30 12:52:00",TRUE,507420.755616262,7994567.80264512
17011,"2017-09-18 06:35:04","2017-08-30 12:52:00",TRUE,509486.284257001,7992036.74100841
17011,"2017-09-18 07:35:04","2017-08-30 12:52:00",TRUE,515186.228460882,7991870.55006298
17011,"2017-09-18 08:35:04","2017-08-30 12:52:00",TRUE,519687.542441697,7993104.55354119
17011,"2017-09-18 09:35:04","2017-08-30 12:52:00",TRUE,521757.956868088,7995423.04256142
17011,"2017-09-19 12:52:59","2017-08-30 12:52:00",TRUE,504114.874978322,7998387.78931718
17011,"2017-09-19 13:52:59","2017-08-30 12:52:00",TRUE,505866.503748832,7999121.2498953
17011,"2017-09-19 14:52:59","2017-08-30 12:52:00",TRUE,503523.386056049,7997084.69787089
17011,"2017-09-19 15:52:59","2017-08-30 12:52:00",TRUE,498948.81930174,7994309.55945347
17011,"2017-09-19 16:52:59","2017-08-30 12:52:00",TRUE,501103.074011074,7995189.16085652
17011,"2017-09-20 08:29:46","2017-08-30 12:52:00",TRUE,516815.912501897,8010892.56593753
17011,"2017-09-20 09:29:46","2017-08-30 12:52:00",TRUE,519945.036409304,8012710.83509176
17011,"2017-09-20 10:29:46","2017-08-30 12:52:00",TRUE,519730.626974791,8015018.41365841
17011,"2017-09-20 11:29:46","2017-08-30 12:52:00",TRUE,519879.349913582,8016878.97974703
17011,"2017-09-20 12:29:46","2017-08-30 12:52:00",TRUE,519236.603179471,8018863.79125833
17011,"2017-09-20 16:37:30","2017-08-30 12:52:00",TRUE,517982.427468335,8016641.93388939
17011,"2017-09-20 17:37:30","2017-08-30 12:52:00",TRUE,518066.732883821,8016778.608693
17011,"2017-09-20 18:37:30","2017-08-30 12:52:00",TRUE,518791.952545836,8015624.27845895
17011,"2017-09-20 19:37:30","2017-08-30 12:52:00",TRUE,519600.718018149,8013450.49408783
17011,"2017-09-20 20:37:30","2017-08-30 12:52:00",TRUE,520972.814261478,8013463.24738913
17011,"2017-09-20 21:37:30","2017-08-30 12:52:00",TRUE,521609.600761488,8014254.51782783
17011,"2017-09-20 22:37:30","2017-08-30 12:52:00",TRUE,521606.602125386,8015899.88688719
17011,"2017-09-20 23:37:30","2017-08-30 12:52:00",TRUE,521308.483172822,8017894.16581739
17011,"2017-09-21 00:37:30","2017-08-30 12:52:00",TRUE,520316.287253775,8019371.3930513
17011,"2017-09-21 01:37:30","2017-08-30 12:52:00",TRUE,519532.893628383,8020298.82904603
17011,"2017-09-21 02:37:30","2017-08-30 12:52:00",TRUE,518704.536766068,8022595.29941611
17011,"2017-09-21 03:37:30","2017-08-30 12:52:00",TRUE,518389.505933194,8023795.18200748
17011,"2017-09-21 04:37:30","2017-08-30 12:52:00",TRUE,517398.189629403,8021923.90558805
17011,"2017-09-21 05:37:30","2017-08-30 12:52:00",TRUE,519398.240542918,8019980.98216711
17011,"2017-09-21 06:37:30","2017-08-30 12:52:00",TRUE,520180.549685569,8017093.49093557
17011,"2017-09-21 07:37:30","2017-08-30 12:52:00",TRUE,522671.208545731,8016828.75791226
17011,"2017-09-21 08:37:30","2017-08-30 12:52:00",TRUE,524010.463018976,8021075.47872707
17011,"2017-09-21 09:37:30","2017-08-30 12:52:00",TRUE,525281.583545756,8025505.67256999
17011,"2017-09-21 10:37:30","2017-08-30 12:52:00",TRUE,526606.491634046,8029665.50212462
17011,"2017-09-21 11:37:30","2017-08-30 12:52:00",TRUE,527050.376860803,8033507.53619372
17011,"2017-09-21 12:37:30","2017-08-30 12:52:00",TRUE,527563.471770734,8037102.70131399
17011,"2017-09-21 13:37:30","2017-08-30 12:52:00",TRUE,527570.53931603,8039583.02244717
17011,"2017-09-21 14:37:30","2017-08-30 12:52:00",TRUE,527431.151539663,8040041.74387778
17011,"2017-09-21 15:37:30","2017-08-30 12:52:00",TRUE,527435.668975088,8039684.62812789
17011,"2017-09-21 16:37:30","2017-08-30 12:52:00",TRUE,527325.798821995,8040381.38743808
17011,"2017-09-21 17:37:30","2017-08-30 12:52:00",TRUE,525799.534280986,8042735.64541986
17011,"2017-09-21 18:37:30","2017-08-30 12:52:00",TRUE,523655.49498692,8045745.13703524
17011,"2017-09-21 19:37:30","2017-08-30 12:52:00",TRUE,522595.175805114,8046938.4841448
17011,"2017-09-21 20:37:30","2017-08-30 12:52:00",TRUE,523056.294277886,8047688.00463357
17011,"2017-09-21 21:37:30","2017-08-30 12:52:00",TRUE,523352.988395657,8047877.062368
17011,"2017-09-21 22:37:30","2017-08-30 12:52:00",TRUE,524535.228147104,8048852.71805516
17011,"2017-09-21 23:37:30","2017-08-30 12:52:00",TRUE,525016.022895511,8049792.21644605
17011,"2017-09-22 00:37:30","2017-08-30 12:52:00",TRUE,525043.694298705,8050052.44696169
17011,"2017-09-22 01:37:30","2017-08-30 12:52:00",TRUE,524256.038981709,8049575.59544275
17011,"2017-09-22 05:36:58","2017-08-30 12:52:00",TRUE,525755.098303824,8051869.67724424
17011,"2017-09-22 06:36:58","2017-08-30 12:52:00",TRUE,525759.563659474,8052580.50269176
17011,"2017-09-22 07:36:58","2017-08-30 12:52:00",TRUE,526261.407297265,8053885.61941284
17011,"2017-09-22 08:36:58","2017-08-30 12:52:00",TRUE,527735.756118764,8053470.02893875
17011,"2017-09-22 09:36:58","2017-08-30 12:52:00",TRUE,529218.751500511,8053643.68868528
17011,"2017-09-22 10:36:58","2017-08-30 12:52:00",TRUE,530569.251170256,8053518.85961113
17011,"2017-09-22 11:36:58","2017-08-30 12:52:00",TRUE,529800.401744975,8054988.03331828
17011,"2017-09-22 12:36:58","2017-08-30 12:52:00",TRUE,528467.883091163,8053259.30000128
17011,"2017-09-22 13:36:58","2017-08-30 12:52:00",TRUE,528121.310026116,8053532.40784953
17011,"2017-09-22 14:36:58","2017-08-30 12:52:00",TRUE,527388.857798156,8054473.97730011
17011,"2017-09-22 15:36:58","2017-08-30 12:52:00",TRUE,527186.913039782,8053808.56965302
17011,"2017-09-22 16:36:58","2017-08-30 12:52:00",TRUE,528961.417813487,8053602.13685151
17011,"2017-09-22 17:36:58","2017-08-30 12:52:00",TRUE,530066.833653682,8055648.53976338
17011,"2017-09-22 18:36:58","2017-08-30 12:52:00",TRUE,531260.207176129,8057914.73953212
17011,"2017-09-22 19:36:58","2017-08-30 12:52:00",TRUE,534117.310777053,8059522.0009067
17011,"2017-09-22 20:36:58","2017-08-30 12:52:00",TRUE,537563.38770898,8060333.49430181
17011,"2017-09-22 21:36:58","2017-08-30 12:52:00",TRUE,541287.028412607,8060025.8285264
17011,"2017-09-22 22:36:58","2017-08-30 12:52:00",TRUE,544050.540479811,8061500.40842922
17011,"2017-09-22 23:36:58","2017-08-30 12:52:00",TRUE,546887.199715547,8059788.79032268
17011,"2017-09-23 00:36:58","2017-08-30 12:52:00",TRUE,548554.806212979,8061194.66329516
17011,"2017-09-23 01:36:58","2017-08-30 12:52:00",TRUE,550388.053555613,8063811.87156607
17011,"2017-09-23 02:36:58","2017-08-30 12:52:00",TRUE,551178.315642864,8062216.10394862
17011,"2017-09-23 03:36:58","2017-08-30 12:52:00",TRUE,551852.194384906,8062810.39296084
17011,"2017-09-23 20:42:22","2017-08-30 12:52:00",TRUE,555213.292270597,8067967.64450006
17011,"2017-09-23 21:42:22","2017-08-30 12:52:00",TRUE,558925.638460377,8070398.56209667
17011,"2017-09-23 22:42:22","2017-08-30 12:52:00",TRUE,563578.375902587,8071512.77718326
17011,"2017-09-23 23:42:22","2017-08-30 12:52:00",TRUE,566420.413435656,8072597.53898547
17011,"2017-09-24 00:42:22","2017-08-30 12:52:00",TRUE,569680.480632338,8074201.07924898
17011,"2017-09-24 01:42:22","2017-08-30 12:52:00",TRUE,572779.671156412,8075278.23996025
17011,"2017-09-24 04:25:02","2017-08-30 12:52:00",TRUE,578422.578755683,8078704.15829405
17011,"2017-09-24 05:25:02","2017-08-30 12:52:00",TRUE,579057.989353378,8081741.16777215
17011,"2017-09-24 06:25:02","2017-08-30 12:52:00",TRUE,580932.862325891,8078550.37686456
17011,"2017-09-24 07:25:02","2017-08-30 12:52:00",TRUE,578062.871009653,8075675.24158199
17011,"2017-09-24 08:25:02","2017-08-30 12:52:00",TRUE,573404.845906845,8075977.42953173
17011,"2017-09-24 09:25:02","2017-08-30 12:52:00",TRUE,569629.016077793,8074982.84844669
17011,"2017-09-24 10:25:02","2017-08-30 12:52:00",TRUE,564953.55997338,8071709.11333625
17011,"2017-09-24 11:25:02","2017-08-30 12:52:00",TRUE,557443.248150859,8067167.15706355
17011,"2017-09-24 12:25:02","2017-08-30 12:52:00",TRUE,550157.429776725,8065572.34609798
17011,"2017-09-24 13:25:02","2017-08-30 12:52:00",TRUE,549965.852328399,8062777.87889927
17011,"2017-09-24 14:25:02","2017-08-30 12:52:00",TRUE,552518.34085484,8062622.21572214
17011,"2017-09-24 15:25:02","2017-08-30 12:52:00",TRUE,554911.335841519,8062318.88658581
17011,"2017-09-24 16:25:02","2017-08-30 12:52:00",TRUE,556848.036737406,8062632.21762859
17011,"2017-09-24 17:25:02","2017-08-30 12:52:00",TRUE,558207.443598512,8063342.93692245
17011,"2017-09-24 18:25:02","2017-08-30 12:52:00",TRUE,558958.907697466,8063493.57342997
17011,"2017-09-24 19:25:02","2017-08-30 12:52:00",TRUE,560614.696235766,8065163.94165233
17011,"2017-09-24 20:25:02","2017-08-30 12:52:00",TRUE,562126.898109695,8067007.63320513
17011,"2017-09-24 21:25:02","2017-08-30 12:52:00",TRUE,563936.724523574,8069073.73550724
17011,"2017-09-24 22:25:02","2017-08-30 12:52:00",TRUE,566241.381636063,8069783.44987996
17011,"2017-09-24 23:25:02","2017-08-30 12:52:00",TRUE,566195.598867298,8073699.01426182
17011,"2017-09-25 00:25:02","2017-08-30 12:52:00",TRUE,567566.503201124,8075008.81730368
17011,"2017-09-25 01:25:02","2017-08-30 12:52:00",TRUE,570109.741713424,8078518.66903742
17011,"2017-09-25 02:25:02","2017-08-30 12:52:00",TRUE,573109.493726509,8080642.19587177
17011,"2017-09-25 03:25:02","2017-08-30 12:52:00",TRUE,574258.470081997,8082073.70880488
17011,"2017-09-25 04:25:02","2017-08-30 12:52:00",TRUE,577627.268860802,8083874.05708321
17011,"2017-09-25 05:25:02","2017-08-30 12:52:00",TRUE,581703.933755629,8086266.35349336
17011,"2017-09-25 06:25:02","2017-08-30 12:52:00",TRUE,585516.434705176,8087795.80287846
17011,"2017-09-25 07:25:02","2017-08-30 12:52:00",TRUE,587771.15592545,8087843.41091863
17011,"2017-09-25 08:25:02","2017-08-30 12:52:00",TRUE,587889.58520824,8086399.77479554
17011,"2017-09-25 11:12:13","2017-08-30 12:52:00",TRUE,587935.399712347,8084566.10137516
17011,"2017-09-25 12:12:13","2017-08-30 12:52:00",TRUE,585157.528574486,8085909.93262711
17011,"2017-09-25 13:12:13","2017-08-30 12:52:00",TRUE,580489.76908203,8084549.75723842
17011,"2017-09-25 14:12:13","2017-08-30 12:52:00",TRUE,577458.635725476,8082186.58736389
17011,"2017-09-25 15:12:13","2017-08-30 12:52:00",TRUE,575639.082947705,8080862.18250313
17011,"2017-09-25 16:12:13","2017-08-30 12:52:00",TRUE,573162.460286042,8076516.58002914
17011,"2017-09-25 17:12:13","2017-08-30 12:52:00",TRUE,572012.847489927,8073990.2820643
17011,"2017-09-25 18:12:13","2017-08-30 12:52:00",TRUE,572155.365888682,8074047.49707926
17011,"2017-09-25 19:12:13","2017-08-30 12:52:00",TRUE,572919.147485593,8074847.56767293
17011,"2017-09-25 20:12:13","2017-08-30 12:52:00",TRUE,574468.70259189,8075430.99630195
17011,"2017-09-25 21:12:13","2017-08-30 12:52:00",TRUE,577188.103562252,8077696.72695453
17011,"2017-09-25 22:12:13","2017-08-30 12:52:00",TRUE,580575.607948125,8079214.82581543
17011,"2017-09-25 23:12:13","2017-08-30 12:52:00",TRUE,583050.717887918,8080132.78711006
17011,"2017-09-26 00:12:13","2017-08-30 12:52:00",TRUE,585542.786724591,8082902.36942666
17011,"2017-09-26 01:12:13","2017-08-30 12:52:00",TRUE,587427.317905785,8085198.20508231
17011,"2017-09-26 04:16:53","2017-08-30 12:52:00",TRUE,599586.053618595,8089687.17405686
17011,"2017-09-26 05:16:53","2017-08-30 12:52:00",TRUE,605312.15795183,8089703.54376449
17011,"2017-09-26 06:16:53","2017-08-30 12:52:00",TRUE,608477.333928449,8089551.19486499
17011,"2017-09-26 07:16:53","2017-08-30 12:52:00",TRUE,608487.055316562,8090708.33884423
17011,"2017-09-26 08:16:53","2017-08-30 12:52:00",TRUE,607709.258922705,8090922.86147926
17011,"2017-09-26 09:16:53","2017-08-30 12:52:00",TRUE,606700.407838736,8088991.99728727
17011,"2017-09-26 10:16:53","2017-08-30 12:52:00",TRUE,604892.977169576,8089034.06042385
17011,"2017-09-26 14:15:07","2017-08-30 12:52:00",TRUE,591140.606324815,8085718.72163039
17011,"2017-09-26 15:15:07","2017-08-30 12:52:00",TRUE,592404.207374047,8084853.20159795
17011,"2017-09-26 16:15:07","2017-08-30 12:52:00",TRUE,594859.63258278,8085774.30748789
17011,"2017-09-26 17:15:07","2017-08-30 12:52:00",TRUE,598744.374607748,8086282.20280667
17011,"2017-09-26 18:15:07","2017-08-30 12:52:00",TRUE,601034.542212046,8086091.71462879
17011,"2017-09-27 05:32:54","2017-08-30 12:52:00",TRUE,618323.825081249,8090408.90438097
17011,"2017-09-27 06:32:54","2017-08-30 12:52:00",TRUE,618159.828251192,8089735.85501748
17011,"2017-09-27 07:32:54","2017-08-30 12:52:00",TRUE,617163.145710831,8088589.24465802
17011,"2017-09-27 08:32:54","2017-08-30 12:52:00",TRUE,615798.017021058,8088165.89884183
17011,"2017-09-27 09:32:54","2017-08-30 12:52:00",TRUE,614620.89835839,8088642.79120684
17011,"2017-09-28 01:12:46","2017-08-30 12:52:00",TRUE,624051.699843614,8077363.63182911
17011,"2017-09-28 02:12:46","2017-08-30 12:52:00",TRUE,626242.428982795,8077448.17122358
17011,"2017-09-28 03:12:46","2017-08-30 12:52:00",TRUE,624509.303305002,8077386.88877078
17011,"2017-09-28 04:12:46","2017-08-30 12:52:00",TRUE,621939.018334668,8078623.89911916
17011,"2017-09-28 05:12:46","2017-08-30 12:52:00",TRUE,619761.324978537,8080860.88793539
17011,"2017-09-28 06:12:46","2017-08-30 12:52:00",TRUE,617659.889199755,8082743.0626124
17011,"2017-09-28 07:12:46","2017-08-30 12:52:00",TRUE,617818.999622052,8086606.05267241
17011,"2017-09-28 08:12:46","2017-08-30 12:52:00",TRUE,619166.994307605,8089319.43256964
17012,"2017-09-04 00:02:46","2017-09-02 23:15:00",TRUE,497840.831222854,8031097.19951359
17012,"2017-09-04 01:02:46","2017-09-02 23:15:00",TRUE,496740.117799818,8026635.34701509
17012,"2017-09-04 02:02:46","2017-09-02 23:15:00",TRUE,497452.275080868,8028387.08401457
17012,"2017-09-04 03:02:46","2017-09-02 23:15:00",TRUE,500361.233343166,8031099.90021973
17012,"2017-09-04 04:02:46","2017-09-02 23:15:00",TRUE,502395.233328222,8035297.91761833
17012,"2017-09-04 05:02:46","2017-09-02 23:15:00",TRUE,503070.656083966,8037931.97117736
17012,"2017-09-04 06:02:46","2017-09-02 23:15:00",TRUE,503980.477264745,8041099.17684516
17012,"2017-09-04 07:02:46","2017-09-02 23:15:00",TRUE,500253.758477559,8036229.1081288
17012,"2017-09-04 08:02:46","2017-09-02 23:15:00",TRUE,497040.33830978,8029715.58357726
17012,"2017-09-04 09:02:46","2017-09-02 23:15:00",TRUE,494356.447982241,8026308.90429432
17012,"2017-09-04 10:02:46","2017-09-02 23:15:00",TRUE,493911.775644132,8020804.53703399
17012,"2017-09-04 11:02:46","2017-09-02 23:15:00",TRUE,491671.946625867,8017801.3853593
17012,"2017-09-04 12:02:46","2017-09-02 23:15:00",TRUE,491456.771752703,8017123.46856995
17012,"2017-09-04 13:02:46","2017-09-02 23:15:00",TRUE,491558.220157815,8018133.63040026
17012,"2017-09-04 14:02:46","2017-09-02 23:15:00",TRUE,492291.00371681,8019336.34798523
17012,"2017-09-04 15:02:46","2017-09-02 23:15:00",TRUE,493277.150469981,8020600.46914855
17012,"2017-09-04 16:02:46","2017-09-02 23:15:00",TRUE,494266.875792109,8023961.2489343
17012,"2017-09-04 17:02:46","2017-09-02 23:15:00",TRUE,494050.483418512,8023939.2016019
17012,"2017-09-04 18:02:46","2017-09-02 23:15:00",TRUE,492692.739356667,8019854.05353899
17012,"2017-09-05 00:05:33","2017-09-02 23:15:00",TRUE,490918.386151664,8018422.3599902
17012,"2017-09-05 01:05:33","2017-09-02 23:15:00",TRUE,491331.037068735,8019229.1418172
17012,"2017-09-05 02:05:33","2017-09-02 23:15:00",TRUE,494179.300502942,8021905.07052976
17012,"2017-09-05 03:05:33","2017-09-02 23:15:00",TRUE,494463.508005135,8022745.04027236
17012,"2017-09-05 04:05:33","2017-09-02 23:15:00",TRUE,494688.518486351,8023673.35383718
17012,"2017-09-05 05:05:33","2017-09-02 23:15:00",TRUE,495798.45720683,8026720.65602345
17012,"2017-09-05 06:05:33","2017-09-02 23:15:00",TRUE,498223.695266885,8029695.0022996
17012,"2017-09-05 07:05:33","2017-09-02 23:15:00",TRUE,499838.78526527,8032292.11811238
17012,"2017-09-05 08:05:33","2017-09-02 23:15:00",TRUE,497581.486951733,8030616.75183416
17012,"2017-09-05 09:05:33","2017-09-02 23:15:00",TRUE,497614.693255192,8027793.7726114
17012,"2017-09-05 10:05:33","2017-09-02 23:15:00",TRUE,499107.626354556,8029672.26401818
17012,"2017-09-05 11:05:33","2017-09-02 23:15:00",TRUE,495256.134640272,8026710.44171029
17012,"2017-09-05 12:05:33","2017-09-02 23:15:00",TRUE,494347.085907238,8021878.53609612
17012,"2017-09-05 13:05:33","2017-09-02 23:15:00",TRUE,493708.224537271,8020581.42925886
17012,"2017-09-05 14:05:33","2017-09-02 23:15:00",TRUE,492440.103067064,8018816.91632649
17012,"2017-09-05 15:05:33","2017-09-02 23:15:00",TRUE,491443.621121238,8017199.55492705
17012,"2017-09-05 16:05:33","2017-09-02 23:15:00",TRUE,491701.43694941,8018111.31127029
17012,"2017-09-05 17:05:33","2017-09-02 23:15:00",TRUE,493556.397026368,8020572.62284206
17012,"2017-09-05 18:05:33","2017-09-02 23:15:00",TRUE,494620.624390005,8021735.93446669
17012,"2017-09-06 00:12:18","2017-09-02 23:15:00",TRUE,500843.55774149,8033951.80715628
17012,"2017-09-06 01:12:18","2017-09-02 23:15:00",TRUE,500074.542635582,8030836.29527821
17012,"2017-09-06 02:12:18","2017-09-02 23:15:00",TRUE,500508.372118594,8031034.84521206
17012,"2017-09-06 03:12:18","2017-09-02 23:15:00",TRUE,500691.982331045,8031146.49118576
17012,"2017-09-06 04:12:18","2017-09-02 23:15:00",TRUE,501320.768402465,8033259.98649168
17012,"2017-09-06 05:12:18","2017-09-02 23:15:00",TRUE,500053.942681176,8030921.68501612
17012,"2017-09-06 06:12:18","2017-09-02 23:15:00",TRUE,499789.943245035,8031195.69917902
17012,"2017-09-06 07:12:18","2017-09-02 23:15:00",TRUE,501961.480981866,8035578.18590103
17012,"2017-09-06 08:12:18","2017-09-02 23:15:00",TRUE,500903.733312754,8033932.68270969
17012,"2017-09-06 09:12:18","2017-09-02 23:15:00",TRUE,500293.280996468,8030968.43772871
17012,"2017-09-06 10:12:18","2017-09-02 23:15:00",TRUE,498341.652145792,8029574.80681136
17012,"2017-09-06 11:12:18","2017-09-02 23:15:00",TRUE,498298.17375775,8029276.29261092
17012,"2017-09-06 12:12:18","2017-09-02 23:15:00",TRUE,500308.010887508,8032350.98790412
17012,"2017-09-06 13:12:18","2017-09-02 23:15:00",TRUE,500219.663339118,8032106.04993068
17012,"2017-09-06 14:12:18","2017-09-02 23:15:00",TRUE,500286.580874125,8031055.99594901
17012,"2017-09-06 15:12:18","2017-09-02 23:15:00",TRUE,501476.327088359,8034678.18788492
17012,"2017-09-06 16:12:18","2017-09-02 23:15:00",TRUE,500498.317276051,8032054.98632028
17012,"2017-09-06 17:12:18","2017-09-02 23:15:00",TRUE,501804.784143823,8035442.53930742
17012,"2017-09-06 18:12:18","2017-09-02 23:15:00",TRUE,503171.729473779,8038525.36788427
17012,"2017-09-07 00:04:51","2017-09-02 23:15:00",TRUE,505467.79801342,8039625.58782533
17012,"2017-09-07 01:04:51","2017-09-02 23:15:00",TRUE,500886.646065611,8036377.17118974
17012,"2017-09-07 02:04:51","2017-09-02 23:15:00",TRUE,500334.893917391,8031419.02842841
17012,"2017-09-07 03:04:51","2017-09-02 23:15:00",TRUE,501613.624732456,8034576.64670917
17012,"2017-09-07 04:04:51","2017-09-02 23:15:00",TRUE,501114.034497331,8033779.78188911
17012,"2017-09-07 05:04:51","2017-09-02 23:15:00",TRUE,500548.689560203,8031526.07215969
17012,"2017-09-07 06:04:51","2017-09-02 23:15:00",TRUE,498526.53510452,8029454.70243212
17012,"2017-09-07 07:04:51","2017-09-02 23:15:00",TRUE,496729.611931967,8027131.93025814
17012,"2017-09-07 08:04:51","2017-09-02 23:15:00",TRUE,495184.951857666,8024110.39772385
17012,"2017-09-07 09:04:51","2017-09-02 23:15:00",TRUE,495728.955698751,8024747.71292191
17012,"2017-09-07 10:04:51","2017-09-02 23:15:00",TRUE,495200.193840501,8023570.18456239
17012,"2017-09-07 11:04:51","2017-09-02 23:15:00",TRUE,494846.392661416,8023356.68575551
17012,"2017-09-07 12:04:51","2017-09-02 23:15:00",TRUE,494609.447433509,8021949.46426059
17012,"2017-09-07 13:04:51","2017-09-02 23:15:00",TRUE,491829.384888643,8018976.71550913
17012,"2017-09-07 14:04:51","2017-09-02 23:15:00",TRUE,489209.721926488,8016905.22124368
17012,"2017-09-07 15:04:51","2017-09-02 23:15:00",TRUE,492589.436302783,8019019.25223511
17012,"2017-09-07 16:04:51","2017-09-02 23:15:00",TRUE,490291.079403072,8017266.28081994
17012,"2017-09-07 17:04:51","2017-09-02 23:15:00",TRUE,488411.256121071,8016184.79991524
17012,"2017-09-07 18:04:51","2017-09-02 23:15:00",TRUE,489580.366772597,8017086.91439864
17012,"2017-09-08 00:08:39","2017-09-02 23:15:00",TRUE,502583.579063983,8037444.68289278
17012,"2017-09-08 01:08:39","2017-09-02 23:15:00",TRUE,506082.568602386,8041184.35155322
17012,"2017-09-08 02:08:39","2017-09-02 23:15:00",TRUE,504311.707204847,8040786.16442993
17012,"2017-09-08 03:08:39","2017-09-02 23:15:00",TRUE,501211.868678247,8035603.77684502
17012,"2017-09-08 04:08:39","2017-09-02 23:15:00",TRUE,499028.856079452,8030989.59722606
17012,"2017-09-08 05:08:39","2017-09-02 23:15:00",TRUE,497200.683342564,8027994.97890679
17012,"2017-09-08 06:08:39","2017-09-02 23:15:00",TRUE,495426.419193697,8024499.17637358
17012,"2017-09-08 07:08:39","2017-09-02 23:15:00",TRUE,495814.639755348,8026691.40988557
17012,"2017-09-08 08:08:39","2017-09-02 23:15:00",TRUE,498772.347286166,8030579.01517328
17012,"2017-09-08 09:08:39","2017-09-02 23:15:00",TRUE,499567.359783126,8033173.79058899
17012,"2017-09-08 10:08:39","2017-09-02 23:15:00",TRUE,499546.068206252,8032643.1288035
17012,"2017-09-08 11:08:39","2017-09-02 23:15:00",TRUE,501559.291184704,8034087.69638618
17012,"2017-09-08 12:08:39","2017-09-02 23:15:00",TRUE,499562.973518184,8034049.96736417
17012,"2017-09-08 13:08:39","2017-09-02 23:15:00",TRUE,499282.42926729,8030797.28529502
17012,"2017-09-08 14:08:39","2017-09-02 23:15:00",TRUE,500645.825104754,8034650.08628526
17012,"2017-09-08 15:08:39","2017-09-02 23:15:00",TRUE,501440.221341452,8037134.16631787
17012,"2017-09-08 16:08:39","2017-09-02 23:15:00",TRUE,500449.980286678,8033566.44256616
17012,"2017-09-08 17:08:39","2017-09-02 23:15:00",TRUE,501295.39884933,8033525.10083647
17012,"2017-09-08 18:08:39","2017-09-02 23:15:00",TRUE,500480.374625363,8034777.88525089
17012,"2017-09-08 19:08:39","2017-09-02 23:15:00",TRUE,500343.617129333,8032230.17502893
17012,"2017-09-08 20:08:39","2017-09-02 23:15:00",TRUE,502105.375974727,8036023.30994487
17012,"2017-09-08 21:08:39","2017-09-02 23:15:00",TRUE,502406.726843199,8036586.48177769
17012,"2017-09-08 22:08:39","2017-09-02 23:15:00",TRUE,500963.856026269,8032940.70121427
17012,"2017-09-08 23:08:39","2017-09-02 23:15:00",TRUE,501255.47505473,8033272.10993838
17012,"2017-09-09 00:08:39","2017-09-02 23:15:00",TRUE,502720.95313428,8037499.54425906
17012,"2017-09-09 01:08:39","2017-09-02 23:15:00",TRUE,501660.864924027,8035757.84458013
17012,"2017-09-09 02:08:39","2017-09-02 23:15:00",TRUE,500430.885636253,8032461.87240125
17012,"2017-09-09 03:08:39","2017-09-02 23:15:00",TRUE,499022.244913234,8029736.33584082
17012,"2017-09-09 04:08:39","2017-09-02 23:15:00",TRUE,500090.841956035,8030537.68343474
17012,"2017-09-09 05:08:39","2017-09-02 23:15:00",TRUE,496431.383307264,8025162.75389187
17012,"2017-09-09 06:08:39","2017-09-02 23:15:00",TRUE,492349.770028867,8018527.03060874
17012,"2017-09-09 07:08:39","2017-09-02 23:15:00",TRUE,488219.455563766,8016107.80194407
17012,"2017-09-09 08:08:39","2017-09-02 23:15:00",TRUE,487098.243295585,8015852.04754864
17012,"2017-09-09 09:08:39","2017-09-02 23:15:00",TRUE,487687.640801502,8016045.02328485
17012,"2017-09-09 10:08:39","2017-09-02 23:15:00",TRUE,487848.287052784,8016087.62532168
17012,"2017-09-09 11:08:39","2017-09-02 23:15:00",TRUE,488017.417485951,8016174.05143043
17012,"2017-09-09 12:08:39","2017-09-02 23:15:00",TRUE,487881.232772758,8016039.86938607
17012,"2017-09-09 13:08:39","2017-09-02 23:15:00",TRUE,489473.428216805,8017129.7284962
17012,"2017-09-09 14:08:39","2017-09-02 23:15:00",TRUE,489326.722841214,8017107.25834153
17012,"2017-09-09 15:08:39","2017-09-02 23:15:00",TRUE,488277.704372482,8016398.76399471
17012,"2017-09-09 16:08:39","2017-09-02 23:15:00",TRUE,489215.373549078,8017274.34058025
17012,"2017-09-09 17:08:39","2017-09-02 23:15:00",TRUE,489994.399041923,8017634.13029901
17012,"2017-09-12 00:06:25","2017-09-02 23:15:00",TRUE,500624.552010342,8032914.34840055
17012,"2017-09-12 01:06:25","2017-09-02 23:15:00",TRUE,498653.202685569,8029630.81128141
17012,"2017-09-12 02:06:25","2017-09-02 23:15:00",TRUE,499757.869468574,8030214.35741264
17012,"2017-09-12 03:06:25","2017-09-02 23:15:00",TRUE,499387.020494562,8032216.12554243
17012,"2017-09-12 04:06:25","2017-09-02 23:15:00",TRUE,500201.227979853,8032558.3444562
17012,"2017-09-12 05:06:25","2017-09-02 23:15:00",TRUE,500489.14548543,8034450.27939432
17012,"2017-09-12 06:06:25","2017-09-02 23:15:00",TRUE,498953.418725864,8030654.43458079
17012,"2017-09-12 07:06:25","2017-09-02 23:15:00",TRUE,499374.26793196,8029719.11565497
17012,"2017-09-12 08:06:25","2017-09-02 23:15:00",TRUE,499530.764378574,8031318.9658238
17012,"2017-09-12 09:06:25","2017-09-02 23:15:00",TRUE,499269.957171008,8033128.61160118
17012,"2017-09-12 10:06:25","2017-09-02 23:15:00",TRUE,499457.263517302,8033271.58856549
17012,"2017-09-12 11:06:25","2017-09-02 23:15:00",TRUE,499970.25582467,8032772.70864702
17012,"2017-09-12 12:06:25","2017-09-02 23:15:00",TRUE,497162.310401181,8029535.01309574
17012,"2017-09-12 13:06:25","2017-09-02 23:15:00",TRUE,498627.624349763,8031423.30369248
17012,"2017-09-12 14:06:25","2017-09-02 23:15:00",TRUE,499354.244757382,8032488.80418829
17012,"2017-09-12 15:06:25","2017-09-02 23:15:00",TRUE,501015.531741878,8034095.81466227
17012,"2017-09-12 16:06:25","2017-09-02 23:15:00",TRUE,500927.425351797,8036114.90385339
17012,"2017-09-12 17:06:25","2017-09-02 23:15:00",TRUE,504297.252814775,8041097.65656562
17012,"2017-09-12 18:06:25","2017-09-02 23:15:00",TRUE,507962.203941681,8045386.67596778
17012,"2017-09-12 19:06:25","2017-09-02 23:15:00",TRUE,509789.533747563,8048154.55383721
17012,"2017-09-13 00:24:13","2017-09-02 23:15:00",TRUE,508519.93728822,8047522.60970831
17012,"2017-09-13 01:24:13","2017-09-02 23:15:00",TRUE,509333.78355302,8048044.83662185
17012,"2017-09-13 02:24:13","2017-09-02 23:15:00",TRUE,512518.256337599,8051103.92927709
17012,"2017-09-13 03:24:13","2017-09-02 23:15:00",TRUE,509856.485546666,8048885.88318228
17012,"2017-09-13 04:24:13","2017-09-02 23:15:00",TRUE,507329.825838106,8045853.59469196
17012,"2017-09-13 05:24:13","2017-09-02 23:15:00",TRUE,504248.948807646,8041656.12622067
17012,"2017-09-13 06:24:13","2017-09-02 23:15:00",TRUE,501148.487885779,8037367.09296402
17012,"2017-09-13 07:24:13","2017-09-02 23:15:00",TRUE,499408.358381783,8032450.46053736
17012,"2017-09-13 08:24:13","2017-09-02 23:15:00",TRUE,500885.415199504,8033682.24090493
17012,"2017-09-13 09:24:13","2017-09-02 23:15:00",TRUE,499393.038465648,8033366.84857545
17012,"2017-09-13 10:24:13","2017-09-02 23:15:00",TRUE,498635.555133179,8031104.71765194
17012,"2017-09-13 11:24:13","2017-09-02 23:15:00",TRUE,500288.497684575,8031335.66026698
17012,"2017-09-13 12:24:13","2017-09-02 23:15:00",TRUE,498395.441444548,8029658.60810198
17012,"2017-09-13 13:24:13","2017-09-02 23:15:00",TRUE,497188.34291359,8029755.31501073
17012,"2017-09-13 14:24:13","2017-09-02 23:15:00",TRUE,498133.189261544,8030845.64323225
17012,"2017-09-13 15:24:13","2017-09-02 23:15:00",TRUE,497154.651344723,8028990.36931062
17012,"2017-09-13 16:24:13","2017-09-02 23:15:00",TRUE,494958.50556657,8026788.39202995
17012,"2017-09-13 17:24:13","2017-09-02 23:15:00",TRUE,495234.313762987,8027182.79149783
17012,"2017-09-14 00:26:14","2017-09-02 23:15:00",TRUE,500489.968447812,8031029.18351801
17012,"2017-09-14 01:26:14","2017-09-02 23:15:00",TRUE,501553.769565041,8035335.83069686
17012,"2017-09-14 02:26:14","2017-09-02 23:15:00",TRUE,501741.42280993,8038031.49107919
17012,"2017-09-14 03:26:14","2017-09-02 23:15:00",TRUE,501867.96055062,8034903.76569887
17012,"2017-09-14 04:26:14","2017-09-02 23:15:00",TRUE,501745.094262302,8036035.3790817
17012,"2017-09-14 05:26:14","2017-09-02 23:15:00",TRUE,502794.966405926,8037178.74266185
17012,"2017-09-14 06:26:14","2017-09-02 23:15:00",TRUE,502630.719647086,8039943.15013803
17012,"2017-09-14 07:26:14","2017-09-02 23:15:00",TRUE,500759.421459206,8036826.56096602
17012,"2017-09-14 08:26:14","2017-09-02 23:15:00",TRUE,498620.45618186,8032044.20045352
17012,"2017-09-14 09:26:14","2017-09-02 23:15:00",TRUE,495502.942772187,8026866.86944684
17012,"2017-09-14 10:26:14","2017-09-02 23:15:00",TRUE,494179.184086549,8025454.69892813
17012,"2017-09-14 11:26:14","2017-09-02 23:15:00",TRUE,494752.882513476,8026340.10671063
17012,"2017-09-14 12:26:14","2017-09-02 23:15:00",TRUE,497161.552789161,8029112.06171448
17012,"2017-09-14 13:26:14","2017-09-02 23:15:00",TRUE,499419.494840808,8032859.08187802
17012,"2017-09-14 14:26:14","2017-09-02 23:15:00",TRUE,501790.038538171,8036321.82306024
17012,"2017-09-14 15:26:14","2017-09-02 23:15:00",TRUE,502415.545773007,8039602.0411191
17012,"2017-09-14 16:26:14","2017-09-02 23:15:00",TRUE,504932.295314031,8042193.01951053
17012,"2017-09-15 00:10:44","2017-09-02 23:15:00",TRUE,497246.56480793,8028922.77226578
17012,"2017-09-15 01:10:44","2017-09-02 23:15:00",TRUE,499972.397066677,8031689.7851465
17012,"2017-09-15 02:10:44","2017-09-02 23:15:00",TRUE,501897.095634769,8035907.64584516
17012,"2017-09-15 03:10:44","2017-09-02 23:15:00",TRUE,502350.064349988,8037762.2798033
17012,"2017-09-15 04:10:44","2017-09-02 23:15:00",TRUE,500705.969375525,8033437.67765777
17012,"2017-09-15 05:10:44","2017-09-02 23:15:00",TRUE,500709.800930315,8031872.52070343
17012,"2017-09-15 06:10:44","2017-09-02 23:15:00",TRUE,500761.619551923,8032465.86109994
17012,"2017-09-15 07:10:44","2017-09-02 23:15:00",TRUE,499384.69802659,8029735.34149109
17012,"2017-09-15 08:10:44","2017-09-02 23:15:00",TRUE,499817.794983318,8032377.63022354
17012,"2017-09-15 09:10:44","2017-09-02 23:15:00",TRUE,501173.076052886,8032929.40857733
17012,"2017-09-15 10:10:44","2017-09-02 23:15:00",TRUE,501438.473404512,8034130.04150199
17012,"2017-09-15 11:10:44","2017-09-02 23:15:00",TRUE,501729.50615898,8034319.04010598
17012,"2017-09-15 12:10:44","2017-09-02 23:15:00",TRUE,501937.385939666,8033915.10741469
17012,"2017-09-15 13:10:44","2017-09-02 23:15:00",TRUE,502852.982878556,8035483.67787791
17012,"2017-09-15 14:10:44","2017-09-02 23:15:00",TRUE,499601.720732566,8033398.35138013
17012,"2017-09-16 00:13:57","2017-09-02 23:15:00",TRUE,520907.566559901,8051785.28153653
17012,"2017-09-16 01:13:57","2017-09-02 23:15:00",TRUE,519308.468819401,8051150.12692082
17012,"2017-09-16 02:13:57","2017-09-02 23:15:00",TRUE,517211.417101974,8047942.01719306
17012,"2017-09-16 03:13:57","2017-09-02 23:15:00",TRUE,517240.282001624,8045430.7838815
17012,"2017-09-16 04:13:57","2017-09-02 23:15:00",TRUE,514053.870281001,8046957.89020578
17012,"2017-09-16 05:13:57","2017-09-02 23:15:00",TRUE,511053.126068676,8047521.73525596
17012,"2017-09-16 06:13:57","2017-09-02 23:15:00",TRUE,506687.135697667,8044523.51638256
17012,"2017-09-16 07:13:57","2017-09-02 23:15:00",TRUE,503725.549693382,8040561.67229226
17012,"2017-09-16 08:13:57","2017-09-02 23:15:00",TRUE,503073.432694485,8040322.6838336
17012,"2017-09-16 09:13:57","2017-09-02 23:15:00",TRUE,500950.069181024,8037977.60058171
17012,"2017-09-16 10:13:57","2017-09-02 23:15:00",TRUE,499347.785862324,8034005.19383796
17012,"2017-09-16 11:13:57","2017-09-02 23:15:00",TRUE,496968.134372647,8028901.11430075
17012,"2017-09-16 12:13:57","2017-09-02 23:15:00",TRUE,494091.084531992,8025546.66370102
17012,"2017-09-16 13:13:57","2017-09-02 23:15:00",TRUE,492925.493628413,8021018.89673779
17012,"2017-09-16 14:13:57","2017-09-02 23:15:00",TRUE,489559.261229861,8017279.15218319
17012,"2017-09-16 15:13:57","2017-09-02 23:15:00",TRUE,490467.071930176,8018797.06873513
17012,"2017-09-16 16:13:57","2017-09-02 23:15:00",TRUE,493615.952522355,8022804.95342969
17012,"2017-09-17 00:13:58","2017-09-02 23:15:00",TRUE,493688.317307992,8023543.02916266
17012,"2017-09-17 01:13:58","2017-09-02 23:15:00",TRUE,494283.649328466,8026409.74143624
17012,"2017-09-17 02:13:58","2017-09-02 23:15:00",TRUE,494777.066119724,8023021.59561341
17012,"2017-09-17 03:13:58","2017-09-02 23:15:00",TRUE,494963.827527027,8023787.07609826
17012,"2017-09-17 04:13:58","2017-09-02 23:15:00",TRUE,495395.028180497,8023758.1940229
17012,"2017-09-17 05:13:58","2017-09-02 23:15:00",TRUE,495562.939324099,8025443.04194118
17012,"2017-09-17 06:13:58","2017-09-02 23:15:00",TRUE,496709.396171645,8027131.48456553
17012,"2017-09-17 07:13:58","2017-09-02 23:15:00",TRUE,497367.565703782,8030623.73868447
17012,"2017-09-17 08:13:58","2017-09-02 23:15:00",TRUE,494907.621434353,8026685.98519466
17012,"2017-09-17 09:13:58","2017-09-02 23:15:00",TRUE,495722.036122267,8026989.11352627
17012,"2017-09-17 10:13:58","2017-09-02 23:15:00",TRUE,498142.901348511,8031369.46622478
17012,"2017-09-17 11:13:58","2017-09-02 23:15:00",TRUE,500546.005623691,8035597.97516731
17012,"2017-09-17 12:13:58","2017-09-02 23:15:00",TRUE,501160.175642234,8035904.39610971
17012,"2017-09-17 13:13:58","2017-09-02 23:15:00",TRUE,500153.658003252,8033216.94060943
17012,"2017-09-17 14:13:58","2017-09-02 23:15:00",TRUE,496762.519780235,8028699.81478313
17012,"2017-09-17 15:13:58","2017-09-02 23:15:00",TRUE,495270.4831997,8026881.96013123
17012,"2017-09-17 16:13:58","2017-09-02 23:15:00",TRUE,497931.791145337,8030829.39449362
17012,"2017-09-17 17:13:58","2017-09-02 23:15:00",TRUE,499783.563445708,8033614.55457646
17012,"2017-09-18 00:00:57","2017-09-02 23:15:00",TRUE,500422.25902759,8031642.67112543
17012,"2017-09-18 01:00:57","2017-09-02 23:15:00",TRUE,499760.166083441,8030945.63614167
17012,"2017-09-18 02:00:57","2017-09-02 23:15:00",TRUE,498909.033595986,8029637.38790648
17012,"2017-09-18 03:00:57","2017-09-02 23:15:00",TRUE,498852.52900817,8030706.24045982
17012,"2017-09-18 04:00:57","2017-09-02 23:15:00",TRUE,499586.480011157,8030146.0786252
17012,"2017-09-18 05:00:57","2017-09-02 23:15:00",TRUE,499387.320287126,8032393.89613971
17012,"2017-09-18 06:00:57","2017-09-02 23:15:00",TRUE,500716.056805379,8031691.69757148
17012,"2017-09-18 07:00:57","2017-09-02 23:15:00",TRUE,500399.751682835,8032370.66036693
17012,"2017-09-18 08:00:57","2017-09-02 23:15:00",TRUE,500060.622555874,8033641.17853728
17012,"2017-09-18 09:00:57","2017-09-02 23:15:00",TRUE,499452.368672632,8033731.59536356
17012,"2017-09-18 10:00:57","2017-09-02 23:15:00",TRUE,499983.438799508,8035309.90170311
17012,"2017-09-18 11:00:57","2017-09-02 23:15:00",TRUE,500465.086625554,8036836.29384904
17012,"2017-09-18 12:00:57","2017-09-02 23:15:00",TRUE,500276.33994013,8036389.61064261
17012,"2017-09-18 13:00:57","2017-09-02 23:15:00",TRUE,498370.882209682,8032001.85887746
17012,"2017-09-18 14:00:57","2017-09-02 23:15:00",TRUE,495399.44916921,8027592.87184965
17012,"2017-09-18 15:00:57","2017-09-02 23:15:00",TRUE,493572.442182159,8023520.07755502
17012,"2017-09-18 16:00:57","2017-09-02 23:15:00",TRUE,494409.760806479,8025808.97572493
17012,"2017-09-18 17:00:57","2017-09-02 23:15:00",TRUE,494684.005633711,8026545.05027202
17012,"2017-09-19 00:15:47","2017-09-02 23:15:00",TRUE,491464.404319476,8017271.08818199
17012,"2017-09-19 01:15:47","2017-09-02 23:15:00",TRUE,490635.944945583,8017343.37718008
17012,"2017-09-19 02:15:47","2017-09-02 23:15:00",TRUE,493247.381288756,8019948.99612943
17012,"2017-09-19 03:15:47","2017-09-02 23:15:00",TRUE,495246.00464875,8023301.35048324
17012,"2017-09-19 04:15:47","2017-09-02 23:15:00",TRUE,497238.985041889,8026682.52352498
17012,"2017-09-19 05:15:47","2017-09-02 23:15:00",TRUE,498948.609599251,8029724.98618431
17012,"2017-09-19 06:15:47","2017-09-02 23:15:00",TRUE,500447.980128258,8031271.74156376
17012,"2017-09-19 07:15:47","2017-09-02 23:15:00",TRUE,500422.895980383,8033388.32971412
17012,"2017-09-19 08:15:47","2017-09-02 23:15:00",TRUE,499979.948504875,8032235.15307981
17012,"2017-09-19 09:15:47","2017-09-02 23:15:00",TRUE,497102.146244626,8029461.65974175
17012,"2017-09-19 10:15:47","2017-09-02 23:15:00",TRUE,498314.769235023,8031286.84949587
17012,"2017-09-19 14:36:34","2017-09-02 23:15:00",TRUE,499362.259818225,8033918.26812648
17012,"2017-09-19 15:36:34","2017-09-02 23:15:00",TRUE,497127.38416317,8029510.26459989
17012,"2017-09-19 16:36:34","2017-09-02 23:15:00",TRUE,495780.472089489,8027341.77317497
17012,"2017-09-19 17:36:34","2017-09-02 23:15:00",TRUE,497971.789901985,8031331.9534097
17012,"2017-09-19 18:36:34","2017-09-02 23:15:00",TRUE,500727.587759192,8035989.73112142
17012,"2017-09-20 00:03:08","2017-09-02 23:15:00",TRUE,505047.905823499,8042033.91781515
17012,"2017-09-20 01:03:08","2017-09-02 23:15:00",TRUE,501062.495373575,8037731.48470565
17012,"2017-09-20 02:03:08","2017-09-02 23:15:00",TRUE,499675.424249049,8034178.49467216
17012,"2017-09-20 03:03:08","2017-09-02 23:15:00",TRUE,498301.169615345,8029940.64067024
17012,"2017-09-20 04:03:08","2017-09-02 23:15:00",TRUE,498759.994812356,8029164.68214853
17012,"2017-09-20 05:03:08","2017-09-02 23:15:00",TRUE,498904.155818746,8032728.84507036
17012,"2017-09-20 06:03:08","2017-09-02 23:15:00",TRUE,500758.076073922,8033290.38925054
17012,"2017-09-20 07:03:08","2017-09-02 23:15:00",TRUE,500300.110296722,8032527.4236459
17012,"2017-09-20 08:03:08","2017-09-02 23:15:00",TRUE,501988.522868518,8035368.08711871
17012,"2017-09-20 09:03:08","2017-09-02 23:15:00",TRUE,502711.660871986,8037589.14467496
17012,"2017-09-20 10:03:08","2017-09-02 23:15:00",TRUE,500238.411893311,8035727.82122708
17012,"2017-09-20 11:03:08","2017-09-02 23:15:00",TRUE,500904.449266591,8032427.01002869
17012,"2017-09-20 12:03:08","2017-09-02 23:15:00",TRUE,499418.81201704,8031884.70831821
17012,"2017-09-20 13:03:08","2017-09-02 23:15:00",TRUE,501194.346929275,8033048.58541432
17012,"2017-09-20 14:03:08","2017-09-02 23:15:00",TRUE,501683.920231468,8033301.38107373
17012,"2017-09-20 15:03:08","2017-09-02 23:15:00",TRUE,500640.330147662,8034829.31071144
17012,"2017-09-20 16:03:08","2017-09-02 23:15:00",TRUE,502146.275223819,8034874.59983963
17012,"2017-09-20 17:03:08","2017-09-02 23:15:00",TRUE,502091.08950878,8036721.00995363
17012,"2017-09-20 18:03:08","2017-09-02 23:15:00",TRUE,504629.941213702,8041653.29883672
17012,"2017-09-21 00:57:18","2017-09-02 23:15:00",TRUE,518112.280412083,8040100.90582824
17012,"2017-09-21 01:57:18","2017-09-02 23:15:00",TRUE,519241.912035829,8035545.54238197
17012,"2017-09-21 02:57:18","2017-09-02 23:15:00",TRUE,518183.25076027,8030514.58308275
17012,"2017-09-21 03:57:18","2017-09-02 23:15:00",TRUE,516037.131413025,8028010.90837489
17012,"2017-09-21 04:57:18","2017-09-02 23:15:00",TRUE,516421.739070568,8025378.98556817
17012,"2017-09-21 05:57:18","2017-09-02 23:15:00",TRUE,519078.033798477,8021229.45851914
17012,"2017-09-21 06:57:18","2017-09-02 23:15:00",TRUE,520879.046233294,8018482.35181032
17012,"2017-09-21 07:57:18","2017-09-02 23:15:00",TRUE,522590.256702335,8021770.88458362
17012,"2017-09-21 08:57:18","2017-09-02 23:15:00",TRUE,522031.87951693,8026929.80244496
17012,"2017-09-21 09:57:18","2017-09-02 23:15:00",TRUE,521420.979794012,8030394.99624217
17012,"2017-09-21 10:57:18","2017-09-02 23:15:00",TRUE,522586.575537281,8034878.1145557
17012,"2017-09-21 11:57:18","2017-09-02 23:15:00",TRUE,518197.539159896,8036068.32949197
17012,"2017-09-21 12:57:18","2017-09-02 23:15:00",TRUE,519674.694858446,8035972.1129182
17012,"2017-09-21 13:57:18","2017-09-02 23:15:00",TRUE,521420.787582373,8033691.0239888
17012,"2017-09-21 14:57:18","2017-09-02 23:15:00",TRUE,519811.389417432,8030839.02973163
17012,"2017-09-21 15:57:18","2017-09-02 23:15:00",TRUE,518403.889367085,8029708.46899336
17012,"2017-09-21 16:57:18","2017-09-02 23:15:00",TRUE,517725.595824184,8030085.27013627
17012,"2017-09-21 17:57:18","2017-09-02 23:15:00",TRUE,518004.857236484,8030814.50069098
17012,"2017-09-22 07:51:32","2017-09-02 23:15:00",TRUE,521277.835573657,8039808.24296339
17012,"2017-09-22 08:51:32","2017-09-02 23:15:00",TRUE,522116.689686177,8044214.28062282
17012,"2017-09-22 09:51:32","2017-09-02 23:15:00",TRUE,523730.132880542,8046363.4248307
17012,"2017-09-22 10:51:32","2017-09-02 23:15:00",TRUE,525597.690119315,8049509.81150026
17012,"2017-09-22 11:51:32","2017-09-02 23:15:00",TRUE,523520.988417524,8050052.22552282
17012,"2017-09-22 12:51:32","2017-09-02 23:15:00",TRUE,522174.698682885,8047538.76498164
17012,"2017-09-22 13:51:32","2017-09-02 23:15:00",TRUE,521555.010408469,8044288.89035962
17012,"2017-09-22 14:51:32","2017-09-02 23:15:00",TRUE,521752.331408062,8042022.94181595
17012,"2017-09-22 15:51:32","2017-09-02 23:15:00",TRUE,521951.709289015,8044275.11915433
17012,"2017-09-22 16:51:32","2017-09-02 23:15:00",TRUE,522374.563119204,8046044.07825029
17012,"2017-09-22 17:51:32","2017-09-02 23:15:00",TRUE,524405.91552446,8048845.2718888
17012,"2017-09-22 18:51:32","2017-09-02 23:15:00",TRUE,526342.743161809,8052454.76618895
17012,"2017-09-22 19:51:32","2017-09-02 23:15:00",TRUE,528904.965136675,8054482.28743134
17012,"2017-09-23 00:06:34","2017-09-02 23:15:00",TRUE,533854.940272698,8056257.06832533
17012,"2017-09-23 01:06:34","2017-09-02 23:15:00",TRUE,534273.692309375,8056193.40815763
17012,"2017-09-23 02:06:34","2017-09-02 23:15:00",TRUE,534681.899547998,8055576.09738078
17012,"2017-09-23 03:06:34","2017-09-02 23:15:00",TRUE,534274.977007597,8056117.99341453
17012,"2017-09-23 04:06:34","2017-09-02 23:15:00",TRUE,535704.622244553,8056837.38521638
17012,"2017-09-23 09:43:15","2017-09-02 23:15:00",TRUE,533598.190906097,8054646.20227153
17012,"2017-09-23 10:43:15","2017-09-02 23:15:00",TRUE,531630.488381974,8053278.73523537
17012,"2017-09-23 11:43:15","2017-09-02 23:15:00",TRUE,530456.813129867,8052832.93707951
17012,"2017-09-23 12:43:15","2017-09-02 23:15:00",TRUE,529707.854515546,8054913.24584424
17012,"2017-09-23 13:43:15","2017-09-02 23:15:00",TRUE,529027.518620213,8055218.21741277
17012,"2017-09-23 14:43:15","2017-09-02 23:15:00",TRUE,529900.872791883,8054635.68558061
17012,"2017-09-23 15:43:15","2017-09-02 23:15:00",TRUE,531188.966947376,8055338.49806715
17012,"2017-09-23 16:43:15","2017-09-02 23:15:00",TRUE,533420.147495769,8056800.82830103
17012,"2017-09-23 17:43:15","2017-09-02 23:15:00",TRUE,534809.40446408,8058805.53413593
17012,"2017-09-23 18:43:15","2017-09-02 23:15:00",TRUE,536585.810207684,8058547.96590625
17012,"2017-09-24 00:36:18","2017-09-02 23:15:00",TRUE,554808.389780679,8062869.59046377
17012,"2017-09-24 01:36:18","2017-09-02 23:15:00",TRUE,557187.603436848,8065203.58712038
17012,"2017-09-24 02:36:18","2017-09-02 23:15:00",TRUE,559293.465029398,8067301.97162564
17012,"2017-09-24 03:36:18","2017-09-02 23:15:00",TRUE,560366.981553501,8068685.21376511
17012,"2017-09-24 04:36:18","2017-09-02 23:15:00",TRUE,561404.542289302,8069865.17767334
17012,"2017-09-24 05:36:18","2017-09-02 23:15:00",TRUE,562062.580798252,8070697.18701946
17012,"2017-09-24 10:01:32","2017-09-02 23:15:00",TRUE,552540.23577147,8066078.24923999
17012,"2017-09-24 11:01:32","2017-09-02 23:15:00",TRUE,547111.011296484,8064430.65283259
17012,"2017-09-24 12:01:32","2017-09-02 23:15:00",TRUE,541396.101418446,8062744.27505451
17012,"2017-09-24 13:01:32","2017-09-02 23:15:00",TRUE,538184.829665038,8060605.43067997
17012,"2017-09-24 14:01:32","2017-09-02 23:15:00",TRUE,538026.837084027,8057820.08275346
17012,"2017-09-24 15:01:32","2017-09-02 23:15:00",TRUE,540419.624224373,8055275.97747738
17012,"2017-09-24 16:01:32","2017-09-02 23:15:00",TRUE,542203.109005505,8056805.56275347
17012,"2017-09-24 17:01:32","2017-09-02 23:15:00",TRUE,545948.418687135,8055221.14744573
17012,"2017-09-24 18:01:32","2017-09-02 23:15:00",TRUE,546209.22853185,8058441.55040435
17012,"2017-09-25 00:24:33","2017-09-02 23:15:00",TRUE,557874.643829157,8067096.51495255
17012,"2017-09-25 01:24:33","2017-09-02 23:15:00",TRUE,559971.650190221,8069939.07368045
17012,"2017-09-25 02:24:33","2017-09-02 23:15:00",TRUE,563197.166763643,8071919.45375611
17012,"2017-09-25 03:24:33","2017-09-02 23:15:00",TRUE,567066.361520462,8073293.37790688
17012,"2017-09-25 04:24:33","2017-09-02 23:15:00",TRUE,570559.720784348,8075367.93202314
17012,"2017-09-25 05:24:33","2017-09-02 23:15:00",TRUE,573672.69623049,8077541.78016334
17012,"2017-09-25 06:24:33","2017-09-02 23:15:00",TRUE,576151.384341451,8079265.17767542
17012,"2017-09-25 07:24:33","2017-09-02 23:15:00",TRUE,578477.7399058,8081150.07019862
17012,"2017-09-25 08:24:33","2017-09-02 23:15:00",TRUE,580478.032270573,8081863.47076377
17012,"2017-09-25 09:24:33","2017-09-02 23:15:00",TRUE,580466.189238545,8081211.60599213
17012,"2017-09-25 10:24:33","2017-09-02 23:15:00",TRUE,578837.596164166,8081136.86836943
17012,"2017-09-25 11:24:33","2017-09-02 23:15:00",TRUE,576953.606024085,8080929.99256536
17012,"2017-09-25 12:24:33","2017-09-02 23:15:00",TRUE,576602.435074455,8081405.09830659
17012,"2017-09-25 13:24:33","2017-09-02 23:15:00",TRUE,573617.914430644,8079563.5920754
17012,"2017-09-25 14:24:33","2017-09-02 23:15:00",TRUE,568092.794289347,8077040.26891806
17012,"2017-09-25 15:24:33","2017-09-02 23:15:00",TRUE,562186.822807843,8072286.11485631
17012,"2017-09-25 16:24:33","2017-09-02 23:15:00",TRUE,558947.259512182,8068940.38576686
17012,"2017-09-25 17:24:33","2017-09-02 23:15:00",TRUE,561022.040483385,8069078.69190561
17012,"2017-09-26 00:22:18","2017-09-02 23:15:00",TRUE,574325.332247082,8077399.47188936
17012,"2017-09-26 01:22:18","2017-09-02 23:15:00",TRUE,577004.943858775,8080075.2125377
17012,"2017-09-26 02:22:18","2017-09-02 23:15:00",TRUE,578789.610782841,8082768.9974846
17012,"2017-09-26 03:22:18","2017-09-02 23:15:00",TRUE,584341.898699938,8084893.48417048
17012,"2017-09-26 04:22:18","2017-09-02 23:15:00",TRUE,586494.383817995,8085823.15099476
17012,"2017-09-26 05:22:18","2017-09-02 23:15:00",TRUE,588660.61385828,8086825.54186448
17012,"2017-09-26 06:22:18","2017-09-02 23:15:00",TRUE,591201.602201832,8087556.97791743
17012,"2017-09-26 07:22:18","2017-09-02 23:15:00",TRUE,593253.257225417,8089513.25741143
17012,"2017-09-26 08:22:18","2017-09-02 23:15:00",TRUE,591793.87165032,8089063.68769363
17012,"2017-09-26 09:22:18","2017-09-02 23:15:00",TRUE,594849.257430354,8088592.80906545
17012,"2017-09-26 10:22:18","2017-09-02 23:15:00",TRUE,595448.144951578,8088663.70391493
17012,"2017-09-26 11:22:18","2017-09-02 23:15:00",TRUE,593945.50060249,8088536.21929694
17012,"2017-09-26 12:22:18","2017-09-02 23:15:00",TRUE,592087.828074153,8088617.72288
17012,"2017-09-26 13:22:18","2017-09-02 23:15:00",TRUE,589092.397253151,8088435.21927785
17012,"2017-09-26 14:22:18","2017-09-02 23:15:00",TRUE,585757.912297196,8086859.00791144
17012,"2017-09-26 15:22:18","2017-09-02 23:15:00",TRUE,583885.870541994,8084519.41669305
17012,"2017-09-26 16:22:18","2017-09-02 23:15:00",TRUE,584097.650338379,8084918.88607655
17012,"2017-09-26 17:22:18","2017-09-02 23:15:00",TRUE,584145.648999228,8084093.6394079
17012,"2017-09-26 18:22:18","2017-09-02 23:15:00",TRUE,586825.496576765,8081133.20028571
17012,"2017-09-26 19:22:18","2017-09-02 23:15:00",TRUE,590575.454918952,8081677.30210087
17012,"2017-09-27 08:32:32","2017-09-02 23:15:00",TRUE,602701.652247466,8088767.21280106
17012,"2017-09-27 09:32:32","2017-09-02 23:15:00",TRUE,602151.725679435,8089547.48999423
17012,"2017-09-27 10:32:32","2017-09-02 23:15:00",TRUE,600712.805719244,8090007.77548111
17012,"2017-09-27 11:32:32","2017-09-02 23:15:00",TRUE,600013.582601743,8089359.77308402
17012,"2017-09-27 12:32:32","2017-09-02 23:15:00",TRUE,597490.950130497,8089971.6687283
17012,"2017-09-27 13:32:32","2017-09-02 23:15:00",TRUE,594250.423893907,8090103.25105941
17012,"2017-09-27 14:32:32","2017-09-02 23:15:00",TRUE,590811.377473216,8089034.46219218
17012,"2017-09-27 15:32:32","2017-09-02 23:15:00",TRUE,588002.610967239,8087245.24794805
17012,"2017-09-27 16:32:32","2017-09-02 23:15:00",TRUE,585009.53903372,8085758.11373082
17012,"2017-09-27 17:32:32","2017-09-02 23:15:00",TRUE,584553.701013426,8084349.81165636
17012,"2017-09-27 18:32:32","2017-09-02 23:15:00",TRUE,592222.802307892,8085382.53643118
17012,"2017-09-27 19:32:32","2017-09-02 23:15:00",TRUE,598693.280179022,8086570.97345083
17012,"2017-09-28 00:00:10","2017-09-02 23:15:00",TRUE,589733.851396163,8086759.72829597
17012,"2017-09-28 01:00:10","2017-09-02 23:15:00",TRUE,587443.299178151,8085104.39980539
17012,"2017-09-28 02:00:10","2017-09-02 23:15:00",TRUE,587028.993246531,8085858.87904432
17012,"2017-09-28 03:00:10","2017-09-02 23:15:00",TRUE,587378.67130225,8085667.29090279
17012,"2017-09-28 04:00:10","2017-09-02 23:15:00",TRUE,585212.807603764,8085001.96546478
17012,"2017-09-28 05:00:10","2017-09-02 23:15:00",TRUE,583362.654681363,8084594.37349629
17012,"2017-09-28 06:00:10","2017-09-02 23:15:00",TRUE,586575.037464997,8084734.79440753
17012,"2017-09-28 07:00:10","2017-09-02 23:15:00",TRUE,587072.150452788,8086609.93203094
17012,"2017-09-28 08:00:10","2017-09-02 23:15:00",TRUE,585557.206861364,8084690.13832095
17012,"2017-09-28 15:00:35","2017-09-02 23:15:00",TRUE,579470.21271844,8082109.87107733
17012,"2017-09-28 16:00:35","2017-09-02 23:15:00",TRUE,577268.872512919,8080999.40594263
17012,"2017-09-28 17:00:35","2017-09-02 23:15:00",TRUE,574444.360803553,8079981.37131192
17012,"2017-09-28 18:00:35","2017-09-02 23:15:00",TRUE,578481.321809409,8083822.90519597
17012,"2017-09-28 19:00:35","2017-09-02 23:15:00",TRUE,584395.541051901,8086113.1273123
17012,"2017-09-29 00:00:05","2017-09-02 23:15:00",TRUE,583934.600457652,8082663.00756605
17012,"2017-09-29 01:00:05","2017-09-02 23:15:00",TRUE,584291.348445579,8083102.59040198
17012,"2017-09-29 02:00:05","2017-09-02 23:15:00",TRUE,583882.019794153,8080494.51262172
17012,"2017-09-29 03:00:05","2017-09-02 23:15:00",TRUE,582656.475448705,8079133.43278397
17012,"2017-09-29 04:00:05","2017-09-02 23:15:00",TRUE,578602.976864927,8078266.6958315
17012,"2017-09-29 05:00:05","2017-09-02 23:15:00",TRUE,577785.43589492,8078539.39994443
17012,"2017-09-29 06:00:05","2017-09-02 23:15:00",TRUE,582660.143779335,8077998.18036938
17012,"2017-09-29 07:00:05","2017-09-02 23:15:00",TRUE,583880.811978718,8077221.09915451
17012,"2017-09-29 08:00:05","2017-09-02 23:15:00",TRUE,581781.240423806,8081444.63327026
17012,"2017-09-29 09:00:05","2017-09-02 23:15:00",TRUE,582494.804326486,8082595.53031461
17012,"2017-09-29 10:00:05","2017-09-02 23:15:00",TRUE,586454.202599711,8083537.78209771
17012,"2017-09-29 11:00:05","2017-09-02 23:15:00",TRUE,585651.379647302,8083254.26186127
17012,"2017-09-29 12:00:05","2017-09-02 23:15:00",TRUE,584054.196351704,8082544.11713737
17012,"2017-09-29 13:00:05","2017-09-02 23:15:00",TRUE,585161.813920447,8083300.78924761
17012,"2017-09-29 14:00:05","2017-09-02 23:15:00",TRUE,590378.676373347,8087639.25595372
17012,"2017-09-29 15:00:05","2017-09-02 23:15:00",TRUE,597367.097410189,8090051.71520591
17012,"2017-09-29 16:00:05","2017-09-02 23:15:00",TRUE,604126.139807587,8090726.75915456
17012,"2017-09-29 17:00:05","2017-09-02 23:15:00",TRUE,611519.566077551,8091571.50626925
17012,"2017-09-30 08:18:06","2017-09-02 23:15:00",TRUE,533600.520863416,8078142.22477827
17012,"2017-09-30 09:18:06","2017-09-02 23:15:00",TRUE,528704.851196059,8078350.08041192
17012,"2017-09-30 10:18:06","2017-09-02 23:15:00",TRUE,524557.910830048,8080849.2767693
17012,"2017-09-30 11:18:06","2017-09-02 23:15:00",TRUE,520239.343858472,8083365.10726363
17012,"2017-09-30 12:18:06","2017-09-02 23:15:00",TRUE,516301.272355867,8087685.08629143
17012,"2017-09-30 13:18:06","2017-09-02 23:15:00",TRUE,515505.570428909,8093399.68205738
17012,"2017-09-30 14:18:06","2017-09-02 23:15:00",TRUE,516273.64528457,8096699.27867114
17012,"2017-09-30 15:18:06","2017-09-02 23:15:00",TRUE,515333.049993969,8102298.3454286
17012,"2017-09-30 16:18:06","2017-09-02 23:15:00",TRUE,515754.198529657,8109736.57541039
17012,"2017-09-30 17:18:06","2017-09-02 23:15:00",TRUE,514122.196821931,8116895.40476891
17012,"2017-10-01 00:13:00","2017-09-02 23:15:00",TRUE,493953.219112245,8131691.08637141
17012,"2017-10-01 01:13:00","2017-09-02 23:15:00",TRUE,496242.57642733,8134291.2045756
17012,"2017-10-01 02:13:00","2017-09-02 23:15:00",TRUE,496677.807542941,8136096.0366645
17012,"2017-10-01 03:13:00","2017-09-02 23:15:00",TRUE,495355.607418699,8138608.78550328
17012,"2017-10-01 04:13:00","2017-09-02 23:15:00",TRUE,496558.942210881,8142452.29586985
17012,"2017-10-01 05:13:00","2017-09-02 23:15:00",TRUE,498484.562397315,8146125.41917167
17012,"2017-10-01 06:13:00","2017-09-02 23:15:00",TRUE,498569.972459448,8149593.50419693
17012,"2017-10-01 07:13:00","2017-09-02 23:15:00",TRUE,498936.681400283,8153005.73185583
17012,"2017-10-01 14:41:22","2017-09-02 23:15:00",TRUE,494181.280013563,8167065.49414507
17012,"2017-10-01 15:41:22","2017-09-02 23:15:00",TRUE,494276.271635274,8164089.58384473
17012,"2017-10-01 16:41:22","2017-09-02 23:15:00",TRUE,493400.989971456,8162732.0209102
17012,"2017-10-01 17:41:22","2017-09-02 23:15:00",TRUE,494955.343649225,8162299.12669718
17012,"2017-10-01 18:41:22","2017-09-02 23:15:00",TRUE,495089.778968928,8162910.02002088
17012,"2017-10-01 19:41:22","2017-09-02 23:15:00",TRUE,495411.062658707,8163462.40476311
17013,"2017-09-04 02:58:13","2017-09-03 02:54:00",FALSE,500750.273916059,8030716.93439304
17013,"2017-09-04 03:58:13","2017-09-03 02:54:00",FALSE,502865.792828616,8035061.436707
17013,"2017-09-04 04:58:13","2017-09-03 02:54:00",FALSE,503820.741191239,8038750.49766232
17013,"2017-09-04 05:58:13","2017-09-03 02:54:00",FALSE,505047.49777794,8040318.64602788
17013,"2017-09-04 06:58:13","2017-09-03 02:54:00",FALSE,500989.668973625,8037880.0244701
17013,"2017-09-04 07:58:13","2017-09-03 02:54:00",FALSE,498427.532442074,8032039.75268834
17013,"2017-09-04 08:58:13","2017-09-03 02:54:00",FALSE,495366.354326952,8027425.2299844
17013,"2017-09-04 09:58:13","2017-09-03 02:54:00",FALSE,493983.159835963,8022143.18501766
17013,"2017-09-04 10:58:13","2017-09-03 02:54:00",FALSE,491445.461044978,8019846.20153795
17013,"2017-09-04 11:58:13","2017-09-03 02:54:00",FALSE,490426.540897167,8017381.87740274
17013,"2017-09-04 12:58:13","2017-09-03 02:54:00",FALSE,491024.760255501,8017799.29108232
17013,"2017-09-04 13:58:13","2017-09-03 02:54:00",FALSE,492817.15793155,8019052.88261025
17013,"2017-09-04 14:58:13","2017-09-03 02:54:00",FALSE,495136.766792451,8022076.65854451
17013,"2017-09-04 15:58:13","2017-09-03 02:54:00",FALSE,495705.908673818,8024125.57728129
17013,"2017-09-04 16:58:13","2017-09-03 02:54:00",FALSE,496122.760919023,8025424.15735734
17013,"2017-09-05 00:03:03","2017-09-03 02:54:00",FALSE,491476.037709821,8019245.39848485
17013,"2017-09-05 01:03:03","2017-09-03 02:54:00",FALSE,492748.193100868,8020147.60918938
17013,"2017-09-05 02:03:03","2017-09-03 02:54:00",FALSE,495137.377462876,8023115.61283988
17013,"2017-09-05 03:03:03","2017-09-03 02:54:00",FALSE,495209.389180193,8024145.13282676
17013,"2017-09-05 04:03:03","2017-09-03 02:54:00",FALSE,497027.669458886,8027633.61152131
17013,"2017-09-05 05:03:03","2017-09-03 02:54:00",FALSE,499907.18646897,8030874.05140391
17013,"2017-09-05 06:03:03","2017-09-03 02:54:00",FALSE,502078.921253764,8034715.32065188
17013,"2017-09-05 07:03:03","2017-09-03 02:54:00",FALSE,502895.148482355,8038595.75534422
17013,"2017-09-05 09:03:03","2017-09-03 02:54:00",FALSE,498812.385642158,8030655.60188475
17013,"2017-09-05 10:03:03","2017-09-03 02:54:00",FALSE,499383.464828921,8030780.95274666
17013,"2017-09-05 11:03:03","2017-09-03 02:54:00",FALSE,495453.353498232,8027394.40639452
17013,"2017-09-05 12:03:03","2017-09-03 02:54:00",FALSE,494219.921124206,8022856.32296705
17013,"2017-09-05 13:03:03","2017-09-03 02:54:00",FALSE,494471.556242054,8021548.6980679
17013,"2017-09-05 14:03:03","2017-09-03 02:54:00",FALSE,492723.521353974,8020631.95783615
17013,"2017-09-05 15:03:03","2017-09-03 02:54:00",FALSE,491052.419088099,8017661.19133543
17013,"2017-09-05 16:03:03","2017-09-03 02:54:00",FALSE,492051.088976065,8019232.34857956
17013,"2017-09-05 17:03:03","2017-09-03 02:54:00",FALSE,494133.391216599,8021240.92643237
17013,"2017-09-06 00:00:57","2017-09-03 02:54:00",FALSE,505562.073535872,8039603.53551168
17013,"2017-09-06 01:00:57","2017-09-03 02:54:00",FALSE,508564.374241754,8042273.64395152
17013,"2017-09-06 02:00:57","2017-09-03 02:54:00",FALSE,510280.594664031,8045037.4845575
17013,"2017-09-06 03:00:57","2017-09-03 02:54:00",FALSE,510217.223582971,8047373.24601789
17013,"2017-09-06 04:00:57","2017-09-03 02:54:00",FALSE,512685.000982082,8048771.36893542
17013,"2017-09-06 05:00:57","2017-09-03 02:54:00",FALSE,512773.792076324,8050098.8274334
17013,"2017-09-06 06:00:57","2017-09-03 02:54:00",FALSE,515305.895329733,8050166.76032309
17013,"2017-09-06 07:00:57","2017-09-03 02:54:00",FALSE,513788.258619583,8049326.52681663
17013,"2017-09-06 08:00:57","2017-09-03 02:54:00",FALSE,514884.487855043,8048145.14045046
17013,"2017-09-06 09:00:57","2017-09-03 02:54:00",FALSE,515543.887325891,8050373.4246418
17013,"2017-09-06 10:00:57","2017-09-03 02:54:00",FALSE,514869.506807157,8051565.34094993
17013,"2017-09-06 11:00:57","2017-09-03 02:54:00",FALSE,509835.045589328,8048815.7456898
17013,"2017-09-06 12:00:57","2017-09-03 02:54:00",FALSE,506449.632120674,8043913.63600954
17013,"2017-09-06 13:00:57","2017-09-03 02:54:00",FALSE,502743.315142496,8039156.21493007
17013,"2017-09-06 14:00:57","2017-09-03 02:54:00",FALSE,502174.949288069,8035818.29267238
17013,"2017-09-06 15:00:57","2017-09-03 02:54:00",FALSE,502980.411453518,8038838.87694434
17013,"2017-09-06 16:00:57","2017-09-03 02:54:00",FALSE,502720.068543134,8038507.19621928
17013,"2017-09-06 17:00:57","2017-09-03 02:54:00",FALSE,503411.531840828,8039404.39046442
17013,"2017-09-06 18:00:57","2017-09-03 02:54:00",FALSE,506396.882016652,8040712.84490996
17013,"2017-09-06 19:00:57","2017-09-03 02:54:00",FALSE,509440.202485044,8044578.64123333
17013,"2017-09-07 02:34:43","2017-09-03 02:54:00",FALSE,513475.830644181,8029601.68726481
17013,"2017-09-07 03:34:43","2017-09-03 02:54:00",FALSE,509236.412877475,8023509.4261642
17013,"2017-09-07 04:34:43","2017-09-03 02:54:00",FALSE,506227.821877062,8017115.57854022
17013,"2017-09-07 05:34:43","2017-09-03 02:54:00",FALSE,505897.096534925,8010718.70235324
17013,"2017-09-07 06:34:43","2017-09-03 02:54:00",FALSE,508362.011122734,8005435.95029124
17013,"2017-09-07 07:34:43","2017-09-03 02:54:00",FALSE,513597.688982363,8001065.19995845
17013,"2017-09-07 08:34:43","2017-09-03 02:54:00",FALSE,515896.16874448,7996018.8790271
17013,"2017-09-07 09:34:43","2017-09-03 02:54:00",FALSE,512235.344105926,7995634.30392399
17013,"2017-09-07 10:34:43","2017-09-03 02:54:00",FALSE,506008.360644897,7996792.65812371
17013,"2017-09-07 11:34:43","2017-09-03 02:54:00",FALSE,502084.359404493,7995452.6443951
17013,"2017-09-07 12:34:43","2017-09-03 02:54:00",FALSE,501159.195334296,7994874.71427714
17013,"2017-09-07 13:34:43","2017-09-03 02:54:00",FALSE,503174.761280193,7995866.24422792
17013,"2017-09-07 14:34:43","2017-09-03 02:54:00",FALSE,507232.168216401,7996407.44314435
17013,"2017-09-07 15:34:43","2017-09-03 02:54:00",FALSE,511066.993568333,7995138.40718221
17013,"2017-09-07 16:34:43","2017-09-03 02:54:00",FALSE,515089.642779325,7994294.09198312
17013,"2017-09-07 17:34:43","2017-09-03 02:54:00",FALSE,512919.829020271,7993932.3421041
17013,"2017-09-08 00:11:00","2017-09-03 02:54:00",FALSE,505711.929311029,7981266.28689094
17013,"2017-09-08 01:11:00","2017-09-03 02:54:00",FALSE,506710.748300014,7984032.92066561
17013,"2017-09-08 02:11:00","2017-09-03 02:54:00",FALSE,506998.41304113,7988715.28471087
17013,"2017-09-08 03:11:00","2017-09-03 02:54:00",FALSE,507749.389786399,7994030.06071897
17013,"2017-09-08 04:11:00","2017-09-03 02:54:00",FALSE,509793.117991018,7996829.91716247
17013,"2017-09-08 05:11:00","2017-09-03 02:54:00",FALSE,505446.314023535,7995864.74891289
17013,"2017-09-08 06:11:00","2017-09-03 02:54:00",FALSE,502397.152032266,7993477.84209193
17013,"2017-09-08 07:11:00","2017-09-03 02:54:00",FALSE,505148.398264116,7994937.86171228
17013,"2017-09-08 08:11:00","2017-09-03 02:54:00",FALSE,507188.368151465,7989748.96680708
17013,"2017-09-08 09:11:00","2017-09-03 02:54:00",FALSE,506310.496409758,7983554.04798865
17013,"2017-09-08 10:11:00","2017-09-03 02:54:00",FALSE,504536.80688217,7979463.89861794
17013,"2017-09-08 11:11:00","2017-09-03 02:54:00",FALSE,504095.50514992,7979706.87831018
17013,"2017-09-08 12:11:00","2017-09-03 02:54:00",FALSE,505670.557240066,7980767.46156794
17013,"2017-09-08 13:11:00","2017-09-03 02:54:00",FALSE,506814.012024928,7981941.01877587
17013,"2017-09-08 14:11:00","2017-09-03 02:54:00",FALSE,507637.337835039,7985949.92338565
17013,"2017-09-08 15:11:00","2017-09-03 02:54:00",FALSE,506708.164914402,7984562.80838075
17013,"2017-09-08 16:11:00","2017-09-03 02:54:00",FALSE,504757.551010336,7980005.78898506
17013,"2017-09-08 17:11:00","2017-09-03 02:54:00",FALSE,505937.876738718,7980769.21714324
17013,"2017-09-09 00:02:04","2017-09-03 02:54:00",FALSE,516502.5091857,7994753.80009025
17013,"2017-09-09 01:02:04","2017-09-03 02:54:00",FALSE,518661.50631887,7996751.08747886
17013,"2017-09-09 02:02:04","2017-09-03 02:54:00",FALSE,518094.466773216,8000537.86566518
17013,"2017-09-09 03:02:04","2017-09-03 02:54:00",FALSE,517533.688916016,8003297.26688576
17013,"2017-09-09 04:02:04","2017-09-03 02:54:00",FALSE,517281.791098364,8007567.46771263
17013,"2017-09-09 05:02:04","2017-09-03 02:54:00",FALSE,515513.998354844,8010544.12612335
17013,"2017-09-09 06:02:04","2017-09-03 02:54:00",FALSE,511005.161421474,8010610.91583476
17013,"2017-09-09 07:02:04","2017-09-03 02:54:00",FALSE,507412.7404202,8013909.74534763
17013,"2017-09-09 08:02:04","2017-09-03 02:54:00",FALSE,506423.85641628,8016654.78820093
17013,"2017-09-09 09:02:04","2017-09-03 02:54:00",FALSE,507263.787356495,8017219.0776456
17013,"2017-09-09 10:02:04","2017-09-03 02:54:00",FALSE,507740.249631082,8019492.64136233
17013,"2017-09-09 11:02:04","2017-09-03 02:54:00",FALSE,508951.059336644,8022333.59162527
17013,"2017-09-09 12:02:04","2017-09-03 02:54:00",FALSE,511337.90466928,8024243.02659958
17013,"2017-09-09 13:02:04","2017-09-03 02:54:00",FALSE,512548.356565271,8027142.43100345
17013,"2017-09-09 14:02:04","2017-09-03 02:54:00",FALSE,513143.488832655,8027152.99042143
17013,"2017-09-09 15:02:04","2017-09-03 02:54:00",FALSE,514191.275639955,8027691.30824453
17013,"2017-09-09 16:02:04","2017-09-03 02:54:00",FALSE,515048.207260707,8028424.29688727
17013,"2017-09-09 17:02:04","2017-09-03 02:54:00",FALSE,515989.330423491,8029409.54435871
17013,"2017-09-09 18:02:04","2017-09-03 02:54:00",FALSE,516553.804093358,8029526.44505361
17013,"2017-09-09 19:02:04","2017-09-03 02:54:00",FALSE,515585.958048777,8030630.12154254
17013,"2017-09-10 01:04:06","2017-09-03 02:54:00",FALSE,518723.739050035,8030702.67662876
17013,"2017-09-10 02:04:06","2017-09-03 02:54:00",FALSE,516635.876862139,8033072.4169868
17013,"2017-09-10 03:04:06","2017-09-03 02:54:00",FALSE,517769.275663669,8037594.68693113
17013,"2017-09-10 04:04:06","2017-09-03 02:54:00",FALSE,518374.469743797,8041014.00385815
17013,"2017-09-10 05:04:06","2017-09-03 02:54:00",FALSE,517038.619509798,8037930.99463027
17013,"2017-09-10 07:04:06","2017-09-03 02:54:00",FALSE,511696.357416999,8027677.46028761
17013,"2017-09-10 08:04:06","2017-09-03 02:54:00",FALSE,508624.350696948,8021756.80934919
17013,"2017-09-10 09:04:06","2017-09-03 02:54:00",FALSE,505555.002332751,8015525.3071908
17013,"2017-09-10 10:04:06","2017-09-03 02:54:00",FALSE,505501.695997802,8011660.8858893
17013,"2017-09-10 12:04:06","2017-09-03 02:54:00",FALSE,502611.062820757,8010864.51717413
17013,"2017-09-10 13:04:06","2017-09-03 02:54:00",FALSE,502252.408068919,8010819.26964787
17013,"2017-09-10 14:04:06","2017-09-03 02:54:00",FALSE,503566.451272476,8010350.24891556
17013,"2017-09-10 15:04:06","2017-09-03 02:54:00",FALSE,504212.341564195,8010332.60373957
17013,"2017-09-10 16:04:06","2017-09-03 02:54:00",FALSE,503043.003992442,8010982.19221136
17013,"2017-09-10 17:04:06","2017-09-03 02:54:00",FALSE,504424.155629168,8010279.75450977
17013,"2017-09-10 18:04:06","2017-09-03 02:54:00",FALSE,507204.600228393,8012798.10097215
17013,"2017-09-10 19:04:06","2017-09-03 02:54:00",FALSE,508134.996528973,8016473.78323502
17013,"2017-09-10 20:04:06","2017-09-03 02:54:00",FALSE,506191.821370896,8012980.33914249
17013,"2017-09-11 01:11:35","2017-09-03 02:54:00",FALSE,502114.495975668,8011010.5816178
17013,"2017-09-11 02:11:35","2017-09-03 02:54:00",FALSE,502494.862728466,8010517.78956385
17013,"2017-09-11 03:11:35","2017-09-03 02:54:00",FALSE,502574.554170095,8010668.944202
17013,"2017-09-11 04:11:35","2017-09-03 02:54:00",FALSE,503787.8327447,8010252.63472852
17013,"2017-09-11 05:11:35","2017-09-03 02:54:00",FALSE,506103.156379091,8008262.50763502
17013,"2017-09-11 06:11:35","2017-09-03 02:54:00",FALSE,509704.719635718,8004451.04980284
17013,"2017-09-11 07:11:35","2017-09-03 02:54:00",FALSE,513914.168789886,8001008.33317628
17013,"2017-09-11 08:11:35","2017-09-03 02:54:00",FALSE,516217.538292745,7997286.53981439
17013,"2017-09-11 13:28:00","2017-09-03 02:54:00",FALSE,498269.937506935,7994688.78797348
17013,"2017-09-11 14:28:00","2017-09-03 02:54:00",FALSE,498629.317448065,7994424.74908199
17013,"2017-09-11 15:28:00","2017-09-03 02:54:00",FALSE,502135.242779579,7994082.19987922
17013,"2017-09-11 16:28:00","2017-09-03 02:54:00",FALSE,506861.297853711,7994765.61310259
17013,"2017-09-11 17:28:00","2017-09-03 02:54:00",FALSE,510686.916985261,7994943.52937205
17013,"2017-09-12 00:00:20","2017-09-03 02:54:00",FALSE,497726.498565755,7994689.31312481
17013,"2017-09-12 01:00:20","2017-09-03 02:54:00",FALSE,497600.903974364,7994335.13334985
17013,"2017-09-12 02:00:20","2017-09-03 02:54:00",FALSE,498875.699819185,7994519.33324807
17013,"2017-09-12 03:00:20","2017-09-03 02:54:00",FALSE,501185.331914067,7995340.33301739
17013,"2017-09-12 04:00:20","2017-09-03 02:54:00",FALSE,499658.996874467,7994858.51979659
17013,"2017-09-12 05:00:20","2017-09-03 02:54:00",FALSE,499761.660664962,7994980.52321604
17013,"2017-09-12 06:00:20","2017-09-03 02:54:00",FALSE,502541.723771937,7995829.06736584
17013,"2017-09-12 07:00:20","2017-09-03 02:54:00",FALSE,502522.670947572,7995540.26748724
17013,"2017-09-12 08:00:20","2017-09-03 02:54:00",FALSE,506500.989148917,7996501.40851626
17013,"2017-09-12 09:00:20","2017-09-03 02:54:00",FALSE,508584.091420444,7994609.7900047
17013,"2017-09-12 10:00:20","2017-09-03 02:54:00",FALSE,501951.35956322,7994223.61724813
17013,"2017-09-12 11:00:20","2017-09-03 02:54:00",FALSE,499703.178717898,7994780.55848938
17013,"2017-09-12 12:00:20","2017-09-03 02:54:00",FALSE,500277.541693336,7994737.55003602
17013,"2017-09-12 13:00:20","2017-09-03 02:54:00",FALSE,503854.412375975,7997411.44377021
17013,"2017-09-12 14:00:20","2017-09-03 02:54:00",FALSE,506691.357033543,7997895.81930124
17013,"2017-09-12 15:00:20","2017-09-03 02:54:00",FALSE,509340.341707985,7997761.38369002
17013,"2017-09-12 16:00:20","2017-09-03 02:54:00",FALSE,511852.559391859,7995691.60297893
17013,"2017-09-12 17:00:20","2017-09-03 02:54:00",FALSE,512506.152354865,7994855.25085394
17013,"2017-09-12 18:00:20","2017-09-03 02:54:00",FALSE,513132.558264706,7995119.30970046
17013,"2017-09-13 00:14:11","2017-09-03 02:54:00",FALSE,500257.947740255,7994799.62379012
17013,"2017-09-13 01:14:11","2017-09-03 02:54:00",FALSE,504536.108961776,7995930.10873611
17013,"2017-09-13 02:14:11","2017-09-03 02:54:00",FALSE,509170.226293769,7995513.35561081
17013,"2017-09-13 03:14:11","2017-09-03 02:54:00",FALSE,514189.014059291,7994313.17635051
17013,"2017-09-13 04:14:11","2017-09-03 02:54:00",FALSE,517462.793913408,7995579.58023112
17013,"2017-09-13 05:14:11","2017-09-03 02:54:00",FALSE,517198.888089944,7996793.95595264
17013,"2017-09-13 06:14:11","2017-09-03 02:54:00",FALSE,518464.253079438,7994225.39867211
17013,"2017-09-13 07:14:11","2017-09-03 02:54:00",FALSE,515061.696384149,7989484.02024947
17013,"2017-09-13 08:14:11","2017-09-03 02:54:00",FALSE,511964.371278642,7989108.99763031
17013,"2017-09-13 09:14:11","2017-09-03 02:54:00",FALSE,508155.209804065,7984400.61689937
17013,"2017-09-13 10:14:11","2017-09-03 02:54:00",FALSE,504711.425275391,7979385.94066571
17013,"2017-09-13 11:14:11","2017-09-03 02:54:00",FALSE,503247.360446728,7977827.35143975
17013,"2017-09-13 12:14:11","2017-09-03 02:54:00",FALSE,505059.214566062,7977989.75984538
17013,"2017-09-13 13:14:11","2017-09-03 02:54:00",FALSE,504311.988868912,7977396.06959455
17013,"2017-09-13 14:14:11","2017-09-03 02:54:00",FALSE,504590.898278126,7978744.42758719
17013,"2017-09-13 15:14:11","2017-09-03 02:54:00",FALSE,503734.53405575,7978216.17565216
17013,"2017-09-13 16:14:11","2017-09-03 02:54:00",FALSE,506552.202329964,7979354.23043415
17013,"2017-09-13 17:14:11","2017-09-03 02:54:00",FALSE,507459.232896751,7982515.88166301
17013,"2017-09-13 18:14:11","2017-09-03 02:54:00",FALSE,508622.699876949,7983200.74951216
17013,"2017-09-13 19:14:11","2017-09-03 02:54:00",FALSE,507097.802996059,7986653.54324971
17013,"2017-09-14 00:00:36","2017-09-03 02:54:00",FALSE,510922.792115923,7988358.87892834
17013,"2017-09-14 01:00:36","2017-09-03 02:54:00",FALSE,507281.862025718,7987494.95274453
17013,"2017-09-14 02:00:36","2017-09-03 02:54:00",FALSE,506398.200753538,7987697.12410724
17013,"2017-09-14 03:00:36","2017-09-03 02:54:00",FALSE,509176.91337257,7989905.35197938
17013,"2017-09-14 04:00:36","2017-09-03 02:54:00",FALSE,507321.553012549,7993209.05810866
17013,"2017-09-14 05:00:36","2017-09-03 02:54:00",FALSE,507689.203372301,7990920.53534109
17013,"2017-09-14 06:00:36","2017-09-03 02:54:00",FALSE,507564.600552892,7985389.70423098
17013,"2017-09-14 07:00:36","2017-09-03 02:54:00",FALSE,507387.081693201,7981463.32261469
17013,"2017-09-14 09:54:05","2017-09-03 02:54:00",FALSE,502185.082633505,7977277.61015113
17013,"2017-09-14 10:54:05","2017-09-03 02:54:00",FALSE,505482.833505291,7979632.80880311
17013,"2017-09-14 11:54:05","2017-09-03 02:54:00",FALSE,505149.44847273,7980435.92365774
17013,"2017-09-14 12:54:05","2017-09-03 02:54:00",FALSE,506259.234583433,7980970.93549907
17013,"2017-09-14 13:54:05","2017-09-03 02:54:00",FALSE,506391.309972282,7981385.23368442
17013,"2017-09-14 14:54:05","2017-09-03 02:54:00",FALSE,505729.522736735,7979794.94790792
17013,"2017-09-15 00:07:31","2017-09-03 02:54:00",FALSE,515860.854890923,7994101.82204182
17013,"2017-09-15 01:07:31","2017-09-03 02:54:00",FALSE,516532.979629641,7993563.65468693
17013,"2017-09-15 02:07:31","2017-09-03 02:54:00",FALSE,517108.194135098,7994027.63768865
17013,"2017-09-15 03:07:31","2017-09-03 02:54:00",FALSE,517268.100246137,7995197.94729535
17013,"2017-09-15 04:07:31","2017-09-03 02:54:00",FALSE,517860.481162691,7997384.71447938
17013,"2017-09-15 05:07:31","2017-09-03 02:54:00",FALSE,518654.481145076,7999487.46025654
17013,"2017-09-15 06:07:31","2017-09-03 02:54:00",FALSE,518297.989848504,8004133.48733766
17013,"2017-09-15 07:07:31","2017-09-03 02:54:00",FALSE,517640.085547534,8008040.76877112
17013,"2017-09-15 09:51:00","2017-09-03 02:54:00",FALSE,516439.829883555,8016281.91822121
17013,"2017-09-15 10:51:00","2017-09-03 02:54:00",FALSE,514863.843017311,8018998.45093106
17013,"2017-09-15 11:51:00","2017-09-03 02:54:00",FALSE,512736.216235343,8020238.9341801
17013,"2017-09-15 12:51:00","2017-09-03 02:54:00",FALSE,507537.307763042,8016424.67758251
17013,"2017-09-15 13:51:00","2017-09-03 02:54:00",FALSE,506695.547889069,8010615.82407355
17013,"2017-09-15 14:51:00","2017-09-03 02:54:00",FALSE,503542.805318354,8010176.09311461
17013,"2017-09-15 15:51:00","2017-09-03 02:54:00",FALSE,502476.006125287,8010944.41824545
17013,"2017-09-16 06:30:02","2017-09-03 02:54:00",FALSE,509885.423559982,8006100.31603694
17013,"2017-09-16 07:30:02","2017-09-03 02:54:00",FALSE,512491.954204902,8003863.0371588
17013,"2017-09-16 08:30:02","2017-09-03 02:54:00",FALSE,515489.393821058,7999734.47819438
17013,"2017-09-16 09:30:02","2017-09-03 02:54:00",FALSE,514809.384070369,7994669.26503841
17013,"2017-09-16 10:30:02","2017-09-03 02:54:00",FALSE,515553.219368366,7992627.02894655
17013,"2017-09-16 11:30:02","2017-09-03 02:54:00",FALSE,517117.008744834,7993229.09565198
17013,"2017-09-16 12:30:02","2017-09-03 02:54:00",FALSE,518768.659793202,7994331.28297918
17013,"2017-09-16 13:30:02","2017-09-03 02:54:00",FALSE,517263.433368032,7995286.06788389
17013,"2017-09-16 14:30:02","2017-09-03 02:54:00",FALSE,515646.195391533,7994265.61348494
17013,"2017-09-16 15:30:02","2017-09-03 02:54:00",FALSE,516673.707826022,7993128.19657751
17013,"2017-09-16 16:30:02","2017-09-03 02:54:00",FALSE,517869.574593908,7994689.53158245
17013,"2017-09-16 17:30:02","2017-09-03 02:54:00",FALSE,515462.664218263,7989928.7152457
17013,"2017-09-17 02:02:45","2017-09-03 02:54:00",FALSE,522140.388582738,8000089.38720097
17013,"2017-09-17 03:02:45","2017-09-03 02:54:00",FALSE,521080.91780654,7998072.58155721
17013,"2017-09-17 04:02:45","2017-09-03 02:54:00",FALSE,520811.778082815,7997958.97619835
17013,"2017-09-17 05:02:45","2017-09-03 02:54:00",FALSE,518004.387656555,7994829.38570562
17013,"2017-09-17 06:02:45","2017-09-03 02:54:00",FALSE,514722.531936413,7992653.41458322
17013,"2017-09-17 07:02:45","2017-09-03 02:54:00",FALSE,509968.511829379,7989017.67249285
17013,"2017-09-17 08:02:45","2017-09-03 02:54:00",FALSE,508811.597944888,7984411.8224886
17013,"2017-09-17 09:02:45","2017-09-03 02:54:00",FALSE,509055.044301377,7987748.79332228
17013,"2017-09-17 10:02:45","2017-09-03 02:54:00",FALSE,512750.460498855,7991519.69036365
17013,"2017-09-17 11:02:45","2017-09-03 02:54:00",FALSE,516445.646759312,7993119.51989888
17013,"2017-09-17 12:02:45","2017-09-03 02:54:00",FALSE,517951.024802118,7995675.54374557
17013,"2017-09-17 13:02:45","2017-09-03 02:54:00",FALSE,517598.319622956,7996520.76590093
17013,"2017-09-17 14:02:45","2017-09-03 02:54:00",FALSE,518087.809797714,7996487.43155142
17013,"2017-09-17 15:02:45","2017-09-03 02:54:00",FALSE,513853.959787025,7993616.75822323
17013,"2017-09-17 16:02:45","2017-09-03 02:54:00",FALSE,507401.232995427,7994589.85281497
17013,"2017-09-17 17:02:45","2017-09-03 02:54:00",FALSE,503384.312425629,7997051.49699034
17013,"2017-09-18 03:10:02","2017-09-03 02:54:00",FALSE,508170.685333037,7985977.16812955
17013,"2017-09-18 04:10:02","2017-09-03 02:54:00",FALSE,511079.467746255,7988390.3351266
17013,"2017-09-18 05:10:02","2017-09-03 02:54:00",FALSE,515733.919082957,7990854.25665283
17013,"2017-09-18 06:10:02","2017-09-03 02:54:00",FALSE,520305.064552896,7993911.02444115
17013,"2017-09-18 07:10:02","2017-09-03 02:54:00",FALSE,521894.796721907,7996556.31596896
17013,"2017-09-18 10:10:02","2017-09-03 02:54:00",FALSE,519456.07653096,8011116.42436931
17013,"2017-09-18 11:10:02","2017-09-03 02:54:00",FALSE,523904.13941145,8011605.16060917
17013,"2017-09-18 12:10:02","2017-09-03 02:54:00",FALSE,524927.345031825,8016221.09102317
17013,"2017-09-18 13:10:02","2017-09-03 02:54:00",FALSE,524701.159216249,8021589.90295428
17013,"2017-09-18 14:10:02","2017-09-03 02:54:00",FALSE,528144.339046657,8022494.80970286
17013,"2017-09-18 15:10:02","2017-09-03 02:54:00",FALSE,532456.746551319,8018616.27047087
17013,"2017-09-19 00:05:56","2017-09-03 02:54:00",FALSE,530335.385752059,8022007.39042962
17013,"2017-09-19 01:05:56","2017-09-03 02:54:00",FALSE,532357.997403287,8017595.87421038
17013,"2017-09-19 02:05:56","2017-09-03 02:54:00",FALSE,535229.368203168,8011222.55046736
17013,"2017-09-19 03:05:56","2017-09-03 02:54:00",FALSE,539192.375075091,8007295.8653405
17013,"2017-09-19 04:05:56","2017-09-03 02:54:00",FALSE,543517.005355262,8005302.42596106
17013,"2017-09-19 05:05:56","2017-09-03 02:54:00",FALSE,541187.767158006,8006244.45820523
17013,"2017-09-19 06:05:56","2017-09-03 02:54:00",FALSE,537569.981156875,8008507.48602722
17013,"2017-09-19 07:05:56","2017-09-03 02:54:00",FALSE,535226.875296323,8012321.92597583
17013,"2017-09-19 10:09:11","2017-09-03 02:54:00",FALSE,531686.43751637,8015211.63551177
17013,"2017-09-19 11:09:11","2017-09-03 02:54:00",FALSE,534045.696772951,8010210.20745197
17013,"2017-09-19 12:09:11","2017-09-03 02:54:00",FALSE,538734.362671496,8006947.39604648
17013,"2017-09-19 13:09:11","2017-09-03 02:54:00",FALSE,543786.867381402,8005730.64725116
17013,"2017-09-19 14:09:11","2017-09-03 02:54:00",FALSE,542983.548064861,8005402.18276595
17013,"2017-09-19 15:09:11","2017-09-03 02:54:00",FALSE,538834.732507185,8006980.51159974
17013,"2017-09-19 16:09:11","2017-09-03 02:54:00",FALSE,536273.667892962,8009042.55467002
17013,"2017-09-19 17:09:11","2017-09-03 02:54:00",FALSE,533359.728066934,8012242.67549963
17013,"2017-09-20 01:19:41","2017-09-03 02:54:00",FALSE,515695.775417508,7992728.55416783
17013,"2017-09-20 02:19:41","2017-09-03 02:54:00",FALSE,517549.621071912,7993941.74929431
17013,"2017-09-20 03:19:41","2017-09-03 02:54:00",FALSE,518698.546436618,7995017.00263286
17013,"2017-09-20 04:19:41","2017-09-03 02:54:00",FALSE,517402.343652264,7995585.349875
17013,"2017-09-20 05:19:41","2017-09-03 02:54:00",FALSE,516606.098364953,7994706.77697852
17013,"2017-09-21 00:10:21","2017-09-03 02:54:00",FALSE,518567.055478139,8018553.40370652
17013,"2017-09-21 01:10:21","2017-09-03 02:54:00",FALSE,517205.516271064,8020217.76461843
17013,"2017-09-21 02:10:21","2017-09-03 02:54:00",FALSE,516167.028471786,8022064.84690735
17013,"2017-09-21 03:10:21","2017-09-03 02:54:00",FALSE,517129.643450195,8024352.62741617
17013,"2017-09-21 04:10:21","2017-09-03 02:54:00",FALSE,515908.362863097,8025067.76807258
17013,"2017-09-21 05:10:21","2017-09-03 02:54:00",FALSE,517471.895418547,8024280.88484389
17013,"2017-09-21 06:10:21","2017-09-03 02:54:00",FALSE,519648.085760097,8022536.77080228
17013,"2017-09-21 07:10:21","2017-09-03 02:54:00",FALSE,521088.240138166,8022036.9691637
17013,"2017-09-21 11:39:58","2017-09-03 02:54:00",FALSE,521291.137275746,8038224.32287264
17013,"2017-09-21 12:39:58","2017-09-03 02:54:00",FALSE,521126.865681874,8039573.56165055
17013,"2017-09-21 13:39:58","2017-09-03 02:54:00",FALSE,522208.634381195,8040639.24848473
17013,"2017-09-21 14:39:58","2017-09-03 02:54:00",FALSE,521952.172222756,8040690.15370577
17013,"2017-09-21 15:39:58","2017-09-03 02:54:00",FALSE,522429.053763085,8041486.1442348
17013,"2017-09-21 16:39:58","2017-09-03 02:54:00",FALSE,523576.767357278,8042137.6125201
17013,"2017-09-21 17:39:58","2017-09-03 02:54:00",FALSE,523054.086002356,8045368.12270691
17013,"2017-09-21 18:39:58","2017-09-03 02:54:00",FALSE,522284.731949421,8046758.10690009
17013,"2017-09-22 06:09:02","2017-09-03 02:54:00",FALSE,523443.301009255,8052337.59211333
17013,"2017-09-22 07:09:02","2017-09-03 02:54:00",FALSE,524712.585473304,8055024.35976516
17013,"2017-09-22 08:09:02","2017-09-03 02:54:00",FALSE,525479.56129054,8054735.2299089
17013,"2017-09-22 09:09:02","2017-09-03 02:54:00",FALSE,526966.215190278,8055922.600941
17013,"2017-09-22 10:09:02","2017-09-03 02:54:00",FALSE,528127.559629633,8056523.89695829
17013,"2017-09-22 11:09:02","2017-09-03 02:54:00",FALSE,527072.55106353,8057309.1458652
17013,"2017-09-22 12:09:02","2017-09-03 02:54:00",FALSE,524188.784126946,8056356.24721623
17013,"2017-09-22 13:09:02","2017-09-03 02:54:00",FALSE,522063.511135441,8051757.33949933
17013,"2017-09-22 14:09:02","2017-09-03 02:54:00",FALSE,521187.817505797,8050069.60947892
17013,"2017-09-22 15:09:02","2017-09-03 02:54:00",FALSE,523470.1789506,8052134.98335014
17013,"2017-09-22 16:09:02","2017-09-03 02:54:00",FALSE,527425.681693879,8054525.42554091
17013,"2017-09-23 00:00:08","2017-09-03 02:54:00",FALSE,537922.02873071,8059543.14929726
17013,"2017-09-23 01:00:08","2017-09-03 02:54:00",FALSE,539114.179707146,8060404.81664344
17013,"2017-09-23 02:00:08","2017-09-03 02:54:00",FALSE,540779.263340534,8062067.1176875
17013,"2017-09-23 03:00:08","2017-09-03 02:54:00",FALSE,541070.892220121,8062015.27463712
17013,"2017-09-23 04:00:08","2017-09-03 02:54:00",FALSE,543332.961007079,8062587.75186239
17013,"2017-09-23 05:00:08","2017-09-03 02:54:00",FALSE,544681.558037976,8062226.76485522
17013,"2017-09-23 06:00:08","2017-09-03 02:54:00",FALSE,544561.24920949,8062125.45424189
17013,"2017-09-23 07:00:08","2017-09-03 02:54:00",FALSE,545163.179941815,8062451.82459267
17013,"2017-09-23 08:00:08","2017-09-03 02:54:00",FALSE,544503.193422881,8059198.09696085
17013,"2017-09-23 09:00:08","2017-09-03 02:54:00",FALSE,545338.618254345,8056013.94931015
17013,"2017-09-23 10:00:08","2017-09-03 02:54:00",FALSE,545462.096504733,8054027.38740474
17013,"2017-09-23 11:00:08","2017-09-03 02:54:00",FALSE,541578.70437168,8051636.24803479
17013,"2017-09-23 12:00:08","2017-09-03 02:54:00",FALSE,539940.613360937,8052932.0295109
17013,"2017-09-23 13:00:08","2017-09-03 02:54:00",FALSE,539068.779700715,8056732.7301455
17013,"2017-09-23 14:00:08","2017-09-03 02:54:00",FALSE,540655.063603595,8059296.49260704
17013,"2017-09-23 15:00:08","2017-09-03 02:54:00",FALSE,543473.82891677,8060298.05738153
17013,"2017-09-23 16:00:08","2017-09-03 02:54:00",FALSE,546083.876287926,8060434.2152433
17015,"2017-09-05 05:37:54","2017-09-04 00:36:00",FALSE,498495.046718421,8030131.35999401
17015,"2017-09-05 06:37:54","2017-09-04 00:36:00",FALSE,500239.418260273,8033718.30312067
17015,"2017-09-05 07:37:54","2017-09-04 00:36:00",FALSE,499950.021134734,8032493.41047558
17015,"2017-09-05 08:37:54","2017-09-04 00:36:00",FALSE,497882.499770375,8028870.39576564
17015,"2017-09-05 09:37:54","2017-09-04 00:36:00",FALSE,499198.017325202,8029949.14465979
17015,"2017-09-05 10:37:54","2017-09-04 00:36:00",FALSE,497740.712606614,8028884.18693574
17015,"2017-09-05 11:37:54","2017-09-04 00:36:00",FALSE,494427.58015287,8024768.14166816
17015,"2017-09-05 12:37:54","2017-09-04 00:36:00",FALSE,494559.43793496,8022679.87646522
17015,"2017-09-05 13:37:54","2017-09-04 00:36:00",FALSE,493173.015336905,8020286.93631535
17015,"2017-09-05 14:37:54","2017-09-04 00:36:00",FALSE,491497.557311253,8018533.35022034
17015,"2017-09-05 17:17:22","2017-09-04 00:36:00",FALSE,493781.29829478,8020894.74865529
17015,"2017-09-05 18:17:22","2017-09-04 00:36:00",FALSE,494395.370424945,8022283.95770611
17015,"2017-09-05 19:17:22","2017-09-04 00:36:00",FALSE,494763.581379592,8024427.0963072
17015,"2017-09-05 20:17:22","2017-09-04 00:36:00",FALSE,496392.880600605,8027309.83293635
17015,"2017-09-05 21:17:22","2017-09-04 00:36:00",FALSE,498599.392251587,8031093.13565169
17015,"2017-09-05 22:17:22","2017-09-04 00:36:00",FALSE,500543.656772978,8035128.37746853
17015,"2017-09-05 23:17:22","2017-09-04 00:36:00",FALSE,502757.458298494,8037971.91237091
17015,"2017-09-06 13:22:26","2017-09-04 00:36:00",FALSE,500803.761993372,8034462.69921101
17015,"2017-09-06 14:22:26","2017-09-04 00:36:00",FALSE,501600.260884053,8035460.30344853
17015,"2017-09-06 15:22:26","2017-09-04 00:36:00",FALSE,502242.967432724,8037783.25091459
17015,"2017-09-06 16:22:26","2017-09-04 00:36:00",FALSE,503362.895526294,8038780.1700371
17015,"2017-09-06 17:22:26","2017-09-04 00:36:00",FALSE,504571.078390124,8040498.55504247
17015,"2017-09-06 21:07:40","2017-09-04 00:36:00",FALSE,514674.356643467,8050164.95750097
17015,"2017-09-06 22:07:40","2017-09-04 00:36:00",FALSE,517194.747644369,8045783.91606547
17015,"2017-09-06 23:07:40","2017-09-04 00:36:00",FALSE,517844.220325197,8040710.23803068
17015,"2017-09-07 00:07:40","2017-09-04 00:36:00",FALSE,519167.813825574,8037060.47108633
17015,"2017-09-07 01:07:40","2017-09-04 00:36:00",FALSE,522722.387558754,8035139.00340943
17015,"2017-09-07 02:07:40","2017-09-04 00:36:00",FALSE,525366.091436536,8031743.80763917
17015,"2017-09-07 07:07:40","2017-09-04 00:36:00",FALSE,539887.624089765,8006937.35509637
17015,"2017-09-07 08:07:40","2017-09-04 00:36:00",FALSE,537189.489539431,8008007.59437019
17015,"2017-09-07 09:07:40","2017-09-04 00:36:00",FALSE,534291.594437905,8010590.9119903
17015,"2017-09-07 10:07:40","2017-09-04 00:36:00",FALSE,533650.852130026,8010928.21001177
17015,"2017-09-07 11:07:40","2017-09-04 00:36:00",FALSE,531845.440819392,8014524.3733799
17015,"2017-09-09 04:14:16","2017-09-04 00:36:00",FALSE,506641.144935485,7987130.48826275
17015,"2017-09-09 05:14:16","2017-09-04 00:36:00",FALSE,507038.391603216,7982122.58658451
17015,"2017-09-09 06:14:16","2017-09-04 00:36:00",FALSE,505913.466086539,7981542.85780241
17015,"2017-09-09 07:14:16","2017-09-04 00:36:00",FALSE,506785.315501774,7986567.36441888
17015,"2017-09-09 08:14:16","2017-09-04 00:36:00",FALSE,507387.835589903,7992706.90131993
17015,"2017-09-09 09:14:16","2017-09-04 00:36:00",FALSE,502992.084282383,7994101.78390799
17015,"2017-09-09 10:14:16","2017-09-04 00:36:00",FALSE,503336.724484948,7997690.66375888
17015,"2017-09-09 11:14:16","2017-09-04 00:36:00",FALSE,507390.904210057,7999657.90134136
17015,"2017-09-09 14:19:28","2017-09-04 00:36:00",FALSE,500776.967893871,7995479.37285048
17015,"2017-09-09 15:19:28","2017-09-04 00:36:00",FALSE,500844.108809135,7995350.85390985
17015,"2017-09-09 16:19:28","2017-09-04 00:36:00",FALSE,501664.232605921,7996315.71224718
17015,"2017-09-09 17:19:28","2017-09-04 00:36:00",FALSE,504917.725054139,7998875.31783719
17015,"2017-09-09 18:19:28","2017-09-04 00:36:00",FALSE,505793.62723077,7997872.31886785
17015,"2017-09-09 19:19:28","2017-09-04 00:36:00",FALSE,507480.503286718,7998596.16542232
17015,"2017-09-09 22:21:27","2017-09-04 00:36:00",FALSE,507673.077071657,7999041.29630884
17015,"2017-09-09 23:21:27","2017-09-04 00:36:00",FALSE,505057.111495965,7997143.91171156
17015,"2017-09-10 00:21:27","2017-09-04 00:36:00",FALSE,503901.040624787,7997460.40179227
17015,"2017-09-10 01:21:27","2017-09-04 00:36:00",FALSE,506604.144188255,7998237.10292373
17015,"2017-09-10 02:21:27","2017-09-04 00:36:00",FALSE,509616.788743176,7998436.75302336
17015,"2017-09-10 03:21:27","2017-09-04 00:36:00",FALSE,510870.221802409,7996763.54174048
17015,"2017-09-10 04:21:27","2017-09-04 00:36:00",FALSE,509445.739703288,7998625.71523311
17015,"2017-09-10 05:21:27","2017-09-04 00:36:00",FALSE,505745.045359068,7997539.36692177
17015,"2017-09-10 06:21:27","2017-09-04 00:36:00",FALSE,501492.328630239,7995417.85223895
17015,"2017-09-10 07:21:27","2017-09-04 00:36:00",FALSE,500400.519636626,7994478.93613711
17015,"2017-09-10 08:21:27","2017-09-04 00:36:00",FALSE,501422.452375492,7994556.11126264
17015,"2017-09-10 09:21:27","2017-09-04 00:36:00",FALSE,500209.308419091,7994907.19311715
17015,"2017-09-10 10:21:27","2017-09-04 00:36:00",FALSE,499626.663926106,7995021.81884092
17015,"2017-09-10 11:21:27","2017-09-04 00:36:00",FALSE,499334.51241468,7994522.96438756
17015,"2017-09-10 12:21:27","2017-09-04 00:36:00",FALSE,500942.393511297,7995796.70123192
17015,"2017-09-10 13:21:27","2017-09-04 00:36:00",FALSE,500735.498332183,7995729.0636642
17015,"2017-09-10 14:21:27","2017-09-04 00:36:00",FALSE,498483.666011487,7994506.50450367
17015,"2017-09-10 15:21:27","2017-09-04 00:36:00",FALSE,499206.004790154,7994512.67517859
17015,"2017-09-11 10:08:09","2017-09-04 00:36:00",FALSE,505302.263338502,7995014.56017242
17015,"2017-09-11 11:08:09","2017-09-04 00:36:00",FALSE,503274.236248521,7994065.01995942
17015,"2017-09-11 12:08:09","2017-09-04 00:36:00",FALSE,502059.14669613,7993835.33460915
17015,"2017-09-11 13:08:09","2017-09-04 00:36:00",FALSE,501127.883964048,7995362.025552
17015,"2017-09-11 14:08:09","2017-09-04 00:36:00",FALSE,499027.347990579,7994109.48967018
17015,"2017-09-11 15:08:09","2017-09-04 00:36:00",FALSE,500673.720529607,7994338.8899672
17015,"2017-09-11 16:08:09","2017-09-04 00:36:00",FALSE,504512.808737441,7995118.90291717
17015,"2017-09-11 17:08:09","2017-09-04 00:36:00",FALSE,507435.729617903,7993664.76295124
17015,"2017-09-11 18:08:09","2017-09-04 00:36:00",FALSE,508138.249941662,7993233.72816406
17015,"2017-09-11 20:55:03","2017-09-04 00:36:00",FALSE,504125.515951138,7997912.09930477
17015,"2017-09-11 21:55:03","2017-09-04 00:36:00",FALSE,497783.956453445,7995140.31995154
17015,"2017-09-11 22:55:03","2017-09-04 00:36:00",FALSE,497619.084277137,7994121.27414746
17015,"2017-09-11 23:55:03","2017-09-04 00:36:00",FALSE,498072.678387136,7994917.87334917
17015,"2017-09-12 00:55:03","2017-09-04 00:36:00",FALSE,497623.703516236,7994920.15129679
17015,"2017-09-12 04:05:28","2017-09-04 00:36:00",FALSE,498492.505204751,7994414.32391356
17015,"2017-09-12 05:05:28","2017-09-04 00:36:00",FALSE,498349.901163874,7994494.66528916
17015,"2017-09-12 06:05:28","2017-09-04 00:36:00",FALSE,500202.531291114,7994815.81462532
17015,"2017-09-12 07:05:28","2017-09-04 00:36:00",FALSE,500744.420273312,7995036.09081333
17015,"2017-09-12 08:05:28","2017-09-04 00:36:00",FALSE,505098.822191305,7995886.14070994
17015,"2017-09-12 09:05:28","2017-09-04 00:36:00",FALSE,504722.157267752,7995263.40140565
17015,"2017-09-12 10:05:28","2017-09-04 00:36:00",FALSE,499489.633231742,7995214.57041752
17015,"2017-09-12 22:18:23","2017-09-04 00:36:00",FALSE,501312.191222878,7996138.31724647
17015,"2017-09-12 23:18:23","2017-09-04 00:36:00",FALSE,498975.397648801,7994849.13734416
17015,"2017-09-13 00:18:23","2017-09-04 00:36:00",FALSE,499722.134987781,7994208.52204099
17015,"2017-09-13 01:18:23","2017-09-04 00:36:00",FALSE,504473.742928775,7996599.16998748
17015,"2017-09-13 02:18:23","2017-09-04 00:36:00",FALSE,508424.589165467,7996694.29777693
17015,"2017-09-13 03:18:23","2017-09-04 00:36:00",FALSE,511659.585901843,7994821.40548382
17015,"2017-09-13 04:18:23","2017-09-04 00:36:00",FALSE,514147.264129132,7994618.39562553
17015,"2017-09-13 05:18:23","2017-09-04 00:36:00",FALSE,515745.61254932,7995813.90996532
17015,"2017-09-13 06:18:23","2017-09-04 00:36:00",FALSE,513456.596857283,7995122.11398996
17015,"2017-09-14 03:32:19","2017-09-04 00:36:00",FALSE,498528.478551523,7994439.82805435
17015,"2017-09-14 04:32:19","2017-09-04 00:36:00",FALSE,500536.840232523,7994922.50929922
17015,"2017-09-14 05:32:19","2017-09-04 00:36:00",FALSE,500944.541702338,7994902.28919181
17015,"2017-09-14 06:32:19","2017-09-04 00:36:00",FALSE,501655.067670256,7994793.19354004
17015,"2017-09-14 07:32:19","2017-09-04 00:36:00",FALSE,498269.551245551,7994201.68129293
17015,"2017-09-14 08:32:19","2017-09-04 00:36:00",FALSE,497315.981223801,7994395.59798256
17015,"2017-09-14 09:32:19","2017-09-04 00:36:00",FALSE,497311.353837511,7994550.62735069
17015,"2017-09-14 10:32:19","2017-09-04 00:36:00",FALSE,497488.819149972,7994912.47736183
17015,"2017-09-14 11:32:19","2017-09-04 00:36:00",FALSE,497552.077343995,7994973.00352779
17015,"2017-09-14 17:48:48","2017-09-04 00:36:00",FALSE,498392.788111019,7995107.11270842
17015,"2017-09-14 18:48:48","2017-09-04 00:36:00",FALSE,498790.224707047,7994989.20179424
17015,"2017-09-14 19:48:48","2017-09-04 00:36:00",FALSE,501564.942454661,7996065.57519177
17015,"2017-09-14 20:48:48","2017-09-04 00:36:00",FALSE,506674.999067546,7997654.16145429
17015,"2017-09-14 21:48:48","2017-09-04 00:36:00",FALSE,509650.21307186,7997189.12222423
17015,"2017-09-14 22:48:48","2017-09-04 00:36:00",FALSE,510609.109905902,7996562.5802409
17015,"2017-09-16 13:17:37","2017-09-04 00:36:00",FALSE,525095.136210841,8076946.60129868
17015,"2017-09-16 14:17:37","2017-09-04 00:36:00",FALSE,520278.672766793,8080988.57477335
17015,"2017-09-16 15:17:37","2017-09-04 00:36:00",FALSE,516862.380125829,8085677.65710087
17015,"2017-09-16 16:17:37","2017-09-04 00:36:00",FALSE,515136.829810199,8091268.30776379
17015,"2017-09-16 17:17:37","2017-09-04 00:36:00",FALSE,516236.224532112,8096217.47339892
17015,"2017-09-16 18:17:37","2017-09-04 00:36:00",FALSE,515097.310110615,8102071.89280148
17015,"2017-09-16 19:17:37","2017-09-04 00:36:00",FALSE,514728.213813586,8107876.70552598
17015,"2017-09-18 03:23:16","2017-09-04 00:36:00",FALSE,497292.457482827,8153459.34900156
17015,"2017-09-18 04:23:16","2017-09-04 00:36:00",FALSE,496157.687685361,8158391.20367742
17015,"2017-09-18 05:23:16","2017-09-04 00:36:00",FALSE,494791.46836672,8164348.7949422
17015,"2017-09-18 06:23:16","2017-09-04 00:36:00",FALSE,494480.59802771,8168550.48103907
17015,"2017-09-18 07:23:16","2017-09-04 00:36:00",FALSE,495785.909068984,8169857.6386215
17015,"2017-09-18 08:23:16","2017-09-04 00:36:00",FALSE,496540.761624972,8167823.20567128
17015,"2017-09-18 09:23:16","2017-09-04 00:36:00",FALSE,496758.248791344,8162553.7885165
17015,"2017-09-18 10:23:16","2017-09-04 00:36:00",FALSE,496610.027727312,8160213.3323546
17015,"2017-09-18 13:53:26","2017-09-04 00:36:00",FALSE,499599.611219557,8152318.66104113
17015,"2017-09-18 14:53:26","2017-09-04 00:36:00",FALSE,495135.984219735,8150605.59680157
17015,"2017-09-18 15:53:26","2017-09-04 00:36:00",FALSE,494466.910573173,8150718.25158169
17015,"2017-09-18 16:53:26","2017-09-04 00:36:00",FALSE,494434.864815673,8152442.87694697
17015,"2017-09-18 17:53:26","2017-09-04 00:36:00",FALSE,494489.88518305,8155220.41429249
17015,"2017-09-18 18:53:26","2017-09-04 00:36:00",FALSE,496873.129447471,8156482.96643295
17015,"2017-09-19 23:35:30","2017-09-04 00:36:00",FALSE,496514.937525501,8136560.86450956
17015,"2017-09-20 00:35:30","2017-09-04 00:36:00",FALSE,497171.71264201,8138487.72809584
17015,"2017-09-20 01:35:30","2017-09-04 00:36:00",FALSE,497645.328754304,8138477.38420051
17015,"2017-09-20 02:35:30","2017-09-04 00:36:00",FALSE,497977.656689128,8139346.0744112
17015,"2017-09-20 03:35:30","2017-09-04 00:36:00",FALSE,498552.981997535,8139026.41171624
17015,"2017-09-20 04:35:30","2017-09-04 00:36:00",FALSE,499119.393045635,8138479.5550926
17015,"2017-09-20 05:35:30","2017-09-04 00:36:00",FALSE,499422.34944439,8139182.9353316
17015,"2017-09-20 14:26:12","2017-09-04 00:36:00",FALSE,500184.170390486,8140030.22902121
17015,"2017-09-20 15:26:12","2017-09-04 00:36:00",FALSE,498751.331931187,8141561.45597242
17015,"2017-09-20 16:26:12","2017-09-04 00:36:00",FALSE,500110.053142866,8145646.29282658
17015,"2017-09-20 17:26:12","2017-09-04 00:36:00",FALSE,500329.161280486,8147797.66681425
17015,"2017-09-20 18:26:12","2017-09-04 00:36:00",FALSE,500344.188412927,8151662.19384857
17015,"2017-09-20 19:26:12","2017-09-04 00:36:00",FALSE,500892.782731193,8156561.59982667
17015,"2017-09-20 20:26:12","2017-09-04 00:36:00",FALSE,500945.475700301,8160275.02377035
17015,"2017-09-20 21:26:12","2017-09-04 00:36:00",FALSE,498983.586939115,8158563.26133262
17015,"2017-09-20 23:54:47","2017-09-04 00:36:00",FALSE,499926.514964125,8157323.21381346
17015,"2017-09-21 00:54:47","2017-09-04 00:36:00",FALSE,500512.000897949,8157058.10026311
17015,"2017-09-21 01:54:47","2017-09-04 00:36:00",FALSE,499386.952163884,8158918.65798032
17015,"2017-09-21 02:54:47","2017-09-04 00:36:00",FALSE,497897.043511274,8162252.2607609
17015,"2017-09-21 03:54:47","2017-09-04 00:36:00",FALSE,496675.242748626,8166132.32931178
17015,"2017-09-21 04:54:47","2017-09-04 00:36:00",FALSE,496456.604000034,8168216.2245351
17015,"2017-09-21 05:54:47","2017-09-04 00:36:00",FALSE,495223.896334878,8166602.74113422
17015,"2017-09-21 06:54:47","2017-09-04 00:36:00",FALSE,496306.146112381,8165265.9128077
17015,"2017-09-21 07:54:47","2017-09-04 00:36:00",FALSE,497031.746190791,8163636.74583986
17015,"2017-09-21 08:54:47","2017-09-04 00:36:00",FALSE,496743.51423578,8162427.44407078
17015,"2017-09-21 09:54:47","2017-09-04 00:36:00",FALSE,496812.644219481,8161770.97444006
17015,"2017-09-23 02:26:12","2017-09-04 00:36:00",FALSE,497836.921448006,8159768.87834458
17015,"2017-09-23 03:26:12","2017-09-04 00:36:00",FALSE,499718.245297132,8159008.38959682
17015,"2017-09-23 04:26:12","2017-09-04 00:36:00",FALSE,499731.274779456,8149257.28995463
17015,"2017-09-23 05:26:12","2017-09-04 00:36:00",FALSE,496440.299682798,8142097.37354384
17015,"2017-09-23 06:26:12","2017-09-04 00:36:00",FALSE,499007.792149875,8137170.34344151
17015,"2017-09-23 07:26:12","2017-09-04 00:36:00",FALSE,501363.387662947,8134690.16366318
17015,"2017-09-24 08:15:29","2017-09-04 00:36:00",FALSE,508382.143329707,8124368.52905755
17015,"2017-09-24 09:15:29","2017-09-04 00:36:00",FALSE,508254.384615684,8124083.2710361
17015,"2017-09-24 10:15:29","2017-09-04 00:36:00",FALSE,505824.354095096,8127161.15888126
17015,"2017-09-24 11:15:29","2017-09-04 00:36:00",FALSE,503592.976404398,8128837.77797494
17015,"2017-09-24 12:15:29","2017-09-04 00:36:00",FALSE,502485.475889817,8128717.70703771
17015,"2017-09-24 13:15:29","2017-09-04 00:36:00",FALSE,501330.778276422,8130119.54316116
17015,"2017-09-24 14:15:29","2017-09-04 00:36:00",FALSE,500834.076344478,8132417.9273928
17015,"2017-09-26 03:21:54","2017-09-04 00:36:00",FALSE,492296.565142983,8171170.69582282
17015,"2017-09-26 04:21:54","2017-09-04 00:36:00",FALSE,491278.350039085,8174758.87460327
17015,"2017-09-26 05:21:54","2017-09-04 00:36:00",FALSE,489216.707987805,8178445.97606383
17015,"2017-09-26 06:21:54","2017-09-04 00:36:00",FALSE,492199.872017205,8174104.20117239
17015,"2017-09-26 07:21:54","2017-09-04 00:36:00",FALSE,489713.003989773,8169765.27885805
17015,"2017-09-26 08:21:54","2017-09-04 00:36:00",FALSE,488720.92691912,8171858.18172411
17015,"2017-09-29 08:57:14","2017-09-04 00:36:00",FALSE,493265.142718554,8180383.14518678
17015,"2017-09-29 09:57:14","2017-09-04 00:36:00",FALSE,495654.070235426,8177328.11667553
17015,"2017-09-29 10:57:14","2017-09-04 00:36:00",FALSE,496437.218633081,8177467.15725417
17015,"2017-09-29 11:57:14","2017-09-04 00:36:00",FALSE,498382.199556671,8178504.70540886
17015,"2017-09-29 12:57:14","2017-09-04 00:36:00",FALSE,498731.606460304,8174894.75958746
17015,"2017-09-29 13:57:14","2017-09-04 00:36:00",FALSE,499362.715612946,8173834.36486519
17015,"2017-09-29 14:57:14","2017-09-04 00:36:00",FALSE,498833.172925392,8172611.41879416
17015,"2017-09-29 15:57:14","2017-09-04 00:36:00",FALSE,498083.525128913,8172548.86843576
17015,"2017-09-29 16:57:14","2017-09-04 00:36:00",FALSE,497042.639852298,8174084.94624657
17015,"2017-09-30 03:27:04","2017-09-04 00:36:00",FALSE,497521.641164417,8180168.37550335
17015,"2017-09-30 04:27:04","2017-09-04 00:36:00",FALSE,493259.70780527,8180369.54508915
17015,"2017-09-30 05:27:04","2017-09-04 00:36:00",FALSE,488758.024575921,8180828.90624162
17015,"2017-09-30 06:27:04","2017-09-04 00:36:00",FALSE,488749.50615111,8178644.09668406
17015,"2017-09-30 07:27:04","2017-09-04 00:36:00",FALSE,491039.65785513,8177594.38795627
17015,"2017-10-02 01:45:10","2017-09-04 00:36:00",FALSE,422027.785867605,8172838.01102105
17015,"2017-10-02 02:45:10","2017-09-04 00:36:00",FALSE,415016.85961591,8170221.62988674
17015,"2017-10-02 03:45:10","2017-09-04 00:36:00",FALSE,409531.116689814,8166820.27889744
17015,"2017-10-02 04:45:10","2017-09-04 00:36:00",FALSE,404054.870156746,8162995.17165347
17015,"2017-10-02 05:45:10","2017-09-04 00:36:00",FALSE,405609.782636559,8157642.43677745
17015,"2017-10-02 06:45:10","2017-09-04 00:36:00",FALSE,410570.654776769,8152879.59054107
17015,"2017-10-02 07:45:10","2017-09-04 00:36:00",FALSE,412372.655664901,8150697.88337351
18001,"2018-08-18 07:20:07","2018-08-17 07:16:00",TRUE,496513.909310909,8025572.28875422
18001,"2018-08-18 08:20:07","2018-08-17 07:16:00",TRUE,495094.074748936,8022820.38243654
18001,"2018-08-18 09:20:07","2018-08-17 07:16:00",TRUE,492139.95734074,8019468.46864256
18001,"2018-08-18 10:20:07","2018-08-17 07:16:00",TRUE,488789.615858591,8016731.09523543
18001,"2018-08-18 11:20:07","2018-08-17 07:16:00",TRUE,488471.933335292,8016505.104275
18001,"2018-08-18 12:20:07","2018-08-17 07:16:00",TRUE,488315.995332047,8016455.02497841
18001,"2018-08-18 13:20:07","2018-08-17 07:16:00",TRUE,487524.314439135,8016046.07070223
18001,"2018-08-18 14:20:07","2018-08-17 07:16:00",TRUE,487783.776325665,8016154.75880371
18001,"2018-08-18 15:20:07","2018-08-17 07:16:00",TRUE,488102.954137254,8016288.72031523
18001,"2018-08-18 16:20:07","2018-08-17 07:16:00",TRUE,488767.117213849,8016721.63176967
18001,"2018-08-18 17:20:07","2018-08-17 07:16:00",TRUE,489438.558014027,8017425.85356004
18001,"2018-08-18 18:20:07","2018-08-17 07:16:00",TRUE,487792.330730435,8016132.92399447
18001,"2018-08-18 19:20:07","2018-08-17 07:16:00",TRUE,488260.154581115,8016620.72054231
18001,"2018-08-18 20:20:07","2018-08-17 07:16:00",TRUE,487889.790052607,8016138.47411945
18001,"2018-08-18 21:20:07","2018-08-17 07:16:00",TRUE,487605.675876419,8015949.11397113
18001,"2018-08-18 23:20:07","2018-08-17 07:16:00",TRUE,491736.084074819,8017418.39128473
18001,"2018-08-19 00:20:07","2018-08-17 07:16:00",TRUE,492378.286384576,8018626.20481655
18001,"2018-08-19 01:20:07","2018-08-17 07:16:00",TRUE,491345.018257931,8017937.78751169
18001,"2018-08-19 02:20:07","2018-08-17 07:16:00",TRUE,489780.074305316,8017583.2421272
18001,"2018-08-19 03:20:07","2018-08-17 07:16:00",TRUE,490243.054139349,8017617.37243512
18001,"2018-08-19 04:20:07","2018-08-17 07:16:00",TRUE,492365.741348686,8018651.43046001
18001,"2018-08-19 05:20:07","2018-08-17 07:16:00",TRUE,492929.971767673,8019794.62502716
18001,"2018-08-19 06:20:07","2018-08-17 07:16:00",TRUE,492507.829385265,8019393.70303733
18001,"2018-08-19 07:20:07","2018-08-17 07:16:00",TRUE,490052.2628252,8017731.77395647
18001,"2018-08-19 08:20:07","2018-08-17 07:16:00",TRUE,489591.935298078,8017185.41431569
18001,"2018-08-19 09:20:07","2018-08-17 07:16:00",TRUE,489793.807015869,8017519.53475611
18001,"2018-08-19 10:20:07","2018-08-17 07:16:00",TRUE,490012.240729789,8017596.37944428
18001,"2018-08-19 12:20:07","2018-08-17 07:16:00",TRUE,493775.397912067,8023846.68443602
18001,"2018-08-19 13:20:07","2018-08-17 07:16:00",TRUE,496878.540252076,8028990.10271199
18001,"2018-08-19 14:20:07","2018-08-17 07:16:00",TRUE,499758.788488096,8034841.53203415
18001,"2018-08-19 15:20:07","2018-08-17 07:16:00",TRUE,503278.41010016,8040609.50295491
18001,"2018-08-19 16:20:07","2018-08-17 07:16:00",TRUE,505731.073679167,8043290.65222552
18001,"2018-08-19 17:20:07","2018-08-17 07:16:00",TRUE,508549.515048114,8047679.91326165
18001,"2018-08-19 18:20:07","2018-08-17 07:16:00",TRUE,511129.93569203,8049932.11140937
18001,"2018-08-19 19:20:07","2018-08-17 07:16:00",TRUE,515237.770917197,8050294.46275592
18001,"2018-08-19 20:20:07","2018-08-17 07:16:00",TRUE,518260.067423351,8045220.5399206
18001,"2018-08-19 21:20:07","2018-08-17 07:16:00",TRUE,517977.883065212,8041096.01272582
18001,"2018-08-19 23:20:07","2018-08-17 07:16:00",TRUE,516998.476473363,8035259.90148231
18001,"2018-08-20 00:20:07","2018-08-17 07:16:00",TRUE,519222.098738557,8032335.48778517
18001,"2018-08-20 01:20:07","2018-08-17 07:16:00",TRUE,518768.90176031,8032143.163875
18001,"2018-08-20 02:20:07","2018-08-17 07:16:00",TRUE,516770.434805521,8030960.51455405
18001,"2018-08-20 03:20:07","2018-08-17 07:16:00",TRUE,513490.992554084,8029582.64676017
18001,"2018-08-20 04:20:07","2018-08-17 07:16:00",TRUE,510517.987070381,8025021.90564198
18001,"2018-08-20 05:20:07","2018-08-17 07:16:00",TRUE,508071.406145295,8021075.26314288
18001,"2018-08-20 12:56:31","2018-08-17 07:16:00",TRUE,508219.509911747,8013699.5974077
18001,"2018-08-20 13:56:31","2018-08-17 07:16:00",TRUE,507216.095722674,8015653.46556665
18001,"2018-08-20 14:56:31","2018-08-17 07:16:00",TRUE,507624.324493151,8018359.46305286
18001,"2018-08-20 15:56:31","2018-08-17 07:16:00",TRUE,509120.066723455,8019813.43841066
18001,"2018-08-20 16:56:31","2018-08-17 07:16:00",TRUE,509196.968914441,8020968.8791329
18001,"2018-08-20 17:56:31","2018-08-17 07:16:00",TRUE,509254.267882217,8022267.85032431
18001,"2018-08-20 18:56:31","2018-08-17 07:16:00",TRUE,510872.40787621,8023891.95802233
18001,"2018-08-20 19:56:31","2018-08-17 07:16:00",TRUE,511757.047450287,8024968.2857729
18001,"2018-08-20 20:56:31","2018-08-17 07:16:00",TRUE,510431.534111346,8025068.26764371
18001,"2018-08-20 21:56:31","2018-08-17 07:16:00",TRUE,507688.206287407,8020583.72187877
18001,"2018-08-20 22:56:31","2018-08-17 07:16:00",TRUE,507385.986316508,8018414.97564642
18001,"2018-08-20 23:56:31","2018-08-17 07:16:00",TRUE,506808.468739169,8018162.68427591
18001,"2018-08-21 00:56:31","2018-08-17 07:16:00",TRUE,508940.083040633,8022834.52642623
18001,"2018-08-21 01:56:31","2018-08-17 07:16:00",TRUE,510172.376766288,8024372.31606359
18001,"2018-08-21 02:56:31","2018-08-17 07:16:00",TRUE,508395.701143654,8021863.43025983
18001,"2018-08-21 03:56:31","2018-08-17 07:16:00",TRUE,507077.964635753,8018183.6548813
18001,"2018-08-21 04:56:31","2018-08-17 07:16:00",TRUE,506541.773056048,8013165.21291665
18001,"2018-08-21 05:56:31","2018-08-17 07:16:00",TRUE,505717.293414425,8009185.08969757
18001,"2018-08-21 06:56:31","2018-08-17 07:16:00",TRUE,504681.112874886,8009350.12598841
18001,"2018-08-21 07:56:31","2018-08-17 07:16:00",TRUE,504949.345957739,8008641.27833406
18001,"2018-08-21 08:56:31","2018-08-17 07:16:00",TRUE,506172.42230336,8007383.44722638
18001,"2018-08-21 09:56:31","2018-08-17 07:16:00",TRUE,503149.130288638,8010496.76411037
18001,"2018-08-21 10:56:31","2018-08-17 07:16:00",TRUE,504263.7178198,8009719.5966945
18001,"2018-08-21 11:56:31","2018-08-17 07:16:00",TRUE,506204.49885565,8007339.23443843
18001,"2018-08-21 12:56:31","2018-08-17 07:16:00",TRUE,505311.54970083,8008762.89005517
18001,"2018-08-21 13:56:31","2018-08-17 07:16:00",TRUE,505233.46731041,8009692.79597608
18001,"2018-08-21 14:56:31","2018-08-17 07:16:00",TRUE,506148.917257335,8008006.11833122
18001,"2018-08-21 15:56:31","2018-08-17 07:16:00",TRUE,505944.557874834,8007565.48210288
18001,"2018-08-21 22:31:08","2018-08-17 07:16:00",TRUE,506563.589871965,8008631.77779866
18001,"2018-08-21 23:31:08","2018-08-17 07:16:00",TRUE,505580.434468641,8007690.39951658
18001,"2018-08-22 00:31:08","2018-08-17 07:16:00",TRUE,505632.991737821,8008858.99522729
18001,"2018-08-22 01:31:08","2018-08-17 07:16:00",TRUE,507850.486781306,8006479.24919215
18001,"2018-08-22 02:31:08","2018-08-17 07:16:00",TRUE,510112.310029125,8004735.62102127
18001,"2018-08-22 03:31:08","2018-08-17 07:16:00",TRUE,512617.92565546,8002636.95136917
18001,"2018-08-22 04:31:08","2018-08-17 07:16:00",TRUE,515640.489783615,8000760.13662454
18001,"2018-08-22 05:31:08","2018-08-17 07:16:00",TRUE,517276.327101012,7998434.64127823
18001,"2018-08-22 06:31:08","2018-08-17 07:16:00",TRUE,515988.766315087,7996745.99567553
18001,"2018-08-22 07:31:08","2018-08-17 07:16:00",TRUE,513821.302312766,7994964.20872496
18001,"2018-08-22 08:31:08","2018-08-17 07:16:00",TRUE,511663.538683781,7995277.3756035
18001,"2018-08-22 09:31:08","2018-08-17 07:16:00",TRUE,512204.581852828,7995174.66451762
18001,"2018-08-22 10:31:08","2018-08-17 07:16:00",TRUE,514144.494436418,7995139.0748532
18001,"2018-08-22 11:31:08","2018-08-17 07:16:00",TRUE,514057.032492935,7995215.13562959
18001,"2018-08-22 12:31:08","2018-08-17 07:16:00",TRUE,514279.494792913,7993433.7406598
18001,"2018-08-22 13:31:08","2018-08-17 07:16:00",TRUE,513040.250083611,7994206.64612856
18001,"2018-08-22 14:31:08","2018-08-17 07:16:00",TRUE,513201.433146284,7993288.85025108
18001,"2018-08-22 15:31:08","2018-08-17 07:16:00",TRUE,513113.116495974,7993239.07802768
18001,"2018-08-22 16:31:08","2018-08-17 07:16:00",TRUE,514385.131050369,7993474.75838578
18001,"2018-08-22 17:31:08","2018-08-17 07:16:00",TRUE,513374.222825022,7990672.04349738
18001,"2018-08-22 18:31:08","2018-08-17 07:16:00",TRUE,513785.593955853,7989522.07107831
18001,"2018-08-22 19:31:08","2018-08-17 07:16:00",TRUE,512678.151925897,7991414.78025174
18001,"2018-08-22 20:31:08","2018-08-17 07:16:00",TRUE,513624.634066621,7992280.50936967
18001,"2018-08-22 21:31:08","2018-08-17 07:16:00",TRUE,513132.576752795,7990138.48510429
18001,"2018-08-22 22:31:08","2018-08-17 07:16:00",TRUE,515742.132054633,7992618.99785356
18001,"2018-08-22 23:31:08","2018-08-17 07:16:00",TRUE,515888.283881281,7993754.1101749
18001,"2018-08-23 00:31:08","2018-08-17 07:16:00",TRUE,513301.545793393,7991780.40549783
18001,"2018-08-23 01:31:08","2018-08-17 07:16:00",TRUE,509663.002993788,7993316.6512601
18001,"2018-08-23 02:31:08","2018-08-17 07:16:00",TRUE,511809.775578255,7993442.60970613
18001,"2018-08-23 03:31:08","2018-08-17 07:16:00",TRUE,513139.677199592,7991765.5720216
18001,"2018-08-23 04:31:08","2018-08-17 07:16:00",TRUE,515936.578041918,7992272.75543585
18001,"2018-08-23 05:31:08","2018-08-17 07:16:00",TRUE,515040.616609932,7993499.99321518
18001,"2018-08-23 06:31:08","2018-08-17 07:16:00",TRUE,512958.965071819,7993178.53785948
18001,"2018-08-23 07:31:08","2018-08-17 07:16:00",TRUE,508839.969076412,7994645.27981023
18001,"2018-08-23 08:31:08","2018-08-17 07:16:00",TRUE,507366.959877476,7992294.75743364
18001,"2018-08-23 09:31:08","2018-08-17 07:16:00",TRUE,507800.631474687,7986907.20661408
18001,"2018-08-23 10:31:08","2018-08-17 07:16:00",TRUE,506124.22884331,7983005.5307875
18001,"2018-08-23 11:31:08","2018-08-17 07:16:00",TRUE,506049.929604432,7983410.40975394
18001,"2018-08-23 12:31:08","2018-08-17 07:16:00",TRUE,506156.693770983,7982969.75916171
18001,"2018-08-23 13:31:08","2018-08-17 07:16:00",TRUE,506111.781563541,7982459.88358734
18001,"2018-08-23 14:31:08","2018-08-17 07:16:00",TRUE,505647.232827394,7980936.33868701
18001,"2018-08-23 15:31:08","2018-08-17 07:16:00",TRUE,506746.521347305,7983901.13954369
18001,"2018-08-23 16:31:08","2018-08-17 07:16:00",TRUE,506868.396788072,7988394.71572452
18001,"2018-08-23 17:31:08","2018-08-17 07:16:00",TRUE,506668.374511128,7992891.72037581
18001,"2018-08-23 18:31:08","2018-08-17 07:16:00",TRUE,506853.413149419,7994744.22200304
18001,"2018-08-23 19:31:08","2018-08-17 07:16:00",TRUE,509537.683658277,7995010.79746313
18001,"2018-08-23 20:31:08","2018-08-17 07:16:00",TRUE,513183.432026731,7994679.81101404
18001,"2018-08-23 21:31:08","2018-08-17 07:16:00",TRUE,512989.50961939,7995225.63556257
18001,"2018-08-23 22:31:08","2018-08-17 07:16:00",TRUE,509814.426005976,7996412.47569357
18001,"2018-08-23 23:31:08","2018-08-17 07:16:00",TRUE,503807.289663275,7994845.60817016
18001,"2018-08-24 00:31:08","2018-08-17 07:16:00",TRUE,501473.595391857,7995334.98807535
18001,"2018-08-24 01:31:08","2018-08-17 07:16:00",TRUE,503145.979098358,7997437.69203744
18001,"2018-08-24 02:31:08","2018-08-17 07:16:00",TRUE,505567.848579128,7995980.31974712
18001,"2018-08-24 03:31:08","2018-08-17 07:16:00",TRUE,507786.653215858,7992267.10685457
18001,"2018-08-24 04:31:08","2018-08-17 07:16:00",TRUE,511958.646917622,7992330.19233078
18001,"2018-08-24 05:31:08","2018-08-17 07:16:00",TRUE,513708.571664436,7992045.63699068
18001,"2018-08-24 06:31:08","2018-08-17 07:16:00",TRUE,513074.921670623,7993227.75762588
18001,"2018-08-24 07:31:08","2018-08-17 07:16:00",TRUE,510007.014613133,7995799.54280995
18001,"2018-08-24 08:31:08","2018-08-17 07:16:00",TRUE,506166.219734355,7997720.49736684
18001,"2018-08-24 09:31:08","2018-08-17 07:16:00",TRUE,503161.171048824,7995655.12769662
18001,"2018-08-24 10:31:08","2018-08-17 07:16:00",TRUE,504404.943519292,7996238.09789033
18001,"2018-08-24 11:31:08","2018-08-17 07:16:00",TRUE,506021.611247183,7994938.29805153
18001,"2018-08-24 12:31:08","2018-08-17 07:16:00",TRUE,507680.42205779,7990425.34913386
18001,"2018-08-24 13:31:08","2018-08-17 07:16:00",TRUE,508801.847417898,7987949.87954152
18001,"2018-08-24 14:31:08","2018-08-17 07:16:00",TRUE,507639.50170318,7985613.4242265
18001,"2018-08-24 15:31:08","2018-08-17 07:16:00",TRUE,507662.117025441,7983061.93391154
18001,"2018-08-24 18:04:47","2018-08-17 07:16:00",TRUE,511127.971205072,7991260.87756075
18001,"2018-08-24 19:04:47","2018-08-17 07:16:00",TRUE,513229.78567454,7993483.85430253
18001,"2018-08-24 20:04:47","2018-08-17 07:16:00",TRUE,513568.973012975,7993749.83374984
18001,"2018-08-24 21:04:47","2018-08-17 07:16:00",TRUE,513502.623573914,7993714.86697275
18001,"2018-08-24 22:04:47","2018-08-17 07:16:00",TRUE,513885.656003088,7993614.77972851
18001,"2018-08-24 23:04:47","2018-08-17 07:16:00",TRUE,513549.424524047,7994372.24949988
18001,"2018-08-25 01:57:47","2018-08-17 07:16:00",TRUE,512633.470545158,7994731.42774883
18001,"2018-08-25 02:57:47","2018-08-17 07:16:00",TRUE,512610.407556708,7994537.8301965
18001,"2018-08-25 03:57:47","2018-08-17 07:16:00",TRUE,513085.5868221,7991767.66551545
18001,"2018-08-25 04:57:47","2018-08-17 07:16:00",TRUE,514524.756157791,7990935.86318057
18001,"2018-08-25 05:57:47","2018-08-17 07:16:00",TRUE,516754.919996093,7992964.31196498
18001,"2018-08-25 06:57:47","2018-08-17 07:16:00",TRUE,516257.158552985,7994364.23056741
18001,"2018-08-25 13:20:24","2018-08-17 07:16:00",TRUE,514722.612798531,7994506.08516593
18001,"2018-08-25 14:20:24","2018-08-17 07:16:00",TRUE,513459.72110996,7994249.34463833
18001,"2018-08-25 15:20:24","2018-08-17 07:16:00",TRUE,512728.593614951,7995116.42029956
18001,"2018-08-25 16:20:24","2018-08-17 07:16:00",TRUE,513692.782933475,7995140.31957208
18001,"2018-08-25 17:20:24","2018-08-17 07:16:00",TRUE,514672.230514463,7995119.64799288
18001,"2018-08-25 18:20:24","2018-08-17 07:16:00",TRUE,515152.730726809,7994977.06569466
18001,"2018-08-25 19:20:24","2018-08-17 07:16:00",TRUE,515734.950786531,7994548.44779728
18001,"2018-08-25 23:34:52","2018-08-17 07:16:00",TRUE,515265.45137201,7994137.26516807
18001,"2018-08-26 00:34:52","2018-08-17 07:16:00",TRUE,515652.938173134,7994499.66591354
18001,"2018-08-26 01:34:52","2018-08-17 07:16:00",TRUE,515191.034214069,7994757.70022053
18001,"2018-08-26 02:34:52","2018-08-17 07:16:00",TRUE,514950.179533088,7995489.14064757
18001,"2018-08-26 03:34:52","2018-08-17 07:16:00",TRUE,515118.475509936,7994413.93743798
18001,"2018-08-26 04:34:52","2018-08-17 07:16:00",TRUE,516688.503264089,7992781.08448711
18001,"2018-08-26 05:34:52","2018-08-17 07:16:00",TRUE,517306.230369849,7992668.14918224
18001,"2018-08-26 06:34:52","2018-08-17 07:16:00",TRUE,517038.261052146,7998977.78411732
18001,"2018-08-26 07:34:52","2018-08-17 07:16:00",TRUE,517065.322211204,8003812.16127492
18001,"2018-08-26 08:34:52","2018-08-17 07:16:00",TRUE,517125.570713255,8004108.48571127
18001,"2018-08-26 09:34:52","2018-08-17 07:16:00",TRUE,514093.81744069,8000553.78167382
18001,"2018-08-26 10:34:52","2018-08-17 07:16:00",TRUE,515414.847430666,7996277.7837813
18001,"2018-08-26 11:34:52","2018-08-17 07:16:00",TRUE,511067.52575592,7995908.93677093
18001,"2018-08-26 12:34:52","2018-08-17 07:16:00",TRUE,513056.442830505,7994377.46195679
18001,"2018-08-26 13:34:52","2018-08-17 07:16:00",TRUE,514780.474838345,7995170.48286263
18001,"2018-08-26 14:34:52","2018-08-17 07:16:00",TRUE,514034.303608545,7993728.16013856
18001,"2018-08-26 15:34:52","2018-08-17 07:16:00",TRUE,509467.620034037,7991913.70781341
18001,"2018-08-26 16:34:52","2018-08-17 07:16:00",TRUE,505410.908801732,7995115.70846482
18001,"2018-08-26 17:34:52","2018-08-17 07:16:00",TRUE,501538.789188077,7995976.45590908
18001,"2018-08-26 18:34:52","2018-08-17 07:16:00",TRUE,503991.58039425,7997305.82394362
18001,"2018-08-26 19:34:52","2018-08-17 07:16:00",TRUE,507358.910029216,7998278.60633522
18001,"2018-08-26 20:34:52","2018-08-17 07:16:00",TRUE,510546.432693357,7995921.81499089
18001,"2018-08-26 21:34:52","2018-08-17 07:16:00",TRUE,514035.893132516,7994802.35490827
18001,"2018-08-26 22:34:52","2018-08-17 07:16:00",TRUE,516019.924054053,7994151.98378977
18001,"2018-08-26 23:34:52","2018-08-17 07:16:00",TRUE,518619.849948891,7992666.91523653
18001,"2018-08-27 00:34:52","2018-08-17 07:16:00",TRUE,515335.43788881,7993695.67993004
18001,"2018-08-27 01:34:52","2018-08-17 07:16:00",TRUE,513004.419658303,7994342.5037897
18001,"2018-08-27 02:34:52","2018-08-17 07:16:00",TRUE,512612.545783765,7992891.49651503
18001,"2018-08-27 03:34:52","2018-08-17 07:16:00",TRUE,516099.098560895,7992380.15743604
18001,"2018-08-27 04:34:52","2018-08-17 07:16:00",TRUE,516613.146818333,7991724.04817803
18001,"2018-08-27 05:34:52","2018-08-17 07:16:00",TRUE,511683.10848542,7989672.66374057
18001,"2018-08-27 06:34:52","2018-08-17 07:16:00",TRUE,507999.326569238,7989590.00455161
18001,"2018-08-27 07:34:52","2018-08-17 07:16:00",TRUE,506651.588707789,7983999.08119134
18001,"2018-08-27 09:56:02","2018-08-17 07:16:00",TRUE,508952.6238673,7989731.30945124
18001,"2018-08-27 10:56:02","2018-08-17 07:16:00",TRUE,512927.5832695,7993330.39613424
18001,"2018-08-27 11:56:02","2018-08-17 07:16:00",TRUE,515520.122000332,7994276.19224793
18001,"2018-08-27 12:56:02","2018-08-17 07:16:00",TRUE,512504.742527722,7994482.2486099
18001,"2018-08-27 13:56:02","2018-08-17 07:16:00",TRUE,511637.84189715,7994928.52249642
18001,"2018-08-27 14:56:02","2018-08-17 07:16:00",TRUE,509073.330111644,7993784.45170766
18001,"2018-08-27 15:56:02","2018-08-17 07:16:00",TRUE,509260.764477999,7995808.22819881
18001,"2018-08-27 16:56:02","2018-08-17 07:16:00",TRUE,511989.498774035,7995280.6701182
18001,"2018-08-27 17:56:02","2018-08-17 07:16:00",TRUE,515981.956702419,7995506.91497346
18001,"2018-08-27 18:56:02","2018-08-17 07:16:00",TRUE,517476.926913655,7996047.37856331
18001,"2018-08-27 19:56:02","2018-08-17 07:16:00",TRUE,515866.180547189,7995013.0946458
18001,"2018-08-27 20:56:02","2018-08-17 07:16:00",TRUE,515375.822968281,7994212.78671854
18001,"2018-08-27 21:56:02","2018-08-17 07:16:00",TRUE,514863.424204452,7994774.54956196
18001,"2018-08-27 22:56:02","2018-08-17 07:16:00",TRUE,514105.475136444,7993814.31756054
18001,"2018-08-27 23:56:02","2018-08-17 07:16:00",TRUE,516840.504624913,7994613.81401532
18001,"2018-08-28 00:56:02","2018-08-17 07:16:00",TRUE,517598.526245908,7996311.70003203
18001,"2018-08-28 01:56:02","2018-08-17 07:16:00",TRUE,516716.124613669,7993534.87049664
18001,"2018-08-28 02:56:02","2018-08-17 07:16:00",TRUE,516953.994629941,7993541.48719594
18001,"2018-08-28 03:56:02","2018-08-17 07:16:00",TRUE,517418.787074961,7996294.90711892
18002,"2018-08-18 19:28:15","2018-08-17 13:48:00",FALSE,493027.790045052,8021411.45993225
18002,"2018-08-18 20:28:15","2018-08-17 13:48:00",FALSE,489762.558565242,8018019.7878495
18002,"2018-08-18 21:28:15","2018-08-17 13:48:00",FALSE,487621.934752971,8015980.82179243
18002,"2018-08-18 22:28:15","2018-08-17 13:48:00",FALSE,488943.252943502,8016796.38531011
18002,"2018-08-18 23:28:15","2018-08-17 13:48:00",FALSE,491834.469033889,8018096.33245111
18002,"2018-08-19 04:28:15","2018-08-17 13:48:00",FALSE,491727.91868982,8018837.98186025
18002,"2018-08-19 05:28:15","2018-08-17 13:48:00",FALSE,493064.671671758,8019498.23712439
18002,"2018-08-19 06:28:15","2018-08-17 13:48:00",FALSE,492200.152637752,8018446.21968965
18002,"2018-08-19 07:28:15","2018-08-17 13:48:00",FALSE,489286.943816933,8017264.25090241
18002,"2018-08-19 08:28:15","2018-08-17 13:48:00",FALSE,488199.31793441,8016350.81712144
18002,"2018-08-19 09:28:15","2018-08-17 13:48:00",FALSE,489811.686396781,8017776.60823296
18002,"2018-08-19 10:28:15","2018-08-17 13:48:00",FALSE,490290.289339318,8017954.0098933
18002,"2018-08-19 11:28:15","2018-08-17 13:48:00",FALSE,492044.718014377,8020821.1363245
18002,"2018-08-19 12:28:15","2018-08-17 13:48:00",FALSE,495012.341379779,8024520.76237812
18002,"2018-08-19 13:28:15","2018-08-17 13:48:00",FALSE,497062.404339119,8030202.90047433
18002,"2018-08-19 14:28:15","2018-08-17 13:48:00",FALSE,500103.916364048,8035894.09238244
18002,"2018-08-19 15:28:15","2018-08-17 13:48:00",FALSE,503771.362451711,8040994.33612369
18002,"2018-08-19 16:28:15","2018-08-17 13:48:00",FALSE,507092.074699961,8045434.82064872
18002,"2018-08-19 17:28:15","2018-08-17 13:48:00",FALSE,512421.96879319,8050220.60547226
18002,"2018-08-19 18:28:15","2018-08-17 13:48:00",FALSE,518135.848556768,8049912.61505512
18002,"2018-08-19 19:28:15","2018-08-17 13:48:00",FALSE,517196.227039335,8046635.1281966
18002,"2018-08-19 20:28:15","2018-08-17 13:48:00",FALSE,518686.149937855,8043074.98005962
18002,"2018-08-19 21:28:15","2018-08-17 13:48:00",FALSE,518185.772917904,8040517.21886053
18002,"2018-08-19 22:28:15","2018-08-17 13:48:00",FALSE,516922.004013708,8037104.8629577
18002,"2018-08-19 23:28:15","2018-08-17 13:48:00",FALSE,519528.848722559,8035151.47298193
18002,"2018-08-20 00:28:15","2018-08-17 13:48:00",FALSE,519439.985646108,8032153.49466451
18002,"2018-08-20 01:28:15","2018-08-17 13:48:00",FALSE,517964.314989307,8032011.98099449
18002,"2018-08-20 02:28:15","2018-08-17 13:48:00",FALSE,516493.80002095,8035256.65633107
18002,"2018-08-20 23:08:24","2018-08-17 13:48:00",FALSE,517842.296015454,8031826.99521257
18002,"2018-08-21 00:08:24","2018-08-17 13:48:00",FALSE,520808.030273562,8032284.61555945
18002,"2018-08-21 01:08:24","2018-08-17 13:48:00",FALSE,520638.762839785,8034067.6595564
18002,"2018-08-21 02:08:24","2018-08-17 13:48:00",FALSE,519530.2787753,8036139.93877142
18002,"2018-08-21 03:08:24","2018-08-17 13:48:00",FALSE,518779.232311243,8036599.21282297
18002,"2018-08-21 12:22:03","2018-08-17 13:48:00",FALSE,520992.075032259,8059924.36462966
18002,"2018-08-21 13:22:03","2018-08-17 13:48:00",FALSE,521109.048218281,8061309.05051526
18002,"2018-08-21 14:22:03","2018-08-17 13:48:00",FALSE,521769.78918379,8063973.72681725
18002,"2018-08-21 15:22:03","2018-08-17 13:48:00",FALSE,521983.995350252,8065268.62027994
18002,"2018-08-21 16:22:03","2018-08-17 13:48:00",FALSE,524259.786726264,8067797.52092685
18002,"2018-08-21 23:48:33","2018-08-17 13:48:00",FALSE,538216.57677096,8060296.00332813
18002,"2018-08-22 00:48:33","2018-08-17 13:48:00",FALSE,534841.794100821,8056174.70058972
18002,"2018-08-22 01:48:33","2018-08-17 13:48:00",FALSE,530341.451124933,8051367.01409557
18002,"2018-08-22 02:48:33","2018-08-17 13:48:00",FALSE,528958.327084289,8046484.58323814
18002,"2018-08-22 03:48:33","2018-08-17 13:48:00",FALSE,530528.686894766,8041357.49730334
18002,"2018-08-23 08:28:28","2018-08-17 13:48:00",FALSE,506557.170569105,8018764.84301373
18002,"2018-08-23 09:28:28","2018-08-17 13:48:00",FALSE,509247.021708876,8023044.13617222
18002,"2018-08-23 10:28:28","2018-08-17 13:48:00",FALSE,511052.003912808,8024097.19077586
18002,"2018-08-23 11:28:28","2018-08-17 13:48:00",FALSE,510668.709156126,8024105.26119573
18002,"2018-08-23 12:28:28","2018-08-17 13:48:00",FALSE,509481.591146124,8022959.34916723
18002,"2018-08-23 13:28:28","2018-08-17 13:48:00",FALSE,508014.703430511,8021231.89860933
18002,"2018-08-23 14:28:28","2018-08-17 13:48:00",FALSE,507611.689090642,8018851.84084044
18002,"2018-08-23 15:28:28","2018-08-17 13:48:00",FALSE,507017.168044639,8015319.1993726
18002,"2018-08-23 16:28:28","2018-08-17 13:48:00",FALSE,507267.482802294,8015396.05957528
18002,"2018-08-23 17:28:28","2018-08-17 13:48:00",FALSE,507501.189976663,8010888.06476594
18002,"2018-08-23 18:28:28","2018-08-17 13:48:00",FALSE,509280.964468471,8005966.52123378
18002,"2018-08-23 19:28:28","2018-08-17 13:48:00",FALSE,508020.160607982,8006549.55381637
18002,"2018-08-23 20:28:28","2018-08-17 13:48:00",FALSE,507568.033819008,8007393.18919343
18002,"2018-08-23 21:28:28","2018-08-17 13:48:00",FALSE,512879.858946749,8002754.45122112
18002,"2018-08-23 22:28:28","2018-08-17 13:48:00",FALSE,516268.380013088,7997673.01138846
18002,"2018-08-23 23:28:28","2018-08-17 13:48:00",FALSE,511703.73539608,7995153.58256398
18002,"2018-08-24 23:33:48","2018-08-17 13:48:00",FALSE,513270.570797013,7994943.91097444
18002,"2018-08-25 00:33:48","2018-08-17 13:48:00",FALSE,515403.862665668,7992710.04665442
18002,"2018-08-25 01:33:48","2018-08-17 13:48:00",FALSE,515158.409609917,7993779.78427563
18002,"2018-08-25 02:33:48","2018-08-17 13:48:00",FALSE,512379.314545374,7995375.33596097
18002,"2018-08-25 03:33:48","2018-08-17 13:48:00",FALSE,513186.188216278,7992195.05583932
18002,"2018-08-25 05:33:48","2018-08-17 13:48:00",FALSE,518724.715922928,7993001.86153809
18002,"2018-08-25 06:33:48","2018-08-17 13:48:00",FALSE,517682.761083482,7995103.92598523
18002,"2018-08-25 07:33:48","2018-08-17 13:48:00",FALSE,515560.094475427,7994798.87665337
18002,"2018-08-25 08:33:48","2018-08-17 13:48:00",FALSE,515478.289172793,7992802.84660277
18002,"2018-08-25 09:33:48","2018-08-17 13:48:00",FALSE,513482.487596719,7994069.97675993
18002,"2018-08-25 13:18:17","2018-08-17 13:48:00",FALSE,515305.003856438,7994859.22613878
18002,"2018-08-25 14:18:17","2018-08-17 13:48:00",FALSE,511772.125473418,7994914.87866132
18002,"2018-08-25 15:18:17","2018-08-17 13:48:00",FALSE,511819.787505248,7995151.98827195
18002,"2018-08-25 16:18:17","2018-08-17 13:48:00",FALSE,512760.816766995,7994337.35678158
18002,"2018-08-25 17:18:17","2018-08-17 13:48:00",FALSE,514244.745000298,7994128.19301886
18002,"2018-08-25 18:18:17","2018-08-17 13:48:00",FALSE,516591.386736153,7994910.08444777
18002,"2018-08-25 19:18:17","2018-08-17 13:48:00",FALSE,514789.700293961,7995223.73841563
18002,"2018-08-25 20:18:17","2018-08-17 13:48:00",FALSE,515846.017658859,7994340.15495532
18002,"2018-08-26 00:34:36","2018-08-17 13:48:00",FALSE,512766.18672878,7995125.41147369
18002,"2018-08-26 01:34:36","2018-08-17 13:48:00",FALSE,514936.858104037,7994170.16687563
18002,"2018-08-26 02:34:36","2018-08-17 13:48:00",FALSE,515288.437625234,7995464.77385675
18002,"2018-08-26 03:34:36","2018-08-17 13:48:00",FALSE,514101.421412882,7996086.74549155
18002,"2018-08-26 04:34:36","2018-08-17 13:48:00",FALSE,518009.665212162,7994443.66440109
18002,"2018-08-26 05:34:36","2018-08-17 13:48:00",FALSE,516984.768428176,7996267.60695393
18002,"2018-08-26 06:34:36","2018-08-17 13:48:00",FALSE,517390.355801733,8000475.32621935
18002,"2018-08-26 07:34:36","2018-08-17 13:48:00",FALSE,516791.238919113,8004345.81348897
18002,"2018-08-26 08:34:36","2018-08-17 13:48:00",FALSE,516520.828575795,8004896.34552181
18002,"2018-08-26 09:34:36","2018-08-17 13:48:00",FALSE,513704.634563159,8000574.00868504
18002,"2018-08-26 10:34:36","2018-08-17 13:48:00",FALSE,515621.757840899,7996547.6068549
18002,"2018-08-26 11:34:36","2018-08-17 13:48:00",FALSE,510983.815266142,7996626.86524654
18002,"2018-08-26 12:34:36","2018-08-17 13:48:00",FALSE,513635.726754738,7993222.94824146
18002,"2018-08-26 13:34:36","2018-08-17 13:48:00",FALSE,516758.390214831,7994642.6176352
18002,"2018-08-26 14:34:36","2018-08-17 13:48:00",FALSE,514144.545912469,7994765.59426183
18002,"2018-08-26 15:34:36","2018-08-17 13:48:00",FALSE,509472.270070907,7991807.82812396
18002,"2018-08-26 16:34:36","2018-08-17 13:48:00",FALSE,505148.664386799,7995001.48861425
18002,"2018-08-26 17:34:36","2018-08-17 13:48:00",FALSE,503053.351367832,7995474.36339479
18002,"2018-08-26 18:34:36","2018-08-17 13:48:00",FALSE,504521.228815782,7998304.03616589
18002,"2018-08-27 07:11:38","2018-08-17 13:48:00",FALSE,506994.749844521,7986064.49539391
18002,"2018-08-27 08:11:38","2018-08-17 13:48:00",FALSE,507373.093703029,7981539.15021551
18002,"2018-08-27 09:11:38","2018-08-17 13:48:00",FALSE,508665.777262749,7985536.56559014
18002,"2018-08-27 10:11:38","2018-08-17 13:48:00",FALSE,510079.872824055,7990867.84284875
18002,"2018-08-27 11:11:38","2018-08-17 13:48:00",FALSE,513621.525270587,7994101.11221693
18002,"2018-08-27 12:11:38","2018-08-17 13:48:00",FALSE,515186.479409443,7994089.66116544
18002,"2018-08-27 13:11:38","2018-08-17 13:48:00",FALSE,511625.665628129,7995393.25807052
18002,"2018-08-27 14:11:38","2018-08-17 13:48:00",FALSE,509931.720213061,7994241.99926609
18002,"2018-08-27 15:11:38","2018-08-17 13:48:00",FALSE,507914.009815826,7995845.20224401
18002,"2018-08-27 16:11:38","2018-08-17 13:48:00",FALSE,509639.174421655,7996394.38785148
18002,"2018-08-27 17:11:38","2018-08-17 13:48:00",FALSE,513305.137600161,7995670.28487896
18002,"2018-08-27 18:11:38","2018-08-17 13:48:00",FALSE,516505.949448092,7995197.92800089
18002,"2018-08-27 19:11:38","2018-08-17 13:48:00",FALSE,517239.710154191,7994834.53482622
18002,"2018-08-27 20:11:38","2018-08-17 13:48:00",FALSE,514264.271167719,7994810.09212465
18002,"2018-08-27 21:11:38","2018-08-17 13:48:00",FALSE,515414.783549153,7993624.92469596
18002,"2018-08-27 22:11:38","2018-08-17 13:48:00",FALSE,513432.681371452,7994580.43604385
18002,"2018-08-28 01:09:54","2018-08-17 13:48:00",FALSE,516852.03884127,7996323.94539323
18002,"2018-08-28 02:09:54","2018-08-17 13:48:00",FALSE,515834.017333046,7992924.65567363
18002,"2018-08-28 03:09:54","2018-08-17 13:48:00",FALSE,517855.510823603,7994127.08574575
18002,"2018-08-28 04:09:54","2018-08-17 13:48:00",FALSE,517506.03239994,7995809.3066172
18002,"2018-08-28 05:09:54","2018-08-17 13:48:00",FALSE,511771.831456611,7996972.71323961
18002,"2018-08-28 06:09:54","2018-08-17 13:48:00",FALSE,507763.409162975,7997087.11864402
18002,"2018-08-28 12:47:15","2018-08-17 13:48:00",FALSE,502938.624719798,7997109.60436328
18002,"2018-08-28 13:47:15","2018-08-17 13:48:00",FALSE,502334.650008796,7996548.33187599
18002,"2018-08-28 14:47:15","2018-08-17 13:48:00",FALSE,503038.719363061,7994764.69259764
18002,"2018-08-28 15:47:15","2018-08-17 13:48:00",FALSE,506412.80136977,7993298.08054461
18002,"2018-08-28 16:47:15","2018-08-17 13:48:00",FALSE,508146.780863148,7989182.62379984
18002,"2018-08-28 23:14:35","2018-08-17 13:48:00",FALSE,515489.575333597,7995056.33416786
18002,"2018-08-29 00:14:35","2018-08-17 13:48:00",FALSE,512865.538696313,7993595.62979437
18002,"2018-08-29 01:14:35","2018-08-17 13:48:00",FALSE,515388.210816999,7994098.67681205
18002,"2018-08-29 02:14:35","2018-08-17 13:48:00",FALSE,514865.025780906,7991693.12711848
18002,"2018-08-29 03:14:35","2018-08-17 13:48:00",FALSE,511256.754938728,7994064.39272027
18002,"2018-08-29 04:14:35","2018-08-17 13:48:00",FALSE,511608.876425619,7993105.07620522
18002,"2018-08-29 05:14:35","2018-08-17 13:48:00",FALSE,513688.703970859,7991202.69016748
18002,"2018-08-29 14:52:19","2018-08-17 13:48:00",FALSE,514645.814759858,7989430.05315818
18002,"2018-08-29 15:52:19","2018-08-17 13:48:00",FALSE,518447.368491326,7992986.83036353
18002,"2018-08-29 16:52:19","2018-08-17 13:48:00",FALSE,516399.616358997,7994345.56855944
18002,"2018-08-29 17:52:19","2018-08-17 13:48:00",FALSE,514855.55921344,7993851.94600154
18002,"2018-08-29 18:52:19","2018-08-17 13:48:00",FALSE,515938.37961099,7993054.52661892
18002,"2018-08-29 19:52:19","2018-08-17 13:48:00",FALSE,512804.750352139,7992612.99318053
18002,"2018-08-29 23:23:39","2018-08-17 13:48:00",FALSE,515096.159698557,7993377.76287682
18002,"2018-08-30 00:23:39","2018-08-17 13:48:00",FALSE,511285.093674341,7994528.93342961
18002,"2018-08-30 01:23:39","2018-08-17 13:48:00",FALSE,512630.183034106,7993466.38940028
18002,"2018-08-30 02:23:39","2018-08-17 13:48:00",FALSE,514578.941462935,7993210.30670245
18002,"2018-08-30 03:23:39","2018-08-17 13:48:00",FALSE,513936.233900006,7992772.60885307
18002,"2018-08-30 04:23:39","2018-08-17 13:48:00",FALSE,509802.71627664,7994320.610195
18002,"2018-08-30 12:31:40","2018-08-17 13:48:00",FALSE,511298.603550163,7994916.04573953
18002,"2018-08-30 13:31:40","2018-08-17 13:48:00",FALSE,514676.542218645,7994599.51781596
18002,"2018-08-30 14:31:40","2018-08-17 13:48:00",FALSE,516328.500407311,7994677.82236249
18002,"2018-08-30 15:31:40","2018-08-17 13:48:00",FALSE,516078.567560039,7992675.71138292
18002,"2018-08-30 16:31:40","2018-08-17 13:48:00",FALSE,515261.346243899,7994689.87111322
18002,"2018-08-31 00:02:33","2018-08-17 13:48:00",FALSE,507045.329608927,7993048.8298508
18002,"2018-08-31 01:02:33","2018-08-17 13:48:00",FALSE,510274.040423209,7995617.57471752
18002,"2018-08-31 02:02:33","2018-08-17 13:48:00",FALSE,509993.726844632,7995472.731639
18002,"2018-08-31 03:02:33","2018-08-17 13:48:00",FALSE,509562.768508997,7995856.03460426
18002,"2018-08-31 04:02:33","2018-08-17 13:48:00",FALSE,509173.653164515,7996994.2550596
18002,"2018-08-31 05:02:33","2018-08-17 13:48:00",FALSE,507310.285380991,7998021.25541878
18002,"2018-08-31 06:02:33","2018-08-17 13:48:00",FALSE,503474.602639966,7997201.02155296
18002,"2018-08-31 07:02:33","2018-08-17 13:48:00",FALSE,499360.849715821,7994504.43834078
18002,"2018-08-31 08:02:33","2018-08-17 13:48:00",FALSE,499895.811226312,7993969.69565128
18002,"2018-08-31 09:02:33","2018-08-17 13:48:00",FALSE,504021.064201808,7994491.53428503
18002,"2018-08-31 10:02:33","2018-08-17 13:48:00",FALSE,500530.78171588,7994520.71994257
18002,"2018-08-31 11:02:33","2018-08-17 13:48:00",FALSE,498566.589880425,7994626.08977996
18002,"2018-08-31 12:02:33","2018-08-17 13:48:00",FALSE,501728.458491874,7996187.52744366
18002,"2018-08-31 13:02:33","2018-08-17 13:48:00",FALSE,500052.933001723,7995229.30766853
18002,"2018-08-31 14:02:33","2018-08-17 13:48:00",FALSE,498414.54093416,7994269.93700503
18002,"2018-08-31 15:02:33","2018-08-17 13:48:00",FALSE,501016.733841345,7994390.03844488
18002,"2018-08-31 16:02:33","2018-08-17 13:48:00",FALSE,505366.834128689,7995004.27078256
18002,"2018-08-31 17:02:33","2018-08-17 13:48:00",FALSE,511135.161552087,7993752.09329059
18002,"2018-08-31 18:02:33","2018-08-17 13:48:00",FALSE,515450.4579739,7993868.14534605
18002,"2018-09-01 08:00:37","2018-08-17 13:48:00",FALSE,514395.249556866,7989467.47220674
18002,"2018-09-01 09:00:37","2018-08-17 13:48:00",FALSE,511951.12830499,7990240.46810153
18002,"2018-09-01 10:00:37","2018-08-17 13:48:00",FALSE,507581.316138652,7993147.83341537
18002,"2018-09-01 11:00:37","2018-08-17 13:48:00",FALSE,501050.247118096,7995274.48472792
18002,"2018-09-01 12:00:37","2018-08-17 13:48:00",FALSE,497498.113461667,7994536.58135975
18002,"2018-09-01 13:00:37","2018-08-17 13:48:00",FALSE,497405.767897013,7994467.78099198
18002,"2018-09-01 14:00:37","2018-08-17 13:48:00",FALSE,497351.279771897,7994275.12256129
18002,"2018-09-01 15:00:37","2018-08-17 13:48:00",FALSE,497717.01461014,7994332.57711285
18002,"2018-09-01 16:00:37","2018-08-17 13:48:00",FALSE,497307.443284234,7994344.35116554
18002,"2018-09-01 17:00:37","2018-08-17 13:48:00",FALSE,497092.755435994,7994722.81801196
18002,"2018-09-01 18:00:37","2018-08-17 13:48:00",FALSE,497718.133707762,7994045.53748551
18002,"2018-09-01 19:00:37","2018-08-17 13:48:00",FALSE,497698.602774165,7994417.36718514
18002,"2018-09-01 20:00:37","2018-08-17 13:48:00",FALSE,498319.242110137,7995164.01489936
18002,"2018-09-02 02:44:21","2018-08-17 13:48:00",FALSE,507498.960704155,7991718.60006972
18002,"2018-09-02 03:44:21","2018-08-17 13:48:00",FALSE,509659.502423472,7992141.94628644
18002,"2018-09-02 04:44:21","2018-08-17 13:48:00",FALSE,512583.319871574,7990681.30550089
18002,"2018-09-02 05:44:21","2018-08-17 13:48:00",FALSE,507590.640807489,7994329.00892606
18002,"2018-09-02 06:44:21","2018-08-17 13:48:00",FALSE,506037.4562174,7998267.72443968
18002,"2018-09-02 14:34:50","2018-08-17 13:48:00",FALSE,509184.839909641,7995496.19413848
18002,"2018-09-02 15:34:50","2018-08-17 13:48:00",FALSE,509937.024972111,7995994.02493772
18002,"2018-09-02 16:34:50","2018-08-17 13:48:00",FALSE,502212.089117055,7995758.8412251
18002,"2018-09-02 17:34:50","2018-08-17 13:48:00",FALSE,497634.980660819,7994165.202331
18002,"2018-09-02 18:34:50","2018-08-17 13:48:00",FALSE,501616.535296548,7993838.29624729
18002,"2018-09-02 19:34:50","2018-08-17 13:48:00",FALSE,501830.276749748,7993816.39397413
18002,"2018-09-02 20:34:50","2018-08-17 13:48:00",FALSE,501378.939958621,7993809.55144437
18002,"2018-09-04 05:56:51","2018-08-17 13:48:00",FALSE,508357.598120981,7989474.3799536
18002,"2018-09-04 06:56:51","2018-08-17 13:48:00",FALSE,511190.061132756,7989540.22033326
18002,"2018-09-04 07:56:51","2018-08-17 13:48:00",FALSE,513691.749550315,7990256.84363233
18002,"2018-09-04 08:56:51","2018-08-17 13:48:00",FALSE,516018.558333644,7991317.51113654
18002,"2018-09-04 09:56:51","2018-08-17 13:48:00",FALSE,515405.505293433,7992704.36327954
18002,"2018-09-04 10:56:51","2018-08-17 13:48:00",FALSE,512644.076130022,7991265.54592141
18002,"2018-09-04 11:56:51","2018-08-17 13:48:00",FALSE,509659.87522289,7989342.26163749
18002,"2018-09-04 12:56:51","2018-08-17 13:48:00",FALSE,511106.41029479,7988489.34741925
18002,"2018-09-06 06:24:41","2018-08-17 13:48:00",FALSE,509867.46108945,7996636.16049222
18002,"2018-09-06 07:24:41","2018-08-17 13:48:00",FALSE,512305.172370029,7995830.00782068
18002,"2018-09-06 08:24:41","2018-08-17 13:48:00",FALSE,511411.983405994,7996442.45466213
18002,"2018-09-06 09:24:41","2018-08-17 13:48:00",FALSE,510097.705330316,7999542.8396339
18002,"2018-09-06 10:24:41","2018-08-17 13:48:00",FALSE,508193.522608749,7999592.79110957
18002,"2018-09-06 11:24:41","2018-08-17 13:48:00",FALSE,509573.632620485,7997270.17616087
18002,"2018-09-06 12:24:41","2018-08-17 13:48:00",FALSE,510591.909742281,7994581.98473371
18002,"2018-09-06 13:24:41","2018-08-17 13:48:00",FALSE,511666.946563982,7993486.71054818
18002,"2018-09-06 22:57:32","2018-08-17 13:48:00",FALSE,501646.862038416,7993743.84254967
18002,"2018-09-06 23:57:32","2018-08-17 13:48:00",FALSE,498201.24579842,7994908.3496653
18002,"2018-09-07 00:57:32","2018-08-17 13:48:00",FALSE,500803.13139863,7994814.36183897
18002,"2018-09-07 01:57:32","2018-08-17 13:48:00",FALSE,502693.140552793,7993585.9988678
18002,"2018-09-07 02:57:32","2018-08-17 13:48:00",FALSE,505835.532859905,7994591.51373063
18002,"2018-09-07 03:57:32","2018-08-17 13:48:00",FALSE,509833.622385112,7993494.41751746
18002,"2018-09-07 04:57:32","2018-08-17 13:48:00",FALSE,512148.81961584,7994669.59094599
18002,"2018-09-07 05:57:32","2018-08-17 13:48:00",FALSE,511248.088097799,7995962.23894569
18002,"2018-09-07 06:57:32","2018-08-17 13:48:00",FALSE,510805.615112595,7992982.8824544
18002,"2018-09-07 07:57:32","2018-08-17 13:48:00",FALSE,513916.303730565,7991427.0616089
18002,"2018-09-07 08:57:32","2018-08-17 13:48:00",FALSE,511286.381446592,7995722.29170726
18002,"2018-09-07 09:57:32","2018-08-17 13:48:00",FALSE,509129.106257407,7996379.4559995
18002,"2018-09-07 10:57:32","2018-08-17 13:48:00",FALSE,503630.051651544,7997942.71660016
18002,"2018-09-08 12:25:46","2018-08-17 13:48:00",FALSE,512389.6792703,7992580.29019805
18002,"2018-09-08 13:25:46","2018-08-17 13:48:00",FALSE,512144.211347836,7993016.23048788
18002,"2018-09-08 14:25:46","2018-08-17 13:48:00",FALSE,509701.194555987,7990377.41381423
18002,"2018-09-08 15:25:46","2018-08-17 13:48:00",FALSE,506970.761675509,7986599.54872989
18002,"2018-09-08 17:25:46","2018-08-17 13:48:00",FALSE,505618.018253962,7981417.994349
18002,"2018-09-08 18:25:46","2018-08-17 13:48:00",FALSE,505843.158452285,7980966.4778693
18002,"2018-09-08 19:25:46","2018-08-17 13:48:00",FALSE,505907.428301291,7982794.10279521
18002,"2018-09-08 20:25:46","2018-08-17 13:48:00",FALSE,505908.539288856,7981455.88335615
18002,"2018-09-08 21:25:46","2018-08-17 13:48:00",FALSE,505211.154391382,7980625.38488477
18002,"2018-09-09 05:21:23","2018-08-17 13:48:00",FALSE,519300.5691426,7996338.52222677
18002,"2018-09-09 06:21:23","2018-08-17 13:48:00",FALSE,514327.780413814,7996209.04384976
18002,"2018-09-09 07:21:23","2018-08-17 13:48:00",FALSE,516667.370841723,7993387.7289349
18002,"2018-09-09 08:21:23","2018-08-17 13:48:00",FALSE,516244.487361166,7996695.35420979
18002,"2018-09-09 09:21:23","2018-08-17 13:48:00",FALSE,513635.405820435,8002152.76835066
18002,"2018-09-09 10:21:23","2018-08-17 13:48:00",FALSE,509532.557649139,8005320.33637124
18002,"2018-09-09 13:15:26","2018-08-17 13:48:00",FALSE,506739.094717427,8017313.58941655
18002,"2018-09-09 14:15:26","2018-08-17 13:48:00",FALSE,506726.806253882,8018376.12342745
18002,"2018-09-09 15:15:26","2018-08-17 13:48:00",FALSE,506628.803079427,8019032.35514334
18002,"2018-09-09 16:15:26","2018-08-17 13:48:00",FALSE,506106.96101706,8016999.15248707
18002,"2018-09-09 17:15:26","2018-08-17 13:48:00",FALSE,505692.747086789,8015693.71832813
18002,"2018-09-09 18:15:26","2018-08-17 13:48:00",FALSE,506760.003120514,8014779.83143799
18002,"2018-09-10 10:41:03","2018-08-17 13:48:00",FALSE,506613.381972161,8018874.80884351
18002,"2018-09-10 11:41:03","2018-08-17 13:48:00",FALSE,506935.28528638,8019460.30878543
18002,"2018-09-10 12:41:03","2018-08-17 13:48:00",FALSE,507600.209551542,8020732.7666176
18002,"2018-09-10 13:41:03","2018-08-17 13:48:00",FALSE,507188.162814189,8019984.01115115
18002,"2018-09-10 14:41:03","2018-08-17 13:48:00",FALSE,507793.39041858,8016490.0476982
18002,"2018-09-10 17:53:56","2018-08-17 13:48:00",FALSE,506346.892868128,8010435.25065321
18002,"2018-09-10 18:53:56","2018-08-17 13:48:00",FALSE,504976.361167751,8010812.79557839
18002,"2018-09-10 19:53:56","2018-08-17 13:48:00",FALSE,503351.86239616,8010896.9850786
18002,"2018-09-10 20:53:56","2018-08-17 13:48:00",FALSE,503157.704811774,8010933.98152879
18002,"2018-09-10 21:53:56","2018-08-17 13:48:00",FALSE,503995.971744088,8010929.89256382
18002,"2018-09-10 22:53:56","2018-08-17 13:48:00",FALSE,503156.503546991,8011119.32328527
18002,"2018-09-11 10:47:03","2018-08-17 13:48:00",FALSE,509220.659045168,8008839.22071048
18002,"2018-09-11 11:47:03","2018-08-17 13:48:00",FALSE,504006.245985493,8010761.27090554
18002,"2018-09-11 12:47:03","2018-08-17 13:48:00",FALSE,502608.65094376,8010638.84640171
18002,"2018-09-11 13:47:03","2018-08-17 13:48:00",FALSE,502320.159975388,8010854.70270356
18002,"2018-09-11 14:47:03","2018-08-17 13:48:00",FALSE,502164.047060838,8010953.97776125
18002,"2018-09-11 15:47:03","2018-08-17 13:48:00",FALSE,503964.616559139,8011026.36368046
18002,"2018-09-12 20:39:29","2018-08-17 13:48:00",FALSE,503851.037734425,8010855.41290632
18002,"2018-09-12 21:39:29","2018-08-17 13:48:00",FALSE,504027.730335008,8010872.17931333
18002,"2018-09-12 22:39:29","2018-08-17 13:48:00",FALSE,506141.960355104,8011603.19677708
18002,"2018-09-12 23:39:29","2018-08-17 13:48:00",FALSE,507712.257682661,8008394.56100882
18002,"2018-09-13 00:39:29","2018-08-17 13:48:00",FALSE,506215.189492045,8010396.08053962
18002,"2018-09-15 19:11:07","2018-08-17 13:48:00",FALSE,513394.772222752,8027255.00308794
18002,"2018-09-15 20:11:07","2018-08-17 13:48:00",FALSE,514094.724489143,8029967.22981974
18002,"2018-09-15 21:11:07","2018-08-17 13:48:00",FALSE,513658.600758339,8028142.80568543
18002,"2018-09-15 22:11:07","2018-08-17 13:48:00",FALSE,511248.431057036,8026791.53610284
18002,"2018-09-15 23:11:07","2018-08-17 13:48:00",FALSE,509380.235919924,8023478.4008342
18002,"2018-09-16 00:11:07","2018-08-17 13:48:00",FALSE,507908.51935065,8021405.8390146
18002,"2018-09-16 01:11:07","2018-08-17 13:48:00",FALSE,510041.005991462,8024649.72207965
18002,"2018-09-16 02:11:07","2018-08-17 13:48:00",FALSE,510740.805242806,8021503.3824943
18002,"2018-09-16 05:40:16","2018-08-17 13:48:00",FALSE,516987.5045615,8017792.56590356
18002,"2018-09-16 06:40:16","2018-08-17 13:48:00",FALSE,515435.794018747,8020922.24353517
18002,"2018-09-16 07:40:16","2018-08-17 13:48:00",FALSE,512539.468682286,8024010.97125966
18002,"2018-09-16 08:40:16","2018-08-17 13:48:00",FALSE,512279.837617236,8027876.28972393
18002,"2018-09-16 09:40:16","2018-08-17 13:48:00",FALSE,513243.090784538,8029355.77903116
